age,annual_income,employment_years,credit_history_years,loan_amount,loan_term_months,interest_rate,monthly_debt,debt_to_income,credit_utilization,late_payments_12m,recent_credit_inquiries,existing_loans,savings_balance,home_ownership,loan_purpose,employment_type,region,defaulted
25,22839.2,12.0,1.0,14165.89,36,15.45,699.93,0.368,0.863,1,0,5,0.0,own,education,salaried,midwest,1
58,24063.38,13.2,29.5,12406.58,36,15.43,812.37,0.405,0.402,1,1,4,12536.15,mortgage,debt_consolidation,salaried,northeast,0
52,96966.24,9.4,32.6,69285.05,48,13.58,2517.74,0.312,0.515,3,1,5,51770.34,rent,debt_consolidation,salaried,north,1
42,73624.39,1.7,19.4,46057.93,60,16.06,767.75,0.125,0.405,1,1,1,25290.66,rent,home_improvement,salaried,north,0
41,29058.47,8.5,17.5,10813.53,36,10.85,1408.31,0.582,0.041,0,0,3,4776.59,mortgage,debt_consolidation,salaried,south,0
62,29652.3,9.9,32.1,21320.34,36,17.36,636.93,0.258,0.331,0,1,1,8800.92,rent,medical,salaried,midwest,0
25,21318.58,9.4,1.0,9603.64,24,13.63,442.25,0.249,0.251,1,0,4,0.0,mortgage,home_improvement,contract,north,1
54,18000.0,9.6,30.2,2500.0,36,12.47,274.97,0.183,0.697,1,0,3,7535.83,mortgage,home_improvement,salaried,southeast,0
30,32889.55,8.0,7.9,9334.33,24,11.16,1688.06,0.616,0.293,0,2,4,4154.67,mortgage,debt_consolidation,salaried,south,0
25,22717.76,6.2,2.2,11624.44,36,13.49,1115.03,0.589,0.253,1,1,4,3801.42,rent,home_improvement,salaried,south,1
46,33334.99,4.1,17.1,7293.47,36,22.36,746.41,0.269,0.285,1,0,0,3716.52,mortgage,debt_consolidation,contract,northeast,0
67,18000.0,0.0,40.0,8783.33,24,14.23,330.6,0.22,0.673,0,1,2,9702.67,rent,small_business,salaried,north,1
56,25083.63,7.9,34.8,8724.26,24,9.69,1076.3,0.515,0.938,0,3,1,3039.98,rent,medical,salaried,southeast,1
57,36769.48,7.2,36.5,16791.25,24,18.36,944.39,0.308,0.18,1,1,5,5697.05,mortgage,debt_consolidation,salaried,midwest,1
55,40287.96,8.7,34.5,4882.14,12,12.52,2023.15,0.603,0.318,2,1,3,7258.95,mortgage,education,self_employed,midwest,0
58,41164.78,1.1,40.0,26942.57,48,15.69,1943.86,0.567,0.782,0,2,0,13774.72,mortgage,medical,contract,northeast,0
45,19838.79,9.1,25.4,6904.16,24,11.96,810.26,0.49,0.912,1,0,2,10868.35,own,medical,salaried,northeast,1
27,49462.4,14.7,1.0,10303.01,12,19.88,529.9,0.129,0.355,2,0,3,3159.95,rent,education,salaried,northeast,0
61,24684.01,6.8,38.9,9772.08,60,12.02,944.47,0.459,0.621,0,0,1,230.0,rent,medical,salaried,southeast,0
42,45062.26,6.3,15.8,19209.67,24,20.37,2302.37,0.613,0.734,2,0,3,0.0,rent,home_improvement,salaried,southeast,1
45,34390.37,7.7,33.2,17936.77,48,10.09,806.96,0.282,0.283,1,2,4,8361.53,rent,small_business,contract,south,0
38,19378.46,14.6,12.4,8729.5,36,13.27,897.94,0.556,0.073,2,0,3,6618.18,rent,small_business,salaried,southeast,1
29,30248.35,2.4,6.7,4459.21,48,20.38,757.21,0.3,0.717,0,1,3,16114.72,mortgage,debt_consolidation,self_employed,northeast,1
65,40273.65,7.3,40.0,26945.2,36,15.21,2028.84,0.605,0.696,1,1,3,23349.35,mortgage,debt_consolidation,salaried,north,0
58,44687.34,3.3,34.2,18214.59,24,24.04,1612.24,0.433,0.54,0,0,1,3149.0,rent,home_improvement,salaried,southeast,0
51,32558.22,4.3,30.2,5486.13,48,13.37,358.44,0.132,0.834,0,0,3,20288.52,mortgage,debt_consolidation,self_employed,northeast,0
40,65732.39,6.3,26.6,39891.79,48,15.58,1855.21,0.339,0.287,1,0,0,25176.52,rent,home_improvement,self_employed,southeast,0
60,52741.32,11.9,32.8,28263.93,24,22.5,469.63,0.107,0.417,0,4,4,22319.66,rent,education,salaried,south,0
47,31014.35,13.7,22.9,16411.11,48,8.14,758.15,0.293,0.538,2,1,2,5739.32,mortgage,small_business,contract,southeast,1
42,47337.17,8.3,20.4,18412.07,36,7.62,2265.5,0.574,0.021,0,1,4,24717.67,own,small_business,salaried,southeast,0
42,77823.08,5.0,23.3,29464.84,60,11.16,1332.0,0.205,0.617,1,1,1,33595.99,mortgage,small_business,contract,north,0
31,78700.4,16.5,14.6,36036.39,48,17.92,3891.12,0.593,0.643,2,0,5,13118.95,rent,debt_consolidation,salaried,south,1
25,20624.6,4.8,1.0,3132.35,12,7.74,230.24,0.134,0.211,2,1,3,491.25,mortgage,debt_consolidation,salaried,southeast,0
47,23408.54,4.2,16.7,7217.87,48,17.01,856.36,0.439,0.584,2,2,5,7627.23,mortgage,debt_consolidation,self_employed,southeast,1
63,64451.35,0.0,39.1,47846.96,60,16.71,3230.46,0.601,0.297,0,2,1,11720.84,own,medical,salaried,midwest,1
24,22148.43,12.1,7.2,11897.72,48,22.96,799.64,0.433,0.734,0,2,3,180.03,rent,medical,salaried,south,1
62,19821.7,10.4,38.0,7610.12,12,18.89,934.04,0.565,0.132,3,5,4,11557.06,rent,small_business,self_employed,north,1
60,28163.96,16.2,37.2,7325.13,48,16.03,1443.77,0.615,0.644,1,2,4,1337.47,own,home_improvement,salaried,northeast,0
34,41212.43,0.9,7.1,24293.98,36,20.21,1465.09,0.427,0.358,0,3,1,4722.1,rent,medical,self_employed,south,1
51,33090.23,12.3,25.3,9397.06,24,16.76,1385.44,0.502,0.761,0,0,2,8405.11,own,debt_consolidation,salaried,south,0
28,26285.25,6.8,18.4,5843.03,48,12.57,213.07,0.097,0.458,1,3,1,12026.12,mortgage,debt_consolidation,salaried,midwest,0
57,26025.47,9.7,31.5,5656.49,36,9.69,673.95,0.311,0.549,1,1,3,1246.38,mortgage,small_business,salaried,midwest,0
54,25612.06,0.0,35.5,14840.54,48,12.11,502.99,0.236,0.489,0,2,2,9733.29,rent,small_business,salaried,southeast,0
38,23875.45,12.4,21.4,12533.91,36,14.33,1044.67,0.525,0.813,0,2,0,5446.64,own,medical,salaried,south,0
24,90064.9,9.6,1.8,14768.65,24,15.24,3346.6,0.446,0.331,2,2,1,8775.97,rent,education,salaried,southeast,0
67,39142.13,6.3,40.0,7533.96,60,5.53,1343.17,0.412,0.457,2,2,2,2114.01,rent,medical,self_employed,north,0
42,50133.2,9.1,26.4,26035.35,36,13.58,2435.81,0.583,0.686,0,2,3,12761.98,rent,education,salaried,midwest,1
63,28129.88,3.4,36.8,13496.8,36,14.62,300.03,0.128,0.819,2,0,5,7194.11,rent,medical,salaried,southeast,0
53,31949.07,4.2,26.6,17641.62,36,16.8,1584.34,0.595,0.307,1,1,5,0.0,mortgage,education,self_employed,south,1
58,25598.97,4.6,34.8,5943.17,12,21.33,286.74,0.134,0.259,3,2,4,8406.51,rent,small_business,salaried,south,0
57,18000.0,0.0,37.9,10399.51,36,15.28,401.08,0.267,0.5,1,1,5,6176.32,mortgage,small_business,contract,north,1
30,19365.26,9.9,11.4,13744.32,36,10.68,678.35,0.42,0.178,1,2,0,9884.65,mortgage,medical,salaried,south,1
38,18000.0,11.3,10.4,8975.91,60,6.86,396.6,0.264,0.085,0,0,5,7813.3,mortgage,debt_consolidation,contract,southeast,0
43,18000.0,3.7,26.8,4384.11,60,17.39,672.85,0.449,0.346,3,0,3,318.25,mortgage,small_business,contract,midwest,1
44,20909.3,7.9,16.2,11460.65,48,10.85,869.0,0.499,0.683,0,1,2,5275.19,rent,home_improvement,salaried,southeast,1
23,60263.47,5.4,1.0,20257.05,24,18.14,2648.55,0.527,0.135,1,1,2,0.0,own,small_business,salaried,northeast,1
47,33905.65,7.8,24.4,5121.49,48,20.37,499.67,0.177,0.367,0,3,2,12418.39,rent,small_business,salaried,northeast,0
28,59399.24,4.0,12.7,18441.88,12,8.01,882.68,0.178,0.291,4,0,4,9731.36,mortgage,home_improvement,salaried,midwest,0
56,41052.73,3.0,33.7,28347.68,48,16.83,370.33,0.108,0.773,0,2,2,21166.6,own,education,salaried,northeast,0
53,47986.49,10.7,27.2,18187.73,36,19.93,1379.85,0.345,0.416,0,3,0,16893.51,mortgage,small_business,salaried,southeast,0
65,23661.94,6.2,40.0,15729.02,60,18.78,304.19,0.154,0.278,1,1,5,9404.03,rent,debt_consolidation,salaried,north,0
56,43047.5,14.6,30.8,18960.5,36,5.7,904.15,0.252,0.479,1,1,3,14068.37,rent,small_business,contract,north,0
38,46913.46,6.7,14.6,20909.15,24,10.91,2087.0,0.534,0.596,2,1,2,6538.22,own,debt_consolidation,salaried,south,1
67,27114.07,2.8,40.0,3342.79,60,9.12,1338.25,0.592,0.251,2,2,4,4448.5,own,education,self_employed,northeast,0
40,43695.79,11.4,13.2,22781.92,36,16.7,1907.76,0.524,0.079,2,2,2,3026.08,mortgage,medical,contract,northeast,1
36,43817.95,9.0,22.9,8234.39,48,16.24,293.4,0.08,0.336,2,1,3,22640.21,rent,debt_consolidation,salaried,northeast,0
64,27424.39,9.4,39.4,11562.44,60,5.5,883.83,0.387,0.784,1,1,0,13316.19,rent,debt_consolidation,salaried,southeast,0
38,21556.6,11.3,7.7,6122.07,36,13.24,305.38,0.17,0.804,2,1,1,3486.48,own,debt_consolidation,salaried,south,1
24,21008.16,3.9,1.0,7714.22,36,17.86,495.27,0.283,0.343,2,1,2,5749.84,rent,education,contract,southeast,1
43,35822.53,6.0,18.2,16419.57,36,15.12,928.63,0.311,0.47,4,0,4,3148.08,own,debt_consolidation,contract,midwest,1
59,39630.1,5.8,37.4,5116.74,48,15.11,1945.8,0.589,0.526,0,3,4,12892.24,rent,small_business,salaried,midwest,1
30,24763.82,1.3,9.9,7411.51,60,12.97,871.31,0.422,0.268,0,0,4,13258.45,mortgage,home_improvement,contract,southeast,0
43,34932.25,5.4,21.4,25970.58,24,10.05,653.62,0.225,0.288,1,4,2,0.0,rent,education,salaried,midwest,0
27,43898.07,11.8,1.6,6855.19,48,14.43,1562.44,0.427,0.465,2,2,2,8921.0,rent,small_business,salaried,southeast,1
53,44785.52,7.4,33.6,14385.91,24,14.72,2216.91,0.594,0.591,1,0,3,20868.51,rent,small_business,salaried,southeast,1
43,66289.69,1.1,16.6,21378.13,36,17.08,618.41,0.112,0.455,0,3,1,13170.93,own,home_improvement,self_employed,southeast,0
36,59061.35,0.3,3.4,21203.8,48,17.43,2562.44,0.521,0.773,1,1,3,3528.72,mortgage,education,salaried,south,0
31,22684.96,13.2,8.3,12508.76,48,14.86,372.65,0.197,0.516,0,2,3,5032.86,mortgage,home_improvement,self_employed,midwest,0
48,70059.92,6.1,31.0,19342.05,36,19.1,949.77,0.163,0.255,3,0,5,33142.66,own,home_improvement,salaried,southeast,0
53,27639.19,3.9,36.1,11331.23,36,12.93,1302.24,0.565,0.22,0,2,2,16378.77,rent,debt_consolidation,salaried,north,1
66,53575.47,5.4,39.5,28194.84,24,8.44,361.63,0.081,0.631,0,3,0,28518.03,own,debt_consolidation,contract,south,0
41,35544.99,0.6,18.3,11483.27,12,16.5,1422.35,0.48,0.637,0,2,2,13778.65,rent,home_improvement,salaried,southeast,1
28,29053.59,12.2,1.1,20852.54,36,15.03,307.73,0.127,0.203,1,5,4,10850.0,rent,small_business,salaried,south,0
60,18000.0,4.9,39.4,13269.49,48,16.59,620.58,0.414,0.622,1,0,2,6527.05,mortgage,small_business,self_employed,northeast,1
51,32142.77,12.0,24.3,6280.52,36,9.19,1112.37,0.415,0.586,1,2,2,10350.16,own,medical,salaried,south,1
54,18000.0,6.7,31.7,6058.92,24,22.02,818.85,0.546,0.507,0,2,2,497.35,mortgage,debt_consolidation,salaried,south,1
25,51858.06,12.2,5.3,13017.54,48,17.48,2265.37,0.524,0.784,0,0,1,7873.22,rent,small_business,salaried,southeast,0
35,65319.96,7.5,13.8,15525.08,24,13.29,2449.44,0.45,0.768,3,0,4,18213.81,own,education,contract,northeast,1
57,24718.26,9.9,39.4,10611.98,24,10.57,588.08,0.285,0.288,2,1,4,14888.3,mortgage,debt_consolidation,salaried,south,0
60,39215.51,9.4,28.0,18635.65,60,19.02,555.09,0.17,0.573,4,5,5,16593.88,mortgage,small_business,salaried,north,1
41,25472.01,9.0,18.4,9887.24,12,9.87,898.46,0.423,0.848,0,0,0,15397.97,mortgage,home_improvement,self_employed,south,1
59,26530.13,7.9,33.1,7739.09,36,24.0,770.18,0.348,0.619,0,1,4,4365.47,rent,home_improvement,salaried,southeast,1
61,47824.23,5.6,40.0,14133.57,36,11.92,486.57,0.122,0.594,0,0,0,851.56,rent,debt_consolidation,salaried,north,0
39,33989.74,14.2,20.7,25323.74,24,21.73,1688.17,0.596,0.708,0,0,0,14860.23,mortgage,debt_consolidation,salaried,southeast,1
64,71729.13,2.9,40.0,50347.88,24,13.73,1493.08,0.25,0.091,1,1,5,3652.46,rent,debt_consolidation,contract,southeast,0
34,28210.86,6.5,6.0,4734.24,24,21.14,190.79,0.081,0.471,2,2,2,9822.48,mortgage,medical,salaried,midwest,1
32,52560.56,6.6,11.3,28047.73,24,11.41,2483.1,0.567,0.514,0,0,1,0.0,mortgage,debt_consolidation,salaried,southeast,0
53,35987.02,8.1,33.9,14676.69,48,14.58,1174.4,0.392,0.519,0,1,1,18021.56,mortgage,debt_consolidation,salaried,south,0
51,48253.65,4.8,27.3,26730.25,36,17.88,1913.47,0.476,0.392,2,2,0,0.0,own,small_business,salaried,south,1
27,28629.52,7.8,1.8,14202.68,36,17.28,387.55,0.162,0.502,1,2,3,13904.29,rent,medical,salaried,midwest,1
60,33832.78,5.8,29.6,23014.04,36,19.12,841.55,0.298,0.441,2,0,3,0.0,mortgage,debt_consolidation,salaried,northeast,0
30,32908.64,0.2,5.4,5337.87,60,12.45,1174.65,0.428,0.715,1,1,3,3385.19,rent,education,salaried,midwest,1
59,24315.18,6.5,33.1,8273.16,12,14.86,436.7,0.216,0.072,1,1,0,14108.34,rent,debt_consolidation,salaried,north,0
21,45618.76,2.1,1.0,33797.17,48,19.74,1744.19,0.459,0.163,2,0,5,6530.5,rent,debt_consolidation,salaried,midwest,1
59,45392.61,0.0,40.0,10659.99,24,11.54,779.81,0.206,0.35,1,2,0,7451.58,rent,medical,salaried,southeast,0
58,44324.51,7.0,39.3,8874.66,60,16.9,712.62,0.193,0.236,1,3,2,18691.53,mortgage,education,salaried,midwest,0
58,65875.74,8.5,39.9,38158.68,24,13.58,473.63,0.086,0.419,1,2,3,4084.55,rent,small_business,self_employed,midwest,1
52,63495.53,8.6,35.0,38718.57,12,15.36,1228.8,0.232,0.552,2,0,0,1056.06,own,debt_consolidation,salaried,south,0
43,29511.14,8.8,16.4,16040.26,36,14.86,524.41,0.213,0.618,1,0,3,0.0,rent,small_business,salaried,northeast,1
54,40403.92,0.0,29.7,24606.12,24,11.19,1659.09,0.493,0.808,0,2,3,14940.19,rent,debt_consolidation,salaried,south,1
34,26584.61,1.1,10.6,14808.81,48,13.41,858.78,0.388,0.306,1,0,3,2577.44,mortgage,home_improvement,salaried,southeast,0
58,34884.9,14.4,40.0,7170.09,36,15.11,511.72,0.176,0.398,0,0,2,19689.8,rent,education,contract,midwest,0
47,26852.26,2.3,14.8,13511.51,36,14.07,865.51,0.387,0.587,0,1,5,13122.22,mortgage,small_business,self_employed,south,1
43,68215.67,8.9,24.0,41572.83,24,21.11,1146.82,0.202,0.319,2,1,1,14204.63,mortgage,small_business,salaried,south,0
45,40245.49,3.8,12.8,26774.34,48,18.74,1038.91,0.31,0.611,4,2,4,15037.28,mortgage,debt_consolidation,salaried,south,0
48,31521.58,6.8,31.5,8672.48,24,15.72,1470.04,0.56,0.662,0,3,2,11958.67,rent,education,salaried,northeast,1
22,57029.26,4.0,2.7,11421.9,60,11.29,2226.03,0.468,0.673,3,1,2,26451.67,rent,medical,salaried,midwest,1
27,18000.0,8.7,13.9,11017.57,48,11.04,647.39,0.432,0.379,1,4,1,4736.93,own,medical,salaried,north,0
32,18000.0,7.0,7.4,5069.26,36,22.79,348.0,0.232,0.471,0,2,4,6804.26,own,debt_consolidation,salaried,northeast,0
26,48254.88,4.7,8.0,6761.26,48,10.26,592.22,0.147,0.542,2,2,1,4171.85,mortgage,debt_consolidation,salaried,north,0
42,35432.92,2.3,23.8,22672.98,36,14.98,1436.78,0.487,0.247,2,1,2,5672.79,rent,home_improvement,salaried,southeast,1
53,38376.0,7.6,36.2,16838.41,36,16.02,1236.54,0.387,0.284,0,2,2,1848.88,mortgage,small_business,salaried,southeast,0
52,19789.64,1.6,25.5,6447.05,24,13.19,686.52,0.416,0.701,0,0,0,12662.94,mortgage,medical,salaried,midwest,1
43,34208.92,8.2,16.8,4351.39,36,10.29,1729.15,0.607,0.57,1,1,4,9140.78,rent,home_improvement,salaried,northeast,1
62,80135.48,17.0,30.8,11399.78,36,11.2,1790.32,0.268,0.397,1,1,1,32120.66,own,home_improvement,salaried,north,0
48,48833.11,11.9,28.1,30244.92,12,12.2,2085.19,0.512,0.839,1,2,5,10282.25,own,debt_consolidation,salaried,northeast,1
24,37096.46,9.4,1.0,15896.38,48,11.52,1180.4,0.382,0.721,1,4,3,0.0,rent,medical,salaried,southeast,1
57,28727.13,6.2,39.8,6156.94,12,20.08,495.64,0.207,0.355,1,2,1,750.17,rent,debt_consolidation,salaried,northeast,0
48,29268.86,0.0,26.5,10122.89,36,14.46,264.78,0.109,0.134,0,2,3,2351.12,rent,medical,contract,southeast,0
51,18000.0,1.2,30.3,4034.56,24,12.3,618.97,0.413,0.656,2,2,2,7510.07,mortgage,medical,salaried,south,0
48,38492.13,11.6,22.9,7356.44,36,14.95,772.13,0.241,0.188,1,1,2,17428.01,mortgage,debt_consolidation,salaried,northeast,0
47,49271.59,3.3,19.4,14489.49,48,17.31,1870.51,0.456,0.749,0,0,5,5436.23,mortgage,education,salaried,northeast,0
25,18000.0,3.7,1.0,8391.43,12,13.05,687.59,0.458,0.39,3,1,3,4697.02,mortgage,debt_consolidation,salaried,south,1
47,26165.71,5.8,27.8,6601.72,36,18.29,710.72,0.326,0.758,1,1,5,6536.29,rent,debt_consolidation,self_employed,midwest,1
59,21244.75,2.3,31.5,7149.13,36,9.16,654.43,0.37,0.455,2,2,5,7629.07,rent,home_improvement,salaried,north,0
35,23029.99,1.6,12.2,9697.85,48,19.42,802.85,0.418,0.308,1,0,5,3564.87,rent,medical,salaried,southeast,1
49,35329.1,6.3,27.5,13588.23,24,14.46,980.52,0.333,0.158,1,1,2,19610.61,mortgage,home_improvement,salaried,southeast,0
22,18000.0,2.9,2.2,3618.64,48,14.3,830.67,0.554,0.224,0,3,2,5051.36,own,debt_consolidation,salaried,southeast,0
37,44711.84,3.5,16.5,6460.21,36,11.59,450.86,0.121,0.207,0,2,5,13270.37,rent,small_business,salaried,south,0
41,47411.45,3.4,10.2,6748.5,36,9.34,2406.53,0.609,0.501,1,2,5,21447.6,own,home_improvement,contract,southeast,0
68,31086.75,8.6,40.0,10588.54,36,7.5,254.04,0.098,0.634,3,1,2,15930.82,rent,debt_consolidation,salaried,south,0
31,18000.0,5.6,7.2,10311.22,36,11.3,288.56,0.192,0.27,1,0,4,2394.01,mortgage,debt_consolidation,contract,southeast,0
34,22731.44,5.8,12.2,4607.45,36,16.97,876.08,0.462,0.418,1,2,3,1738.48,rent,debt_consolidation,salaried,southeast,1
40,57977.99,8.9,6.0,35702.7,12,10.46,608.18,0.126,0.289,0,3,0,0.0,rent,small_business,salaried,south,1
68,18000.0,5.9,39.1,10275.75,36,8.0,332.36,0.222,0.42,2,1,0,1008.13,mortgage,small_business,salaried,north,1
61,29852.99,5.4,40.0,3656.53,36,10.68,405.87,0.163,0.456,2,1,0,15113.36,mortgage,education,contract,southeast,0
22,21044.61,8.4,1.0,2879.98,36,12.88,825.52,0.471,0.264,0,1,1,8919.15,rent,debt_consolidation,salaried,southeast,1
32,48432.17,9.2,10.0,11762.77,24,13.05,1584.64,0.393,0.174,2,0,5,8381.33,rent,education,salaried,southeast,0
60,26015.61,5.9,36.3,4041.69,36,13.96,248.92,0.115,0.316,1,1,1,4.2,mortgage,home_improvement,salaried,north,0
23,40931.72,6.8,3.2,18613.54,36,18.84,1120.41,0.328,0.133,1,1,5,14382.75,mortgage,debt_consolidation,salaried,south,0
62,43804.57,3.4,37.0,6350.14,36,19.75,703.03,0.193,0.276,1,0,2,17246.65,rent,medical,salaried,midwest,0
34,74698.47,3.1,4.5,46736.36,60,22.92,3750.84,0.603,0.531,5,3,2,29955.57,rent,education,salaried,southeast,1
65,31721.96,9.6,40.0,13658.4,36,7.68,365.53,0.138,0.204,0,1,1,14591.32,mortgage,small_business,self_employed,southeast,0
35,40454.72,8.3,17.1,23407.56,36,10.91,1358.44,0.403,0.642,1,2,3,1777.25,rent,debt_consolidation,salaried,south,1
41,18513.89,8.3,20.2,10977.68,12,17.43,524.87,0.34,0.685,0,3,3,7250.85,rent,debt_consolidation,salaried,northeast,1
52,56952.55,7.6,31.0,25017.05,60,12.59,1861.24,0.392,0.467,1,1,1,18750.88,rent,small_business,salaried,midwest,1
27,25099.08,6.7,1.0,17644.11,24,18.12,1247.65,0.597,0.305,1,1,4,9690.14,mortgage,medical,salaried,southeast,1
47,27295.67,9.3,19.5,20303.93,36,15.37,601.17,0.264,0.76,1,1,4,2856.0,own,small_business,salaried,north,0
45,34223.09,10.2,17.8,11851.64,24,21.13,1381.28,0.484,0.89,0,2,4,18578.89,mortgage,debt_consolidation,salaried,south,0
58,18000.0,10.1,36.2,3587.3,12,18.88,482.45,0.322,0.227,1,1,2,1975.27,mortgage,small_business,contract,south,0
68,38028.21,6.1,40.0,13265.76,48,18.96,1384.26,0.437,0.394,0,1,3,1411.31,mortgage,home_improvement,salaried,north,0
52,51861.7,12.0,35.5,13521.02,24,12.77,1199.11,0.277,0.329,3,1,2,8828.33,rent,debt_consolidation,contract,south,0
40,39066.95,7.4,13.5,17757.24,24,14.09,659.73,0.203,0.309,0,1,5,18811.46,own,education,contract,midwest,1
40,18000.0,9.0,14.8,6450.92,24,13.22,187.73,0.125,0.843,3,3,2,7184.85,rent,small_business,salaried,northeast,1
41,32793.98,7.6,12.2,13861.46,60,8.18,368.78,0.135,0.648,2,1,1,2121.3,own,education,salaried,southeast,0
60,47176.55,7.5,37.9,28344.05,48,20.68,2351.33,0.598,0.41,2,2,2,5262.63,rent,debt_consolidation,self_employed,southeast,0
36,18000.0,3.6,13.6,5267.4,60,17.63,758.65,0.506,0.259,2,1,5,0.0,mortgage,debt_consolidation,contract,north,0
29,21995.61,9.3,5.2,10087.39,48,13.05,389.1,0.212,0.759,0,1,5,9825.68,own,home_improvement,salaried,north,0
37,49918.57,17.9,10.0,16530.61,60,19.98,1521.43,0.366,0.488,1,1,2,14970.79,own,small_business,contract,north,0
22,38694.01,5.0,5.6,23778.45,36,11.85,1501.6,0.466,0.223,0,0,5,16298.63,own,small_business,salaried,northeast,1
26,41069.79,6.8,1.0,21475.72,24,6.78,925.34,0.27,0.642,2,3,1,18910.78,own,education,salaried,northeast,1
25,75432.07,4.7,2.1,9456.01,24,18.73,1996.39,0.318,0.929,0,1,1,43282.52,mortgage,small_business,contract,southeast,1
58,42057.46,4.5,39.8,22535.75,24,9.13,1639.98,0.468,0.022,0,4,1,11349.84,rent,small_business,salaried,northeast,0
55,45538.48,12.7,40.0,10346.44,48,13.68,769.7,0.203,0.238,0,4,1,24992.16,mortgage,debt_consolidation,self_employed,south,0
54,107851.78,3.8,31.6,62167.76,12,15.37,3273.53,0.364,0.706,0,2,1,25525.12,rent,home_improvement,salaried,south,0
43,31577.56,4.6,13.5,15075.87,12,16.12,509.05,0.193,0.484,0,4,1,10749.82,mortgage,small_business,salaried,northeast,0
55,24708.17,0.2,24.5,9214.52,36,18.06,168.14,0.082,0.298,1,0,2,8005.81,rent,home_improvement,contract,southeast,0
28,41343.67,3.5,3.4,23039.25,12,16.94,1559.84,0.453,0.718,1,0,0,21110.53,own,debt_consolidation,salaried,south,1
64,41538.51,0.0,32.2,27401.03,12,16.81,1598.97,0.462,0.393,1,4,2,9607.76,mortgage,medical,self_employed,midwest,0
45,27688.7,9.0,22.2,16906.95,12,11.18,1425.25,0.618,0.399,0,2,3,7640.59,rent,debt_consolidation,contract,midwest,1
66,22390.53,17.7,38.7,10380.0,36,15.74,331.66,0.178,0.779,1,1,2,7746.07,mortgage,medical,self_employed,south,0
28,91138.41,5.0,7.0,52431.69,12,8.18,3640.78,0.479,0.296,1,0,2,62334.68,mortgage,education,contract,south,1
44,39627.33,0.0,23.3,15088.75,12,21.06,1954.63,0.592,0.522,1,1,1,0.0,own,small_business,contract,northeast,0
54,25398.37,10.1,34.0,15672.99,24,8.61,906.03,0.428,0.174,0,1,0,9092.63,rent,debt_consolidation,salaried,southeast,0
44,50751.21,3.6,30.3,32597.64,48,13.04,2537.97,0.6,0.223,0,1,5,5683.3,mortgage,small_business,salaried,southeast,1
42,32996.57,11.7,13.2,6813.63,24,8.96,1696.57,0.617,0.442,2,3,5,19742.99,rent,debt_consolidation,salaried,midwest,0
28,31063.53,5.4,7.9,8385.9,12,11.43,1327.65,0.513,0.676,0,0,2,16081.63,own,medical,self_employed,southeast,0
39,43745.96,4.0,19.6,12690.39,60,14.56,2258.8,0.62,0.852,2,1,4,19287.52,own,debt_consolidation,self_employed,south,1
32,20078.59,5.8,14.3,4510.28,48,12.28,699.31,0.418,0.46,2,1,0,5730.76,rent,home_improvement,salaried,south,1
35,40058.79,9.5,12.9,14713.48,24,19.31,1163.07,0.348,0.295,2,2,1,18437.96,rent,small_business,self_employed,north,1
53,77144.92,5.6,22.1,18639.06,24,15.45,3699.89,0.576,0.577,0,4,3,29696.68,rent,debt_consolidation,salaried,northeast,0
51,42015.53,4.5,18.6,20805.66,24,12.56,1851.19,0.529,0.112,0,2,4,8287.84,rent,small_business,salaried,midwest,1
50,29495.44,5.7,34.5,5427.68,48,13.94,342.79,0.139,0.881,0,3,4,16245.42,rent,education,salaried,northeast,0
38,27917.69,1.4,16.6,8097.5,24,19.62,566.43,0.243,0.437,3,2,2,9969.21,mortgage,debt_consolidation,salaried,southeast,0
67,29075.68,8.1,40.0,15679.87,60,18.32,534.87,0.221,0.096,1,3,5,5527.61,mortgage,debt_consolidation,self_employed,south,0
25,31049.43,0.0,1.0,11521.93,48,9.72,1401.99,0.542,0.309,1,0,3,13460.59,mortgage,home_improvement,salaried,southeast,1
37,29475.69,4.7,12.7,11363.51,36,11.64,505.88,0.206,0.326,0,2,1,0.0,mortgage,small_business,self_employed,northeast,0
26,50759.33,9.5,5.9,31607.48,12,16.49,1032.89,0.244,0.58,2,2,2,25749.27,mortgage,home_improvement,self_employed,southeast,0
37,18000.0,7.7,13.7,13324.36,48,15.98,540.22,0.36,0.685,1,0,1,5819.05,rent,debt_consolidation,contract,north,1
67,49614.58,8.9,40.0,23616.18,48,10.09,500.71,0.121,0.727,3,2,0,17572.73,mortgage,home_improvement,self_employed,southeast,0
38,29452.43,6.2,7.7,5001.39,48,17.65,1470.32,0.599,0.479,1,1,0,2866.22,mortgage,debt_consolidation,contract,southeast,0
64,40470.07,11.2,38.5,7480.04,12,10.76,1164.1,0.345,0.291,2,1,2,20302.36,rent,debt_consolidation,salaried,south,0
44,21518.43,10.2,18.0,15711.8,48,19.98,327.86,0.183,0.225,1,3,0,6093.52,rent,home_improvement,salaried,southeast,0
54,60356.57,8.3,40.0,33070.45,48,16.72,1137.94,0.226,0.526,1,0,5,23837.52,mortgage,home_improvement,salaried,southeast,1
42,58288.88,10.2,19.3,34626.83,60,9.75,2481.97,0.511,0.458,1,1,5,13688.64,rent,home_improvement,salaried,north,0
33,51690.43,9.5,1.0,28209.08,36,12.28,1819.35,0.422,0.643,3,1,4,18178.92,rent,debt_consolidation,contract,southeast,1
57,18284.39,4.7,28.0,4263.17,36,12.2,504.19,0.331,0.266,1,2,4,6006.81,mortgage,education,self_employed,midwest,0
67,48934.15,1.1,40.0,19694.44,36,15.17,1056.43,0.259,0.873,0,2,3,8058.4,own,debt_consolidation,salaried,midwest,0
33,40947.22,8.2,11.4,25501.55,48,13.64,1932.6,0.566,0.594,1,3,4,0.0,mortgage,debt_consolidation,self_employed,southeast,1
58,18000.0,8.7,40.0,11984.56,60,9.69,745.78,0.497,0.33,1,1,5,4949.72,mortgage,education,salaried,southeast,0
33,34193.65,10.9,2.3,9215.92,36,8.64,1332.93,0.468,0.775,1,0,3,18152.98,rent,medical,contract,northeast,1
55,40259.63,2.8,30.9,19946.87,24,16.81,1076.41,0.321,0.647,0,1,4,7898.47,own,medical,salaried,north,0
58,43632.24,2.9,38.5,9554.33,12,15.7,2217.34,0.61,0.679,2,0,1,20870.99,rent,small_business,salaried,midwest,1
42,37214.35,8.3,18.8,26932.56,36,14.94,1437.21,0.463,0.207,2,0,5,9014.94,own,debt_consolidation,salaried,southeast,0
56,39039.03,6.2,40.0,10887.54,48,15.64,1004.47,0.309,0.45,0,3,4,7808.8,mortgage,medical,contract,southeast,0
34,64145.99,0.0,15.9,37062.28,12,11.9,3200.34,0.599,0.985,2,1,0,0.0,mortgage,small_business,salaried,northeast,1
24,57810.99,8.0,1.0,15354.67,36,15.27,2715.63,0.564,0.328,0,0,1,13911.22,own,medical,salaried,south,0
25,18000.0,0.0,1.0,9146.05,60,25.16,719.37,0.48,0.19,0,1,0,2150.91,own,small_business,salaried,south,0
42,30232.59,2.7,27.7,16184.61,36,19.43,1245.02,0.494,0.62,3,3,1,2545.01,rent,small_business,salaried,northeast,1
64,32236.24,11.9,40.0,10538.34,24,13.29,829.44,0.309,0.424,2,1,4,17656.71,rent,debt_consolidation,salaried,north,0
27,18000.0,13.8,1.0,11445.58,36,12.3,530.95,0.354,0.265,1,1,4,9933.56,mortgage,debt_consolidation,salaried,north,0
42,35938.23,1.6,25.5,24358.34,36,5.5,549.36,0.183,0.348,0,2,5,0.0,rent,small_business,salaried,northeast,1
54,58365.38,5.2,30.0,38444.93,12,18.99,1952.88,0.402,0.234,2,3,0,8624.31,rent,medical,salaried,north,0
30,21886.85,6.7,6.7,7187.71,36,17.8,510.25,0.28,0.324,0,1,3,9723.8,rent,home_improvement,salaried,south,1
55,39786.72,13.6,24.3,23431.76,36,12.22,887.3,0.268,0.195,2,0,4,21871.58,mortgage,debt_consolidation,salaried,southeast,0
35,23514.07,4.5,13.0,11109.91,36,8.49,1160.11,0.592,0.64,2,4,5,12304.54,mortgage,home_improvement,salaried,south,1
59,26050.62,4.6,36.8,12852.23,36,9.65,366.84,0.169,0.457,1,1,0,15680.42,rent,debt_consolidation,contract,northeast,0
48,64247.96,12.7,21.2,27034.12,12,16.37,2827.9,0.528,0.141,1,2,3,14998.12,mortgage,medical,salaried,midwest,0
47,27505.07,5.0,30.0,13702.05,24,14.12,531.75,0.232,0.761,2,1,0,15136.76,rent,debt_consolidation,salaried,north,0
29,41945.62,9.4,7.0,8618.24,24,17.4,333.73,0.095,0.402,2,1,0,11153.27,own,debt_consolidation,salaried,northeast,0
43,18000.0,0.6,22.1,6796.33,12,14.86,152.78,0.102,0.171,2,3,5,621.56,rent,home_improvement,contract,south,1
62,75521.55,5.8,39.6,17515.96,48,18.56,1962.02,0.312,0.757,2,2,5,35827.89,own,small_business,contract,southeast,0
21,44494.2,0.0,1.0,13191.04,12,16.05,1206.57,0.325,0.642,1,1,1,14379.57,own,education,salaried,northeast,0
57,31995.48,2.3,31.5,6415.84,36,17.98,674.4,0.253,0.271,2,0,5,16537.39,mortgage,home_improvement,salaried,northeast,1
44,43990.52,9.9,24.4,11167.97,24,5.72,1617.17,0.441,0.181,1,1,5,16227.54,mortgage,medical,salaried,northeast,1
55,19108.26,6.3,31.4,11706.01,12,9.32,544.72,0.342,0.408,2,2,3,8797.48,rent,small_business,salaried,southeast,1
52,56764.3,5.2,22.3,26474.7,24,12.97,567.74,0.12,0.678,2,5,1,12297.74,rent,debt_consolidation,salaried,south,0
41,30149.58,3.5,21.7,4067.03,36,19.03,673.24,0.268,0.553,2,1,4,5889.69,rent,debt_consolidation,salaried,southeast,0
35,31706.94,5.6,11.3,19555.9,36,22.4,356.86,0.135,0.279,1,1,3,14250.12,mortgage,home_improvement,salaried,northeast,0
51,28099.43,7.7,28.9,19471.93,48,13.81,266.88,0.114,0.177,1,1,2,5521.39,own,home_improvement,salaried,southeast,0
27,27068.51,10.4,4.3,18262.32,12,11.93,434.19,0.192,0.412,1,4,5,0.0,rent,home_improvement,salaried,north,0
49,46247.45,0.0,33.3,29529.03,36,6.29,1766.31,0.458,0.49,0,2,3,7988.22,mortgage,debt_consolidation,salaried,midwest,0
25,38464.11,3.2,1.0,28659.47,48,18.13,1461.13,0.456,0.52,2,1,1,15302.84,mortgage,debt_consolidation,salaried,midwest,1
52,45421.2,7.1,32.5,22230.64,24,12.19,2063.45,0.545,0.83,0,2,2,28062.47,mortgage,debt_consolidation,contract,southeast,1
51,34417.01,6.1,23.4,25001.56,12,26.93,1400.96,0.488,0.34,1,1,1,13456.33,mortgage,education,salaried,south,0
25,42853.56,8.1,4.8,30759.08,24,11.39,1318.35,0.369,0.236,2,0,3,13941.68,mortgage,small_business,salaried,southeast,0
57,28971.95,7.6,36.8,9193.97,12,23.34,600.71,0.249,0.192,0,2,1,14112.01,mortgage,debt_consolidation,contract,southeast,0
40,88122.87,5.3,11.5,58510.35,48,17.64,610.53,0.083,0.835,1,3,3,0.0,rent,home_improvement,salaried,south,1
58,18000.0,4.4,30.5,11146.64,36,10.18,644.18,0.429,0.211,0,2,2,3601.27,mortgage,medical,salaried,southeast,0
22,58664.71,5.5,1.0,35712.33,36,15.48,1155.92,0.236,0.726,2,5,0,18433.64,mortgage,debt_consolidation,salaried,north,0
29,61360.47,11.1,2.6,42010.87,48,17.74,1099.65,0.215,0.595,0,2,0,28042.32,rent,debt_consolidation,salaried,north,0
44,24151.3,3.6,22.3,8743.73,36,13.55,1220.46,0.606,0.327,1,2,0,0.0,mortgage,home_improvement,salaried,north,1
30,88105.91,6.2,7.0,32778.45,36,18.02,1278.19,0.174,0.381,1,2,0,53889.67,mortgage,debt_consolidation,self_employed,southeast,0
36,52475.72,7.2,16.0,27457.03,12,17.93,426.43,0.098,0.367,1,1,0,26669.41,mortgage,debt_consolidation,salaried,northeast,0
52,51941.76,12.7,24.9,30376.42,36,17.0,2565.36,0.593,0.552,1,0,3,0.0,mortgage,medical,self_employed,southeast,1
27,34953.34,5.3,7.1,23566.74,12,14.43,714.34,0.245,0.693,2,4,3,5068.81,rent,education,salaried,northeast,1
53,31532.22,10.3,23.3,21182.79,24,9.57,768.46,0.292,0.746,1,1,0,0.0,mortgage,education,salaried,south,0
25,31635.91,11.4,3.4,18173.06,24,14.18,326.13,0.124,0.281,1,3,2,11422.39,rent,medical,salaried,south,0
29,40701.61,6.2,5.9,29420.85,48,15.24,1011.42,0.298,0.885,4,1,1,12162.13,mortgage,debt_consolidation,salaried,southeast,1
49,62224.14,5.7,22.6,14469.35,36,6.62,3137.13,0.605,0.371,0,2,3,33648.49,mortgage,medical,self_employed,southeast,1
59,37277.75,5.2,35.9,26792.05,48,15.21,1412.74,0.455,0.734,0,1,3,7899.71,mortgage,medical,self_employed,southeast,1
29,23557.36,5.5,7.3,3779.56,12,14.09,659.34,0.336,0.313,1,2,3,12526.55,own,small_business,salaried,southeast,0
35,48837.77,9.9,12.1,22955.79,60,9.05,1001.32,0.246,0.588,2,2,2,8701.95,mortgage,medical,contract,southeast,0
65,50862.61,7.4,38.0,8993.73,12,13.1,1176.89,0.278,0.774,0,1,0,29705.05,rent,education,salaried,north,0
68,45476.77,7.4,40.0,21730.65,48,13.19,1554.03,0.41,0.563,1,2,4,23029.48,mortgage,debt_consolidation,contract,southeast,0
48,47245.35,2.0,25.6,17280.89,48,22.61,855.94,0.217,0.825,1,2,4,17412.81,rent,debt_consolidation,salaried,southeast,1
42,30828.97,2.6,19.0,5284.52,36,15.42,416.32,0.162,0.138,2,1,5,4493.59,mortgage,small_business,salaried,north,0
37,23384.4,15.1,10.1,12354.3,36,18.85,888.54,0.456,0.335,0,0,4,14087.75,own,small_business,salaried,north,0
50,23989.19,5.8,27.4,13929.44,48,14.01,1098.53,0.55,0.392,1,0,1,12355.7,mortgage,home_improvement,salaried,south,0
49,18000.0,3.4,17.9,4135.26,48,6.63,850.25,0.567,0.777,4,1,4,10673.05,rent,debt_consolidation,self_employed,midwest,1
35,38159.06,12.2,12.7,21273.49,12,17.32,1699.24,0.534,0.568,2,0,5,0.0,rent,debt_consolidation,salaried,southeast,0
22,33354.62,7.6,1.0,7764.95,48,11.74,1018.77,0.367,0.324,2,0,0,17085.22,rent,debt_consolidation,salaried,northeast,1
28,28715.87,8.8,5.8,5931.54,12,13.09,1210.78,0.506,0.327,1,3,3,4092.84,mortgage,home_improvement,contract,north,1
67,18000.0,5.9,40.0,3831.1,36,10.08,870.35,0.58,0.907,1,4,3,6303.14,own,debt_consolidation,salaried,south,1
41,20457.95,5.2,22.7,10176.18,36,14.81,157.89,0.093,0.409,1,4,5,7808.37,mortgage,debt_consolidation,salaried,southeast,0
44,55312.44,5.8,23.4,33775.89,48,18.97,1394.49,0.303,0.379,4,2,3,7593.45,own,medical,self_employed,northeast,1
43,26130.46,1.0,14.9,12961.83,36,18.42,414.23,0.19,0.124,1,2,5,1576.84,rent,home_improvement,salaried,midwest,0
58,40193.02,6.1,35.1,25317.24,24,21.16,2070.79,0.618,0.472,2,2,4,13842.82,rent,medical,salaried,north,0
24,19262.44,7.7,3.2,9489.27,36,21.76,934.17,0.582,0.371,0,0,4,1042.86,mortgage,debt_consolidation,salaried,south,0
24,63212.43,13.9,1.0,39337.88,24,5.91,2703.28,0.513,0.579,1,0,0,20216.38,rent,home_improvement,salaried,southeast,0
34,32516.68,6.8,4.0,23906.56,36,9.49,649.72,0.24,0.546,1,1,3,0.0,rent,small_business,salaried,northeast,0
44,39019.51,0.0,15.4,14293.03,36,6.91,1931.91,0.594,0.31,0,0,4,11387.65,rent,medical,salaried,southeast,0
53,91750.44,6.1,33.8,19677.13,48,17.15,732.44,0.096,0.892,2,0,0,38663.98,mortgage,education,salaried,southeast,0
44,65310.29,17.5,23.2,13408.2,24,11.59,988.04,0.182,0.488,0,0,5,44703.38,rent,medical,salaried,southeast,0
42,30370.97,10.0,10.8,15076.48,24,12.45,1045.55,0.413,0.589,0,2,4,8776.64,own,debt_consolidation,salaried,south,1
66,26926.0,3.3,40.0,12511.84,36,13.59,1140.37,0.508,0.501,2,2,5,4199.05,own,debt_consolidation,contract,south,1
28,30129.83,8.9,6.2,7112.7,12,16.11,1398.93,0.557,0.137,1,1,3,19057.5,mortgage,medical,self_employed,midwest,0
48,42794.17,3.5,21.8,28917.14,24,8.26,864.0,0.242,0.154,0,0,5,17671.43,rent,small_business,salaried,southeast,0
47,33050.96,1.1,19.5,23887.63,36,9.21,801.58,0.291,0.661,0,0,5,10101.51,rent,debt_consolidation,salaried,south,0
43,29260.61,5.1,22.6,8179.1,36,14.51,793.95,0.326,0.308,1,2,0,11139.1,mortgage,debt_consolidation,self_employed,northeast,0
59,63972.98,6.9,35.0,16014.76,24,19.53,504.14,0.095,0.31,1,0,5,9171.08,rent,education,salaried,northeast,1
33,32926.46,0.0,5.8,8388.7,36,14.39,1499.64,0.547,0.571,2,1,3,12743.61,mortgage,debt_consolidation,salaried,midwest,1
66,90746.7,1.9,40.0,33038.66,48,11.18,1985.02,0.262,0.633,0,1,2,43028.7,rent,home_improvement,salaried,north,0
36,35886.34,6.5,12.9,23596.45,36,5.5,561.05,0.188,0.568,1,1,1,20176.32,mortgage,debt_consolidation,salaried,southeast,0
47,73118.28,4.9,29.0,36226.83,24,18.5,1833.85,0.301,0.723,0,0,2,6849.39,mortgage,debt_consolidation,contract,north,0
45,40137.81,8.1,26.4,6524.75,12,11.41,1551.01,0.464,0.297,1,1,3,6609.5,mortgage,home_improvement,contract,north,0
61,51763.65,1.6,40.0,21636.01,12,9.68,2373.77,0.55,0.335,1,2,3,26461.2,mortgage,debt_consolidation,salaried,south,0
42,25480.36,9.4,16.9,4507.7,36,7.3,416.82,0.196,0.393,0,0,4,14615.98,rent,small_business,salaried,midwest,1
34,24135.07,1.8,12.4,9072.73,36,8.46,348.37,0.173,0.345,2,2,4,11943.28,rent,debt_consolidation,self_employed,northeast,0
22,41901.48,13.1,1.9,15680.28,12,10.46,2058.91,0.59,0.125,1,0,4,1522.81,rent,education,salaried,midwest,1
38,52323.05,0.0,14.8,27650.76,24,13.5,1645.92,0.377,0.064,2,1,3,18046.22,mortgage,small_business,contract,midwest,0
60,35133.41,2.1,40.0,16377.65,24,9.42,812.51,0.278,0.736,1,0,5,10168.36,rent,home_improvement,salaried,north,0
21,20124.93,8.2,1.0,13505.75,24,15.28,314.67,0.188,0.548,0,2,5,2024.52,own,small_business,salaried,southeast,0
64,19510.18,13.2,35.9,2541.27,60,13.46,1003.85,0.617,0.379,2,0,5,3490.56,rent,home_improvement,contract,midwest,1
47,18969.78,7.8,24.4,11526.41,24,23.83,740.39,0.468,0.768,1,0,4,3155.08,rent,debt_consolidation,self_employed,southeast,1
27,18000.0,8.8,4.9,2500.0,12,7.34,296.49,0.198,0.271,1,2,1,6623.19,mortgage,debt_consolidation,salaried,north,0
35,36169.95,6.6,10.3,11274.27,36,15.18,389.67,0.129,0.559,0,2,5,4171.83,rent,small_business,salaried,southeast,0
47,55410.17,2.4,33.1,37356.86,12,15.23,866.3,0.188,0.529,1,3,5,15706.84,rent,debt_consolidation,salaried,south,0
36,34350.28,4.5,10.6,19063.06,12,10.17,611.95,0.214,0.322,1,0,1,0.0,rent,education,self_employed,midwest,0
26,18000.0,1.7,1.0,4110.44,36,14.9,209.98,0.14,0.528,1,0,5,4808.85,mortgage,home_improvement,salaried,south,1
52,31884.67,1.4,29.6,13684.72,24,17.73,542.07,0.204,0.801,0,2,3,20016.95,rent,debt_consolidation,salaried,northeast,0
53,32261.32,8.1,30.5,18543.8,12,14.91,384.61,0.143,0.161,0,2,4,12308.8,rent,debt_consolidation,self_employed,south,0
26,83309.63,2.0,1.0,59193.69,36,20.31,1971.49,0.284,0.137,1,1,2,0.0,rent,debt_consolidation,self_employed,northeast,0
34,18732.25,7.8,3.6,9733.7,36,5.5,534.72,0.343,0.172,3,1,1,7651.35,mortgage,debt_consolidation,salaried,midwest,1
32,29316.78,1.3,4.6,3973.76,12,10.96,796.08,0.326,0.523,1,0,2,3388.63,mortgage,home_improvement,contract,north,1
52,70718.19,7.7,38.7,30749.13,48,20.7,3110.27,0.528,0.314,1,1,1,20105.59,rent,debt_consolidation,salaried,south,0
56,41730.64,4.5,30.5,9029.08,24,18.33,755.18,0.217,0.754,3,0,0,7461.95,own,small_business,self_employed,midwest,0
55,43765.08,12.1,20.4,6569.19,60,16.77,2038.84,0.559,0.593,2,2,2,28603.11,rent,debt_consolidation,salaried,south,0
66,36247.49,7.8,40.0,18017.24,60,19.68,1722.92,0.57,0.673,3,2,5,0.0,own,medical,contract,north,1
57,39678.96,11.4,39.2,24182.77,36,6.45,1978.3,0.598,0.378,0,3,0,22558.17,own,small_business,contract,midwest,1
36,47886.84,3.5,11.7,6834.32,24,17.84,709.25,0.178,0.569,0,3,1,21678.04,mortgage,education,contract,south,1
26,24588.05,6.7,8.8,15088.73,48,18.97,435.83,0.213,0.48,0,1,1,6446.37,rent,home_improvement,salaried,south,1
50,49950.34,2.6,21.5,28223.16,36,11.73,1735.23,0.417,0.783,1,3,1,23962.03,own,debt_consolidation,self_employed,southeast,0
64,19406.02,4.8,40.0,11522.36,24,25.54,252.41,0.156,0.67,1,0,0,2700.11,mortgage,home_improvement,salaried,north,0
67,39652.71,5.5,40.0,10871.94,36,15.32,417.13,0.126,0.413,2,2,1,18358.57,rent,home_improvement,salaried,southeast,0
32,37237.49,3.6,12.9,13702.1,36,5.5,371.74,0.12,0.839,0,0,3,19461.7,own,small_business,contract,southeast,1
32,26666.33,1.6,11.5,5211.75,48,16.1,905.15,0.407,0.121,1,3,2,5425.81,mortgage,medical,self_employed,south,0
22,34216.81,0.8,1.0,9255.69,48,11.48,1467.12,0.515,0.844,0,1,3,1467.87,mortgage,debt_consolidation,salaried,midwest,1
27,26596.45,0.0,3.5,8265.05,48,19.39,487.15,0.22,0.497,1,2,5,13588.68,mortgage,debt_consolidation,salaried,northeast,0
47,22023.94,2.3,26.5,7075.08,48,16.8,1072.03,0.584,0.152,0,2,0,3796.99,own,education,salaried,southeast,0
47,29776.71,9.0,29.2,6856.84,36,11.99,1259.67,0.508,0.361,1,4,1,18366.85,mortgage,debt_consolidation,salaried,southeast,0
38,21727.3,0.1,23.4,5190.4,36,20.81,220.58,0.122,0.654,0,0,5,4608.83,own,education,salaried,southeast,0
35,39560.05,1.0,17.6,27214.4,60,18.45,988.82,0.3,0.301,0,0,1,5324.05,rent,education,contract,northeast,0
60,21310.69,13.7,36.5,13081.63,60,11.02,207.3,0.117,0.57,0,1,0,5133.16,mortgage,education,salaried,north,0
43,46584.84,4.0,15.6,15700.07,48,13.86,2229.1,0.574,0.246,1,3,1,13852.28,mortgage,debt_consolidation,salaried,north,0
59,21031.55,7.8,38.5,15079.94,48,16.67,843.21,0.481,0.306,0,3,2,13881.85,rent,debt_consolidation,salaried,south,0
67,27232.22,9.1,36.9,7366.9,36,12.97,1022.87,0.451,0.646,2,1,1,2735.5,rent,small_business,salaried,south,1
36,26573.42,9.2,16.2,9999.49,24,13.1,993.53,0.449,0.462,2,1,3,9697.47,rent,debt_consolidation,salaried,south,0
30,60268.31,0.4,8.1,38120.97,48,14.65,1175.22,0.234,0.246,1,3,1,12339.14,rent,medical,self_employed,midwest,1
66,39684.73,5.6,40.0,15834.94,12,10.02,1931.69,0.584,0.348,2,1,3,160.7,mortgage,home_improvement,salaried,northeast,0
51,31605.04,0.0,23.5,8464.27,24,5.5,1523.1,0.578,0.733,0,2,5,4527.38,rent,home_improvement,salaried,southeast,1
34,42593.72,16.3,1.6,15000.54,36,15.5,1701.35,0.479,0.651,0,0,1,14430.49,mortgage,debt_consolidation,salaried,southeast,0
50,18000.0,0.1,34.9,7838.18,36,6.15,499.83,0.333,0.557,1,5,3,5103.45,own,small_business,self_employed,south,1
45,33924.2,2.3,23.6,17335.47,36,10.33,298.09,0.105,0.685,1,1,4,5390.89,mortgage,home_improvement,salaried,northeast,1
64,79933.95,2.3,35.3,30017.76,24,7.06,634.73,0.095,0.639,1,3,0,46394.75,own,home_improvement,salaried,north,0
33,36518.91,0.5,16.5,14305.25,12,7.58,470.46,0.155,0.312,0,2,2,5500.37,mortgage,debt_consolidation,contract,southeast,1
68,35543.89,11.9,40.0,10175.66,24,16.29,1189.87,0.402,0.656,0,1,3,18964.77,own,small_business,salaried,midwest,0
65,43486.85,16.2,36.5,19885.18,24,13.57,1851.72,0.511,0.539,0,1,1,0.0,mortgage,medical,salaried,north,0
29,50319.81,4.6,5.6,12995.47,12,13.41,2483.16,0.592,0.826,0,2,2,24284.31,rent,debt_consolidation,self_employed,south,0
28,18000.0,1.2,2.5,11997.75,36,8.97,262.04,0.175,0.781,0,1,2,3514.99,mortgage,debt_consolidation,salaried,southeast,1
46,18000.0,0.0,15.1,10635.14,24,11.75,343.18,0.229,0.416,2,2,5,5357.79,mortgage,small_business,self_employed,southeast,1
23,37734.21,5.5,1.0,14281.48,36,16.08,343.43,0.109,0.077,3,2,0,17632.16,mortgage,education,salaried,northeast,0
35,25584.75,5.2,12.3,15114.28,24,14.28,1309.27,0.614,0.513,3,2,3,11987.44,rent,debt_consolidation,salaried,southeast,1
41,59937.08,3.9,20.4,7456.62,36,17.96,2505.84,0.502,0.317,3,0,5,14616.73,mortgage,debt_consolidation,salaried,north,0
67,30261.35,7.4,40.0,10198.93,48,18.55,856.36,0.34,0.619,0,1,5,15448.66,own,education,salaried,midwest,0
68,18000.0,8.1,40.0,7153.02,12,13.44,586.21,0.391,0.234,2,1,3,4678.18,own,small_business,salaried,midwest,0
28,20280.89,7.8,11.2,8436.3,24,6.72,648.27,0.384,0.682,0,2,2,182.74,rent,home_improvement,salaried,midwest,0
63,18000.0,5.2,40.0,10650.61,36,11.32,326.03,0.217,0.809,1,1,0,4917.42,mortgage,debt_consolidation,salaried,southeast,0
25,31309.2,2.1,1.5,22748.28,12,14.09,469.93,0.18,0.399,1,1,1,19034.28,rent,small_business,salaried,midwest,1
56,31916.51,9.2,35.3,11470.74,48,11.24,639.31,0.24,0.816,0,2,4,2049.49,mortgage,debt_consolidation,salaried,northeast,1
61,28903.72,6.6,36.7,9852.64,60,10.07,514.16,0.213,0.346,3,3,0,13907.66,rent,small_business,salaried,southeast,0
63,54346.16,10.1,28.5,27424.41,36,14.79,1725.79,0.381,0.89,0,1,4,27108.76,own,education,salaried,southeast,0
31,57146.78,9.7,8.5,16983.44,60,24.71,1173.55,0.246,0.558,0,2,5,21240.24,mortgage,home_improvement,contract,south,1
63,32158.65,0.8,40.0,6722.79,36,12.45,1269.28,0.474,0.689,3,1,2,10797.06,rent,debt_consolidation,contract,northeast,1
26,18000.0,0.8,1.0,13063.87,36,14.49,580.03,0.387,0.557,1,1,4,2131.73,rent,debt_consolidation,salaried,southeast,1
45,44768.42,3.5,20.9,28204.28,12,8.99,1370.74,0.367,0.621,1,2,5,3649.16,mortgage,education,salaried,northeast,0
43,43619.14,2.3,13.5,31573.92,12,19.72,2158.05,0.594,0.487,2,0,4,12522.51,mortgage,medical,salaried,north,1
36,39337.93,9.5,12.3,10119.08,24,18.17,832.98,0.254,0.591,1,1,3,15047.33,mortgage,medical,salaried,south,1
22,52167.84,7.9,1.0,6845.45,36,17.88,1839.12,0.423,0.918,2,0,3,10354.59,mortgage,education,salaried,southeast,1
58,21179.14,10.9,40.0,8375.82,36,20.21,150.0,0.085,0.301,1,3,1,6518.68,mortgage,small_business,contract,south,0
37,80312.24,8.1,21.3,56875.01,24,12.71,3198.69,0.478,0.261,4,0,0,22940.93,rent,medical,contract,south,1
52,23087.35,7.3,37.3,4782.43,36,13.23,676.02,0.351,0.882,0,0,4,3208.98,rent,home_improvement,salaried,north,1
40,47319.3,11.3,15.3,9171.75,24,21.68,759.19,0.193,0.582,0,1,3,24716.35,rent,medical,salaried,south,0
38,18000.0,8.4,21.1,2941.92,24,17.16,150.0,0.1,0.56,1,0,5,7447.37,rent,home_improvement,salaried,southeast,0
63,23371.88,6.8,34.3,14068.97,24,5.5,899.33,0.462,0.036,2,2,4,6320.03,mortgage,small_business,salaried,southeast,1
25,65308.33,12.4,1.9,40173.35,36,16.41,2382.98,0.438,0.35,1,1,1,17844.77,rent,debt_consolidation,self_employed,southeast,1
56,30959.09,7.0,34.1,17277.87,36,12.06,1133.41,0.439,0.662,2,2,5,6839.5,mortgage,home_improvement,salaried,midwest,1
56,49156.65,5.3,36.8,7549.18,48,18.27,1295.38,0.316,0.199,1,1,0,18629.91,rent,home_improvement,salaried,southeast,0
39,38159.17,3.1,13.2,21967.15,12,16.21,1352.17,0.425,0.864,0,1,0,17948.54,rent,home_improvement,salaried,midwest,1
33,33054.65,9.3,13.6,13309.0,36,7.19,1070.2,0.389,0.351,1,1,3,14352.24,rent,small_business,salaried,northeast,1
21,61256.0,11.4,2.4,13444.07,60,15.63,1066.89,0.209,0.423,1,0,3,28401.6,rent,medical,salaried,midwest,0
65,31275.91,6.3,36.7,9568.22,12,15.38,938.63,0.36,0.068,0,0,4,4412.87,rent,education,salaried,southeast,1
66,18000.0,11.7,40.0,7843.01,36,16.03,536.82,0.358,0.277,1,2,3,7964.38,own,home_improvement,salaried,southeast,0
32,24652.64,0.0,10.1,8078.19,12,16.92,1078.05,0.525,0.365,2,3,1,3388.71,rent,education,salaried,south,0
22,43542.84,6.3,1.0,31827.29,12,20.78,1139.68,0.314,0.15,0,2,0,5764.04,mortgage,small_business,self_employed,south,1
26,40786.8,6.3,3.0,17093.23,36,16.24,1072.31,0.315,0.471,1,1,5,1150.18,own,home_improvement,salaried,south,1
24,18000.0,3.6,1.0,6380.19,24,14.6,917.37,0.612,0.302,1,1,2,9716.45,rent,medical,salaried,midwest,1
60,25483.24,16.0,40.0,13865.28,36,19.32,1195.61,0.563,0.402,0,0,1,8394.89,mortgage,debt_consolidation,salaried,north,1
63,27056.35,6.2,30.7,14335.63,60,23.92,475.37,0.211,0.625,3,1,0,11600.12,mortgage,education,contract,northeast,0
28,29628.82,4.9,7.6,3600.99,24,18.34,1411.22,0.572,0.665,1,0,4,10786.66,rent,debt_consolidation,salaried,southeast,0
56,19382.31,6.6,26.0,9877.97,12,15.37,249.55,0.155,0.655,1,0,5,10194.37,rent,medical,self_employed,southeast,1
29,26531.4,0.0,6.8,7258.31,48,16.32,1195.75,0.541,0.578,1,3,5,8647.95,mortgage,education,contract,north,1
38,25437.6,3.5,11.4,9065.89,36,15.58,379.43,0.179,0.667,0,1,5,10057.89,rent,home_improvement,salaried,southeast,0
49,47764.79,10.4,22.7,26987.1,48,14.58,1233.23,0.31,0.155,0,2,1,0.0,rent,debt_consolidation,contract,southeast,0
55,48524.83,4.0,26.8,22862.64,24,23.59,2472.01,0.611,0.728,0,1,0,15990.56,rent,debt_consolidation,salaried,north,0
62,32492.34,3.2,40.0,11445.52,36,11.35,358.52,0.132,0.303,0,2,3,11004.71,rent,debt_consolidation,self_employed,southeast,0
23,29300.01,11.7,1.0,6606.23,60,19.35,1302.59,0.533,0.738,0,1,3,5268.65,own,education,salaried,midwest,1
30,36635.32,11.9,1.0,16062.9,24,13.97,1059.85,0.347,0.251,0,0,0,2162.09,own,small_business,salaried,southeast,0
34,24514.95,8.6,12.2,7874.22,48,8.28,285.88,0.14,0.909,0,1,5,4112.34,own,debt_consolidation,salaried,northeast,0
35,21339.83,4.7,11.8,14834.27,36,13.71,1056.94,0.594,0.395,0,2,3,1198.12,rent,home_improvement,salaried,southeast,1
68,23274.35,5.5,40.0,10627.96,48,12.2,730.4,0.377,0.681,1,0,4,8047.92,own,debt_consolidation,salaried,north,1
58,26459.71,3.3,36.6,17610.45,24,16.93,1224.97,0.556,0.393,1,1,3,6589.71,mortgage,small_business,salaried,southeast,0
36,21191.19,2.5,5.3,7752.04,36,14.88,970.06,0.549,0.236,1,0,5,11424.73,mortgage,debt_consolidation,salaried,southeast,1
67,36977.5,2.3,40.0,23713.13,12,10.21,270.87,0.088,0.456,0,1,4,7058.89,mortgage,education,salaried,midwest,0
44,46933.2,4.0,25.2,7303.66,60,20.68,872.23,0.223,0.247,1,2,3,24040.64,mortgage,education,self_employed,northeast,1
45,18000.0,2.4,14.8,5540.67,12,19.08,392.91,0.262,0.268,2,0,3,7169.09,rent,debt_consolidation,salaried,south,1
41,34910.89,0.2,15.2,5908.7,12,21.16,1073.01,0.369,0.447,0,0,5,15673.45,mortgage,debt_consolidation,salaried,south,0
27,31496.35,7.4,1.0,4407.59,48,15.5,311.83,0.119,0.824,0,0,2,7184.92,mortgage,small_business,contract,south,1
65,39872.16,7.4,40.0,27865.98,24,14.35,963.72,0.29,0.237,4,1,5,7324.58,rent,medical,salaried,north,0
21,34357.16,13.3,1.0,19639.49,36,17.45,1488.54,0.52,0.768,0,0,0,0.0,rent,debt_consolidation,salaried,northeast,1
29,18760.11,3.8,9.0,9639.31,24,12.07,271.28,0.174,0.743,1,1,0,7518.03,mortgage,home_improvement,salaried,south,0
32,20328.85,7.7,8.4,9259.19,36,15.05,777.05,0.459,0.8,1,2,0,3386.57,mortgage,small_business,salaried,southeast,1
34,34973.92,7.8,19.0,16746.18,24,13.76,957.64,0.329,0.72,0,1,2,13148.03,mortgage,debt_consolidation,self_employed,south,1
27,53214.6,5.5,1.0,27797.97,36,8.36,524.08,0.118,0.187,0,1,3,26876.45,mortgage,debt_consolidation,salaried,north,0
21,18000.0,9.5,1.0,11533.41,36,15.04,263.67,0.176,0.028,1,2,5,7761.69,mortgage,home_improvement,salaried,southeast,0
53,39942.86,9.6,30.3,19813.25,24,12.65,519.78,0.156,0.799,0,2,5,5052.95,rent,debt_consolidation,salaried,south,0
67,56933.62,7.8,40.0,33682.26,24,13.48,1967.28,0.415,0.178,0,0,0,14975.65,mortgage,small_business,salaried,southeast,0
26,32394.02,5.5,7.0,9621.55,12,16.03,343.26,0.127,0.684,1,1,4,13618.78,rent,medical,salaried,northeast,1
35,43524.75,5.1,8.7,32006.36,48,19.84,1902.2,0.524,0.169,2,1,1,21202.71,own,medical,salaried,midwest,0
45,25711.95,1.0,27.3,3602.12,24,10.94,1104.75,0.516,0.209,1,3,2,14200.37,mortgage,home_improvement,salaried,northeast,0
65,32855.23,3.3,39.7,11944.3,24,13.09,337.41,0.123,0.201,0,2,5,6727.9,own,debt_consolidation,salaried,midwest,1
54,18000.0,4.0,21.7,12162.44,24,11.29,839.44,0.56,0.164,0,2,5,10099.75,rent,home_improvement,salaried,midwest,1
57,18000.0,2.0,27.3,4207.13,36,11.01,896.92,0.598,0.295,2,1,4,1442.9,mortgage,debt_consolidation,salaried,north,1
48,51326.46,8.3,31.8,10729.44,48,12.0,442.57,0.103,0.261,1,5,1,9031.99,mortgage,small_business,salaried,south,1
41,22840.76,11.3,20.4,7999.32,36,13.67,1129.05,0.593,0.516,1,2,0,782.38,rent,debt_consolidation,salaried,southeast,1
30,28529.05,2.9,5.1,11119.56,48,16.96,548.97,0.231,0.721,3,2,5,5245.43,mortgage,debt_consolidation,salaried,northeast,1
62,19296.79,7.6,39.3,13662.87,36,15.85,705.9,0.439,0.271,2,2,1,5631.45,rent,debt_consolidation,contract,midwest,0
59,19107.05,2.4,40.0,12357.59,48,10.06,277.69,0.174,0.708,3,3,1,2432.72,rent,debt_consolidation,salaried,south,1
22,32112.1,5.3,1.0,13242.27,48,19.94,1395.34,0.521,0.675,0,0,3,523.18,mortgage,small_business,salaried,south,0
55,25427.27,3.7,32.0,18637.54,12,18.47,1132.86,0.535,0.22,2,2,1,0.0,rent,medical,salaried,midwest,0
25,40487.47,8.9,1.0,21241.16,60,10.72,2052.39,0.608,0.32,0,1,3,22512.18,rent,small_business,self_employed,southeast,1
56,41775.53,3.8,34.1,28006.53,48,19.64,2144.37,0.616,0.725,0,2,5,12619.66,rent,debt_consolidation,self_employed,northeast,1
60,39527.7,10.5,31.7,10870.74,36,15.87,398.45,0.121,0.828,1,4,2,18821.57,rent,home_improvement,self_employed,northeast,0
27,38185.55,5.5,9.7,16345.22,24,13.84,1385.18,0.435,0.669,1,0,2,16985.39,rent,small_business,salaried,north,0
41,67014.39,3.9,22.6,9296.36,24,16.0,1270.17,0.227,0.108,1,3,5,32832.16,rent,medical,salaried,midwest,0
26,22061.97,1.5,1.0,2770.86,36,14.39,271.75,0.148,0.288,1,2,5,1037.53,mortgage,education,self_employed,southeast,0
48,33756.47,7.5,20.1,19053.35,36,16.79,451.07,0.16,0.915,0,1,0,19248.02,mortgage,debt_consolidation,contract,south,0
65,55588.39,10.1,40.0,10813.33,36,15.29,2713.07,0.586,0.201,2,0,4,16910.78,rent,small_business,contract,south,1
24,58753.54,7.6,1.0,27327.4,36,13.08,2199.2,0.449,0.889,1,1,0,13200.09,mortgage,debt_consolidation,self_employed,south,0
40,19012.64,15.5,23.2,10618.27,36,5.99,169.92,0.107,0.41,0,0,0,11300.97,rent,home_improvement,salaried,midwest,0
67,30297.2,12.2,40.0,4250.93,24,16.71,1543.86,0.611,0.583,1,2,3,3627.86,rent,medical,salaried,northeast,1
35,61108.78,5.3,8.2,24608.94,24,12.93,2628.79,0.516,0.894,3,0,0,9126.19,mortgage,medical,salaried,midwest,1
27,42761.49,5.2,6.0,23562.25,12,17.77,880.02,0.247,0.621,1,1,1,19603.82,mortgage,debt_consolidation,salaried,midwest,0
44,37496.78,8.4,22.1,25517.71,48,16.52,1044.5,0.334,0.17,0,1,2,12533.37,rent,education,salaried,northeast,0
45,31526.14,3.1,27.1,9726.29,36,13.04,1240.95,0.472,0.331,5,1,2,8558.13,rent,debt_consolidation,salaried,midwest,1
52,29401.58,11.2,31.9,21573.6,60,18.8,1090.45,0.445,0.591,1,0,3,14345.79,mortgage,debt_consolidation,contract,southeast,1
36,38989.67,7.9,5.1,25423.65,48,15.36,1072.42,0.33,0.86,3,2,5,20308.34,rent,medical,salaried,southeast,1
66,31070.15,7.5,40.0,16464.08,48,15.19,923.54,0.357,0.259,2,0,2,15726.08,mortgage,education,salaried,southeast,0
46,33932.11,9.2,27.5,12450.13,36,13.92,292.19,0.103,0.837,0,1,1,3773.3,mortgage,debt_consolidation,salaried,midwest,0
34,35703.77,13.4,12.4,20279.72,48,21.57,1042.38,0.35,0.311,3,1,1,16431.38,rent,education,salaried,north,0
67,25983.32,7.2,40.0,16478.67,60,11.5,571.06,0.264,0.441,0,2,5,8422.54,mortgage,debt_consolidation,self_employed,north,0
65,43195.62,6.0,40.0,13437.25,48,13.14,842.05,0.234,0.49,2,2,1,19767.58,own,small_business,self_employed,southeast,0
44,117475.23,12.5,14.9,87575.78,12,9.3,2208.5,0.226,0.598,1,1,0,0.0,own,medical,salaried,north,0
22,18000.0,10.4,1.0,12463.74,36,17.55,645.65,0.43,0.548,1,2,3,3967.28,rent,education,self_employed,north,1
49,39580.24,5.2,17.5,16855.87,12,12.05,1028.42,0.312,0.05,2,3,4,6271.61,own,small_business,salaried,southeast,0
47,25102.44,6.5,24.4,14443.51,12,12.53,648.34,0.31,0.476,2,2,0,16137.0,rent,home_improvement,salaried,northeast,0
28,44024.83,7.3,5.2,19816.7,36,12.33,608.87,0.166,0.602,0,1,3,12727.11,rent,education,self_employed,north,0
51,35226.51,7.9,25.1,21114.28,48,14.76,1759.58,0.599,0.628,2,3,2,10822.79,rent,medical,contract,south,1
61,47571.02,1.1,40.0,30492.97,24,9.25,796.5,0.201,0.255,1,1,4,0.0,rent,debt_consolidation,salaried,north,0
26,56597.09,0.3,2.1,7619.68,12,5.5,1411.62,0.299,0.366,0,1,0,15547.63,rent,debt_consolidation,salaried,northeast,0
55,37452.06,3.0,32.2,6361.35,48,16.42,570.24,0.183,0.387,2,1,5,13767.99,rent,home_improvement,salaried,south,0
27,55573.51,2.6,1.0,18448.99,12,5.62,2128.92,0.46,0.592,2,1,5,31526.99,mortgage,home_improvement,contract,southeast,0
56,18000.0,3.9,28.7,12565.74,12,18.09,473.26,0.316,0.508,0,0,4,5504.29,mortgage,debt_consolidation,self_employed,southeast,1
41,67372.35,9.0,23.1,24989.24,48,21.05,1703.23,0.303,0.894,0,1,3,2185.29,mortgage,small_business,contract,northeast,1
21,40438.04,5.8,1.0,27462.79,48,13.81,1862.01,0.553,0.754,2,1,4,4194.21,mortgage,debt_consolidation,salaried,southeast,1
67,54322.52,7.3,40.0,22344.67,36,19.96,2218.71,0.49,0.094,1,0,0,6462.95,rent,medical,salaried,south,0
28,20695.1,1.6,9.1,6249.45,36,14.4,622.12,0.361,0.166,0,5,5,6029.2,mortgage,debt_consolidation,salaried,north,1
49,24369.23,4.7,25.1,16751.57,24,21.22,676.33,0.333,0.235,0,0,4,3837.27,mortgage,education,salaried,southeast,0
29,36727.98,8.8,6.9,17380.51,24,12.58,1831.34,0.598,0.68,1,3,4,0.0,rent,medical,self_employed,south,1
65,34298.06,8.9,35.1,11905.03,48,5.5,1704.87,0.596,0.634,0,5,2,3179.38,own,home_improvement,salaried,north,1
56,38905.42,3.6,31.5,5757.08,48,14.16,1493.24,0.461,0.427,0,2,0,17072.19,mortgage,debt_consolidation,salaried,north,0
59,54474.96,7.1,35.1,10344.13,24,21.67,2226.57,0.49,0.662,1,3,3,19415.85,mortgage,medical,salaried,midwest,0
41,18000.0,15.3,13.9,3739.78,24,16.75,848.27,0.566,0.483,0,0,3,0.0,mortgage,home_improvement,salaried,south,1
43,52000.26,6.4,15.1,18192.13,24,12.34,2603.16,0.601,0.641,2,4,1,20679.67,mortgage,small_business,salaried,southeast,1
51,34664.74,3.7,24.5,17423.18,12,15.88,359.44,0.124,0.668,3,2,5,6975.12,mortgage,debt_consolidation,self_employed,midwest,0
58,31710.77,5.8,28.6,9950.26,24,18.58,1634.59,0.619,0.36,2,0,2,1924.57,mortgage,home_improvement,self_employed,midwest,0
61,18622.61,6.9,35.3,3003.5,12,14.14,713.3,0.46,0.66,1,1,5,0.0,rent,small_business,salaried,midwest,0
21,42671.24,5.9,1.0,12239.37,48,25.53,1422.67,0.4,0.358,2,1,5,9682.02,rent,education,salaried,south,1
52,18000.0,6.4,23.4,6794.45,24,12.33,454.67,0.303,0.776,0,2,0,9246.95,rent,medical,salaried,northeast,1
26,45357.26,0.7,3.4,33797.06,36,18.71,988.98,0.262,0.233,1,0,0,0.0,own,small_business,salaried,northeast,0
34,18459.15,2.6,10.9,6785.25,36,17.7,791.09,0.514,0.602,2,0,2,11863.58,rent,debt_consolidation,salaried,north,1
60,35328.75,5.9,29.3,6224.68,48,11.56,1275.94,0.433,0.281,3,4,3,13731.02,rent,small_business,salaried,southeast,0
33,32857.95,5.8,2.7,15972.33,60,12.72,515.82,0.188,0.255,0,0,0,16153.13,rent,debt_consolidation,self_employed,southeast,0
59,56455.39,4.2,36.0,39483.39,36,18.78,1925.84,0.409,0.316,0,1,1,34427.74,mortgage,debt_consolidation,self_employed,south,0
43,32047.19,5.8,22.0,19728.84,12,15.11,417.23,0.156,0.225,1,0,5,0.0,own,home_improvement,salaried,midwest,0
32,25808.57,6.7,2.4,16693.43,48,15.92,749.12,0.348,0.467,0,1,2,7345.79,mortgage,debt_consolidation,salaried,north,1
37,27923.58,10.1,10.4,19680.15,12,7.63,919.31,0.395,0.252,2,1,3,4231.95,rent,debt_consolidation,salaried,southeast,1
46,58959.78,6.1,21.6,30719.37,24,17.26,2079.66,0.423,0.409,1,0,3,0.0,own,debt_consolidation,contract,south,1
57,43271.29,8.1,35.4,32315.06,12,15.71,571.33,0.158,0.703,2,0,5,20058.36,own,debt_consolidation,self_employed,northeast,0
50,29379.0,4.3,25.5,4141.48,48,14.23,322.25,0.132,0.332,1,1,0,0.0,mortgage,education,self_employed,southeast,0
65,31278.7,8.8,40.0,20204.44,12,16.02,572.67,0.22,0.245,1,1,3,12447.64,mortgage,home_improvement,salaried,midwest,0
62,18000.0,8.0,40.0,11878.5,36,12.78,611.69,0.408,0.162,0,2,0,7217.1,mortgage,medical,self_employed,south,0
57,40666.47,10.0,33.4,28365.73,36,12.01,1976.08,0.583,0.275,3,4,0,13252.62,mortgage,medical,salaried,north,1
49,18000.0,9.4,24.8,7582.44,36,13.48,751.09,0.501,0.476,3,5,2,5414.76,own,medical,salaried,northeast,1
34,47370.48,8.9,12.7,29193.77,24,12.55,1905.41,0.483,0.138,2,3,5,24878.11,mortgage,debt_consolidation,salaried,midwest,1
40,36461.82,6.1,12.9,8856.6,48,23.66,784.92,0.258,0.798,2,1,2,970.1,mortgage,home_improvement,salaried,southeast,0
26,94138.25,7.5,1.0,47066.49,48,18.33,1100.81,0.14,0.867,1,1,4,45614.0,rent,home_improvement,salaried,south,0
38,21762.49,10.8,10.6,7528.66,36,10.43,1018.57,0.562,0.248,3,1,5,2432.19,rent,home_improvement,salaried,south,1
65,33086.54,3.9,40.0,16397.34,36,23.05,966.29,0.35,0.482,1,0,0,336.54,rent,debt_consolidation,salaried,southeast,0
41,73517.65,4.0,14.6,40111.46,48,12.68,822.64,0.134,0.27,1,3,4,5139.64,mortgage,debt_consolidation,salaried,northeast,0
26,56975.9,7.2,2.6,19295.07,48,14.62,1751.45,0.369,0.538,1,2,5,13806.8,own,small_business,salaried,midwest,1
52,25786.1,8.2,34.6,6607.18,36,18.27,955.64,0.445,0.568,1,1,5,2911.58,rent,small_business,salaried,south,0
67,37951.58,3.2,40.0,12245.58,24,6.23,799.34,0.253,0.247,0,2,4,17542.63,mortgage,home_improvement,self_employed,midwest,0
62,34573.39,6.2,38.3,18610.62,12,13.5,244.88,0.085,0.314,3,2,5,11306.21,mortgage,debt_consolidation,salaried,southeast,0
34,38887.24,6.1,1.0,21249.18,12,12.09,1347.01,0.416,0.662,0,1,3,18831.98,rent,small_business,salaried,southeast,0
42,25759.38,0.0,12.4,15121.52,12,15.36,218.21,0.102,0.932,2,4,0,9511.78,mortgage,small_business,contract,southeast,1
46,33272.46,5.6,19.8,6645.11,12,16.05,869.82,0.314,0.396,0,0,5,17813.94,mortgage,education,salaried,midwest,0
32,18000.0,5.9,7.9,11441.99,24,14.18,788.07,0.525,0.294,1,3,5,8646.98,rent,education,salaried,southeast,1
33,36561.53,5.9,9.3,20238.02,48,13.98,1887.12,0.619,0.82,2,2,1,15087.12,mortgage,small_business,salaried,southeast,1
32,41731.38,12.2,13.5,5809.77,48,18.97,973.61,0.28,0.629,0,2,5,3404.05,mortgage,home_improvement,salaried,southeast,0
68,31397.51,1.6,40.0,10405.97,48,15.77,237.75,0.091,0.428,1,0,3,2947.1,mortgage,home_improvement,salaried,south,1
56,18000.0,3.2,36.9,7452.51,36,14.67,519.25,0.346,0.128,0,0,2,4639.82,rent,debt_consolidation,contract,south,0
61,52322.58,0.0,38.2,18165.83,36,15.12,999.31,0.229,0.385,4,0,4,11347.63,rent,home_improvement,contract,south,0
60,40259.47,4.6,40.0,7809.24,12,22.21,1885.82,0.562,0.49,2,1,3,22490.46,rent,medical,salaried,midwest,1
67,25465.34,4.9,40.0,6382.33,36,15.23,985.11,0.464,0.689,0,1,4,7887.43,mortgage,small_business,salaried,south,1
26,30703.99,4.5,4.1,4159.58,24,12.34,763.34,0.298,0.356,0,1,2,18243.02,rent,small_business,salaried,southeast,0
63,18392.88,10.9,40.0,3285.68,36,6.48,753.33,0.491,0.539,3,0,2,5165.3,mortgage,debt_consolidation,self_employed,northeast,0
24,22456.33,9.9,4.0,6462.24,60,8.48,494.51,0.264,0.527,0,2,0,12611.73,mortgage,small_business,contract,southeast,0
43,27559.96,6.8,21.5,17544.15,48,12.54,830.82,0.362,0.135,1,0,5,0.0,own,debt_consolidation,salaried,southeast,0
49,57868.98,5.0,18.2,26144.14,24,14.04,2788.82,0.578,0.663,1,5,1,10210.01,own,home_improvement,contract,midwest,1
38,26407.64,10.6,12.0,10231.21,48,12.17,413.91,0.188,0.302,0,2,0,14152.51,rent,small_business,salaried,southeast,0
28,45201.69,6.4,7.5,24280.66,12,15.97,938.13,0.249,0.245,2,1,0,9219.63,rent,debt_consolidation,salaried,midwest,0
30,27554.12,3.2,7.3,12706.63,12,12.11,1281.77,0.558,0.432,0,5,2,13741.97,rent,debt_consolidation,salaried,northeast,1
60,38335.74,0.0,37.1,7776.55,12,10.66,1052.36,0.329,0.471,1,1,2,9941.0,mortgage,debt_consolidation,salaried,north,0
36,32552.64,4.7,16.5,8471.91,24,17.07,682.68,0.252,0.553,2,5,5,18219.91,mortgage,debt_consolidation,salaried,south,0
35,49845.51,9.5,15.5,12969.26,36,20.25,415.97,0.1,0.477,1,1,3,19839.68,rent,home_improvement,salaried,northeast,0
65,27594.71,15.6,37.5,13741.34,36,9.85,704.2,0.306,0.44,0,2,4,11393.86,mortgage,education,self_employed,northeast,0
27,18000.0,6.7,5.9,7394.82,12,15.52,525.49,0.35,0.747,1,2,0,4672.04,rent,debt_consolidation,salaried,midwest,1
64,19333.24,3.4,40.0,7040.75,60,6.5,482.4,0.299,0.726,0,1,0,8014.91,mortgage,debt_consolidation,salaried,southeast,0
65,27628.73,1.8,40.0,13004.36,36,8.31,529.15,0.23,0.286,4,2,1,8817.74,mortgage,home_improvement,self_employed,northeast,1
49,20442.98,8.7,25.5,14947.35,36,12.03,475.86,0.279,0.188,1,2,2,6671.6,rent,debt_consolidation,salaried,northeast,0
28,41039.45,0.0,13.9,13048.16,36,19.27,1460.05,0.427,0.653,3,3,0,17632.03,mortgage,education,contract,southeast,1
28,28406.62,8.7,5.2,12718.3,36,11.23,1328.7,0.561,0.246,0,1,5,0.0,mortgage,education,self_employed,southeast,1
34,93651.41,9.8,7.1,39580.19,36,11.07,3362.28,0.431,0.205,1,1,5,39969.72,mortgage,small_business,salaried,north,1
48,18000.0,8.2,23.0,10286.73,36,14.65,643.39,0.429,0.424,1,1,2,1516.72,mortgage,small_business,salaried,northeast,1
28,37628.84,5.6,1.0,21827.84,48,14.66,1634.07,0.521,0.765,2,4,4,0.0,rent,education,salaried,northeast,1
42,21509.71,8.8,13.4,12460.89,24,11.2,303.25,0.169,0.452,1,1,1,6974.55,mortgage,home_improvement,salaried,midwest,0
26,28078.84,7.2,1.0,6934.27,36,22.84,567.64,0.243,0.39,1,1,0,9963.05,mortgage,small_business,salaried,southeast,1
46,36658.34,3.4,10.4,14770.7,12,13.39,327.85,0.107,0.813,2,0,5,15333.76,rent,home_improvement,salaried,southeast,1
22,18000.0,13.9,1.0,11358.72,48,14.98,403.21,0.269,0.661,2,1,4,11915.27,mortgage,home_improvement,salaried,northeast,0
55,38157.09,5.1,31.3,13750.44,24,12.81,1969.43,0.619,0.457,1,0,4,11163.24,mortgage,education,self_employed,midwest,1
23,76820.06,9.6,1.0,56853.05,24,16.35,1650.53,0.258,0.282,3,1,4,50874.26,rent,education,salaried,northeast,1
30,28554.1,0.0,9.5,9988.67,60,19.69,1295.11,0.544,0.14,1,0,4,11403.44,rent,home_improvement,contract,south,1
29,38527.18,11.6,5.5,16702.69,36,21.49,405.56,0.126,0.509,2,6,4,7271.14,mortgage,medical,contract,northeast,0
60,53128.41,12.4,39.9,22258.21,12,11.3,1453.26,0.328,0.246,1,0,5,19795.56,rent,small_business,self_employed,northeast,0
23,32245.69,6.6,1.0,12679.27,24,19.12,724.96,0.27,0.452,0,4,5,4114.11,own,home_improvement,self_employed,south,0
41,27065.0,8.7,20.9,17666.62,36,16.81,425.95,0.189,0.608,0,0,5,16346.38,rent,home_improvement,salaried,northeast,0
49,18000.0,8.7,29.1,3920.82,60,18.59,421.73,0.281,0.39,0,1,2,5296.7,rent,education,salaried,southeast,0
45,45216.44,3.9,20.1,21596.67,36,14.11,1626.62,0.432,0.836,1,4,4,0.0,own,medical,self_employed,southeast,0
53,32940.87,8.7,30.6,16790.58,24,13.71,946.41,0.345,0.48,1,2,1,14256.45,rent,education,salaried,midwest,1
59,22576.68,3.3,40.0,14816.38,36,18.43,1008.31,0.536,0.773,1,2,1,2122.35,mortgage,home_improvement,salaried,south,1
39,36430.83,4.1,22.6,18353.71,36,18.51,1726.43,0.569,0.599,0,1,5,0.0,rent,home_improvement,contract,midwest,1
60,27034.1,11.0,40.0,19594.66,12,21.08,766.47,0.34,0.725,1,1,2,0.0,rent,debt_consolidation,self_employed,northeast,0
36,27668.81,10.4,17.0,18523.32,48,15.33,1406.8,0.61,0.407,1,1,5,17148.66,mortgage,small_business,salaried,south,1
68,44562.25,3.7,40.0,15138.07,12,14.05,441.5,0.119,0.815,1,1,2,0.0,mortgage,medical,self_employed,midwest,0
45,19690.26,3.6,21.0,13029.85,48,5.5,376.12,0.229,0.772,1,2,1,5653.6,rent,medical,self_employed,southeast,1
56,53630.46,3.9,28.2,38819.93,48,7.73,1363.22,0.305,0.863,2,0,2,11478.49,mortgage,home_improvement,contract,southeast,1
63,19205.88,9.4,36.6,5416.72,12,12.84,631.65,0.395,0.691,1,0,3,11010.51,rent,home_improvement,self_employed,south,0
59,26151.59,2.5,31.2,13191.69,48,9.88,816.81,0.375,0.231,2,0,0,16488.89,mortgage,home_improvement,salaried,northeast,0
61,77469.33,7.9,35.3,23049.95,48,17.92,2496.5,0.387,0.64,0,2,3,48668.66,mortgage,debt_consolidation,self_employed,southeast,1
46,55463.98,9.5,22.1,29353.05,36,9.0,2606.69,0.564,0.291,3,2,0,11437.47,own,medical,salaried,southeast,1
23,35989.9,6.1,1.0,6442.01,36,12.39,689.46,0.23,0.265,1,1,2,11920.28,own,debt_consolidation,salaried,north,0
44,23271.33,10.5,16.9,13556.44,12,12.56,1010.56,0.521,0.691,5,0,1,12978.07,own,education,self_employed,north,1
29,27658.98,5.3,4.3,10634.5,12,19.56,878.91,0.381,0.429,1,0,3,1603.58,own,home_improvement,salaried,north,0
63,35624.03,5.6,34.3,17455.9,48,11.95,1023.79,0.345,0.29,1,2,5,877.47,own,small_business,contract,southeast,0
32,35093.1,2.6,19.6,4782.95,12,16.4,706.78,0.242,0.126,0,2,0,21274.63,mortgage,medical,contract,midwest,0
31,33250.8,10.6,9.3,18558.21,24,15.32,676.65,0.244,0.473,1,3,0,0.0,rent,small_business,salaried,midwest,0
32,34099.92,3.4,10.4,14747.35,36,18.29,823.45,0.29,0.734,0,2,2,4762.91,mortgage,small_business,salaried,southeast,1
51,31570.0,7.9,22.8,16224.08,24,18.07,1295.15,0.492,0.069,1,4,4,2220.27,mortgage,debt_consolidation,salaried,southeast,0
48,18851.9,6.2,17.9,6011.32,48,14.36,530.11,0.337,0.186,2,2,1,459.74,own,debt_consolidation,salaried,southeast,0
66,27807.62,2.3,40.0,5891.51,48,7.38,377.88,0.163,0.385,2,1,4,18328.99,mortgage,small_business,salaried,midwest,0
40,50723.37,4.1,10.6,20001.25,48,13.53,2072.58,0.49,0.551,1,2,0,6167.51,rent,home_improvement,salaried,northeast,1
34,19444.11,12.0,16.3,13896.84,12,14.42,710.07,0.438,0.464,0,3,1,5263.82,rent,small_business,salaried,southeast,0
23,31900.81,7.3,5.1,8406.19,36,15.7,1575.34,0.593,0.266,1,0,3,5995.84,rent,home_improvement,self_employed,southeast,1
21,24482.24,2.5,1.0,13361.88,48,11.4,746.47,0.366,0.226,1,2,3,5376.81,mortgage,debt_consolidation,salaried,midwest,0
38,36198.29,7.7,16.4,5480.47,36,19.29,1307.33,0.433,0.408,1,3,2,18931.5,mortgage,education,salaried,northeast,1
65,29341.97,5.9,40.0,16795.43,36,14.56,828.52,0.339,0.622,2,4,5,13564.6,rent,medical,salaried,north,1
46,64247.97,20.3,20.1,17360.79,36,10.63,2396.56,0.448,0.648,0,0,2,21693.35,rent,medical,salaried,southeast,0
63,42734.63,7.6,36.9,17284.27,24,12.58,1123.58,0.316,0.747,1,1,3,14153.2,rent,debt_consolidation,salaried,north,1
25,19911.3,5.0,1.0,7002.49,24,22.6,256.26,0.154,0.728,0,1,0,0.0,own,debt_consolidation,self_employed,southeast,1
25,45794.34,12.2,4.0,8750.81,36,17.29,2338.6,0.613,0.809,2,3,5,10928.98,rent,debt_consolidation,salaried,southeast,0
61,24950.43,0.0,38.2,8426.17,12,18.9,975.14,0.469,0.369,1,1,3,14962.18,rent,medical,contract,north,0
26,27110.1,6.9,3.1,9233.12,48,10.13,923.23,0.409,0.425,1,2,2,14906.69,mortgage,small_business,salaried,southeast,1
23,39411.15,14.5,1.0,17692.71,36,11.61,1116.54,0.34,0.592,1,1,1,0.0,rent,medical,salaried,northeast,1
40,28098.35,6.0,29.8,20584.33,12,11.64,1086.87,0.464,0.4,1,1,3,10715.06,mortgage,medical,self_employed,south,1
65,50261.74,0.0,40.0,20914.47,48,15.27,621.82,0.148,0.688,2,1,0,22522.97,own,debt_consolidation,salaried,midwest,0
54,24951.91,4.9,31.0,17368.74,36,13.77,532.52,0.256,0.733,0,1,2,14002.58,rent,home_improvement,salaried,southeast,0
25,26636.63,12.3,6.9,10941.83,24,12.44,327.05,0.147,0.737,2,1,4,12999.97,own,home_improvement,salaried,south,0
61,26221.22,8.0,39.2,4923.09,60,12.97,323.51,0.148,0.482,0,1,4,17592.9,mortgage,home_improvement,contract,southeast,0
61,27239.73,3.1,38.6,7218.43,48,11.17,207.77,0.092,0.809,3,1,3,620.63,rent,medical,salaried,north,1
59,54811.78,3.8,39.0,20649.58,36,13.74,2229.85,0.488,0.489,0,2,2,14743.18,rent,debt_consolidation,salaried,north,0
64,44985.45,4.3,40.0,14619.48,48,19.18,760.05,0.203,0.114,0,1,3,26695.07,rent,education,contract,midwest,0
32,70839.81,7.9,6.2,47141.94,36,8.14,3124.53,0.529,0.633,1,1,1,19366.49,rent,debt_consolidation,salaried,north,0
68,89537.3,11.9,40.0,49025.86,36,15.96,4241.04,0.568,0.787,2,1,3,29742.29,rent,education,self_employed,northeast,0
36,22406.33,10.7,15.0,10852.16,24,20.3,319.34,0.171,0.222,1,3,1,5519.02,own,debt_consolidation,salaried,southeast,0
59,35581.32,8.3,36.7,15281.27,24,13.73,1372.21,0.463,0.176,1,1,1,504.73,rent,small_business,self_employed,southeast,0
48,21078.23,1.2,25.0,7804.86,36,12.28,577.13,0.329,0.43,0,1,4,13493.38,own,small_business,salaried,midwest,0
58,24919.49,1.2,40.0,12601.32,36,18.38,1196.63,0.576,0.484,0,0,0,2430.37,mortgage,home_improvement,salaried,northeast,0
51,26512.33,8.6,25.9,5262.76,48,10.37,754.69,0.342,0.36,2,1,1,9395.77,mortgage,medical,salaried,southeast,1
51,22158.91,1.1,30.0,4928.05,36,14.4,525.52,0.285,0.392,2,1,2,3929.27,mortgage,education,contract,southeast,0
50,22207.99,5.6,21.3,6905.87,36,10.13,442.43,0.239,0.472,0,0,5,13156.4,own,debt_consolidation,salaried,north,0
58,32513.17,7.7,32.3,7408.01,48,6.65,1538.84,0.568,0.172,0,0,4,4909.83,own,home_improvement,salaried,southeast,0
56,20722.56,1.9,27.7,11326.38,60,13.86,349.07,0.202,0.262,0,0,2,12545.1,rent,debt_consolidation,salaried,south,0
27,49202.19,2.4,8.5,6672.02,24,9.19,2160.66,0.527,0.077,1,1,3,10310.03,rent,debt_consolidation,self_employed,northeast,1
60,23495.01,6.1,38.7,5190.33,60,14.45,361.94,0.185,0.643,2,0,1,13867.05,rent,debt_consolidation,salaried,northeast,0
46,112422.45,8.5,28.6,77418.95,48,19.18,4004.43,0.427,0.318,0,0,4,3272.28,rent,debt_consolidation,salaried,southeast,0
36,28578.74,10.7,16.2,21389.82,12,22.29,770.62,0.324,0.744,3,3,2,13205.75,rent,medical,salaried,northeast,1
45,35605.22,8.9,16.4,15209.91,24,14.89,404.98,0.136,0.669,2,2,5,14238.49,mortgage,medical,salaried,south,1
67,20049.44,6.8,37.3,8663.03,24,18.78,247.28,0.148,0.634,2,1,5,921.14,rent,debt_consolidation,salaried,southeast,0
62,70725.29,3.5,40.0,42947.31,36,16.18,1367.44,0.232,0.623,1,0,1,12445.82,own,education,self_employed,northeast,0
61,55281.32,2.2,40.0,7894.14,36,12.89,2275.71,0.494,0.25,1,2,2,28029.91,mortgage,debt_consolidation,salaried,north,0
43,39132.35,4.5,20.3,15223.4,36,6.42,1544.51,0.474,0.585,1,1,5,16413.06,rent,small_business,salaried,midwest,1
58,19620.75,8.1,32.4,3588.47,48,21.33,311.91,0.191,0.553,2,3,0,4668.67,mortgage,debt_consolidation,salaried,southeast,0
39,37740.16,7.8,23.9,14061.37,24,10.09,1060.34,0.337,0.117,0,1,3,1823.85,mortgage,debt_consolidation,salaried,southeast,0
53,21568.71,0.0,37.2,15956.7,36,20.31,237.93,0.132,0.352,1,1,3,7206.25,rent,home_improvement,self_employed,south,0
51,63843.45,3.4,25.8,37973.38,48,16.75,2482.5,0.467,0.161,1,1,3,25678.16,rent,education,salaried,southeast,0
32,48526.33,11.3,17.8,35937.58,60,10.4,2055.83,0.508,0.685,3,1,3,18261.25,rent,home_improvement,self_employed,southeast,1
33,35957.19,6.8,12.0,21215.13,48,15.81,1685.48,0.562,0.394,2,0,3,8448.86,rent,education,salaried,southeast,0
23,18000.0,0.8,1.0,9055.97,24,23.46,837.45,0.558,0.357,0,4,2,3868.86,mortgage,debt_consolidation,self_employed,southeast,0
27,22855.92,15.9,2.1,13602.91,12,20.95,499.9,0.262,0.819,1,4,2,4484.6,rent,small_business,salaried,northeast,1
41,46113.44,6.4,18.6,24681.19,24,12.35,835.61,0.217,0.339,4,3,5,1415.85,rent,debt_consolidation,salaried,southeast,1
43,57492.58,8.0,21.6,23707.73,36,11.51,2702.91,0.564,0.551,4,0,0,37704.18,mortgage,debt_consolidation,salaried,southeast,1
28,55041.97,8.1,1.2,16749.5,24,14.92,728.59,0.159,0.611,0,1,0,10210.23,mortgage,debt_consolidation,salaried,southeast,0
41,18000.0,5.0,16.7,8058.82,60,13.8,168.07,0.112,0.317,0,0,0,5315.1,rent,debt_consolidation,salaried,northeast,0
50,39208.62,3.6,29.9,11090.19,36,19.54,815.84,0.25,0.672,5,2,3,7560.7,rent,education,salaried,south,1
32,52918.93,15.0,8.8,22575.54,36,17.61,2163.33,0.491,0.571,1,2,1,13184.56,rent,home_improvement,salaried,southeast,0
37,18000.0,10.5,12.3,3817.18,24,7.39,682.3,0.455,0.599,0,2,0,7855.9,mortgage,small_business,salaried,south,0
38,34429.88,9.8,7.3,16395.47,36,16.43,1758.82,0.613,0.437,2,1,1,12633.88,mortgage,debt_consolidation,self_employed,southeast,1
45,38754.95,8.8,18.5,10639.35,36,13.75,885.38,0.274,0.129,2,1,1,19068.35,mortgage,debt_consolidation,salaried,midwest,0
38,30445.06,2.5,9.5,9284.92,48,14.66,580.89,0.229,0.559,1,2,0,1430.26,rent,small_business,salaried,south,0
56,18000.0,11.6,35.7,7818.98,12,15.55,426.35,0.284,0.466,1,2,4,9550.27,own,debt_consolidation,salaried,northeast,0
36,30127.9,3.1,15.4,6700.19,48,19.53,1261.4,0.502,0.411,1,3,0,18088.74,rent,debt_consolidation,self_employed,northeast,0
41,30107.56,7.6,19.1,21867.1,12,18.61,491.06,0.196,0.107,2,1,5,19169.39,rent,debt_consolidation,self_employed,northeast,0
39,32461.49,0.0,16.6,13035.72,24,11.35,1600.85,0.592,0.415,3,1,5,2922.46,own,medical,salaried,northeast,1
29,27264.53,0.0,10.5,9322.72,60,14.25,810.61,0.357,0.358,0,2,5,8443.65,own,home_improvement,self_employed,south,0
53,28679.41,7.8,24.3,3969.05,24,12.62,1201.9,0.503,0.259,2,1,1,17545.78,mortgage,debt_consolidation,salaried,south,0
32,33973.07,3.3,5.0,22124.97,12,7.44,1491.2,0.527,0.34,2,1,1,16993.38,rent,home_improvement,contract,southeast,1
35,41598.98,0.0,13.4,21393.33,36,14.04,1173.65,0.339,0.535,2,2,5,1641.37,mortgage,medical,salaried,southeast,0
59,30398.26,8.7,33.1,11622.33,36,22.25,1216.79,0.48,0.625,0,0,3,14539.22,mortgage,debt_consolidation,salaried,south,0
66,29084.12,15.0,40.0,7988.99,12,7.31,671.2,0.277,0.141,0,2,3,16066.44,rent,debt_consolidation,self_employed,south,0
53,35910.63,12.1,26.8,21167.04,12,14.4,1549.85,0.518,0.416,1,2,5,18663.61,rent,medical,salaried,southeast,0
64,18000.0,5.5,40.0,12881.68,12,14.26,787.36,0.525,0.594,0,2,1,2882.3,mortgage,medical,self_employed,north,0
62,42207.57,6.5,39.7,15190.93,36,15.71,1356.8,0.386,0.836,0,2,2,18918.05,mortgage,small_business,salaried,southeast,0
44,34536.21,10.1,21.3,7078.95,24,10.46,569.27,0.198,0.284,2,0,0,16449.48,mortgage,debt_consolidation,salaried,southeast,1
57,35125.1,11.0,31.2,6631.36,48,8.51,1767.73,0.604,0.458,4,1,4,10092.44,rent,debt_consolidation,salaried,northeast,1
36,51715.27,5.1,15.8,6413.11,48,8.71,2548.57,0.591,0.165,1,5,1,27335.81,own,medical,salaried,midwest,0
43,18000.0,6.6,31.2,10596.45,12,20.09,622.05,0.415,0.583,2,4,0,1387.92,own,small_business,salaried,south,1
46,18000.0,7.7,27.9,13289.02,24,10.37,916.94,0.611,0.707,0,0,2,2591.27,mortgage,home_improvement,salaried,northeast,1
67,38754.32,8.7,40.0,28890.39,12,12.4,1135.21,0.352,0.685,3,1,3,18225.32,rent,debt_consolidation,self_employed,southeast,1
61,34441.27,6.0,37.7,21148.47,24,23.34,811.56,0.283,0.656,1,2,1,1641.23,rent,debt_consolidation,salaried,north,1
44,37103.79,6.0,13.4,8243.56,24,11.42,1016.25,0.329,0.458,3,1,5,1025.87,mortgage,education,salaried,northeast,1
52,28450.09,12.0,26.4,20938.04,48,15.94,248.44,0.105,0.428,1,0,4,9683.52,mortgage,small_business,self_employed,southeast,0
30,45662.31,11.3,6.6,14909.77,24,18.97,1432.75,0.377,0.561,0,0,5,20695.18,mortgage,home_improvement,salaried,midwest,0
59,51108.61,8.4,36.1,16875.06,36,18.77,1872.98,0.44,0.629,2,0,2,27489.35,rent,small_business,self_employed,southeast,1
47,42330.9,13.4,19.0,23409.93,36,8.91,490.83,0.139,0.568,0,1,2,5928.22,own,education,salaried,south,0
46,30960.02,5.0,25.7,4671.9,48,11.5,562.5,0.218,0.763,0,2,3,11961.59,rent,small_business,self_employed,south,1
57,18000.0,13.0,34.6,11524.23,24,15.77,704.16,0.469,0.685,0,2,5,0.0,own,debt_consolidation,self_employed,midwest,1
51,47718.73,8.7,32.9,35707.79,24,22.6,2022.23,0.509,0.573,1,2,3,0.0,mortgage,medical,salaried,north,1
24,57706.55,19.6,1.0,35102.55,60,11.3,2944.8,0.612,0.694,5,3,2,8122.12,mortgage,debt_consolidation,salaried,south,1
34,45284.25,1.7,9.2,27734.62,24,12.43,817.91,0.217,0.203,2,1,3,8168.43,rent,small_business,salaried,northeast,1
29,23874.12,3.7,9.2,8735.48,36,16.26,1063.15,0.534,0.645,1,3,0,9502.78,rent,debt_consolidation,salaried,northeast,1
56,45843.73,8.2,33.5,7405.16,36,17.1,660.67,0.173,0.595,3,0,5,3404.25,own,education,salaried,southeast,0
22,49583.95,8.1,1.0,30711.33,36,17.36,622.59,0.151,0.762,0,2,4,20737.01,mortgage,small_business,salaried,northeast,1
30,66483.08,14.3,8.1,32989.54,24,10.95,2624.81,0.474,0.443,1,1,2,40558.73,mortgage,debt_consolidation,self_employed,north,0
49,23909.56,3.8,28.4,16566.54,12,12.27,639.12,0.321,0.354,2,0,0,0.0,mortgage,home_improvement,salaried,northeast,0
54,31410.24,10.1,33.9,6063.95,36,15.41,1331.58,0.509,0.695,1,3,1,16759.42,rent,home_improvement,self_employed,south,0
45,47280.55,11.1,20.5,14762.29,36,19.8,916.4,0.233,0.217,0,1,3,15896.52,mortgage,home_improvement,salaried,northeast,0
62,35387.44,9.3,40.0,12286.99,48,13.5,575.41,0.195,0.326,1,3,5,10870.43,rent,debt_consolidation,salaried,midwest,0
65,21605.92,2.7,40.0,11893.33,48,14.41,677.62,0.376,0.655,0,2,2,5106.52,rent,debt_consolidation,salaried,southeast,0
27,41115.43,12.1,10.0,25338.6,60,10.19,487.45,0.142,0.426,1,4,5,20529.07,rent,medical,salaried,southeast,0
66,44048.12,11.4,40.0,31954.39,60,22.33,846.18,0.231,0.481,0,2,3,6409.09,mortgage,debt_consolidation,salaried,northeast,0
50,35844.46,8.9,27.8,10972.22,48,15.15,507.1,0.17,0.789,1,4,4,15477.48,rent,home_improvement,salaried,southeast,1
51,37881.79,7.3,29.4,16326.71,12,19.03,798.12,0.253,0.492,1,3,0,4766.64,own,debt_consolidation,salaried,midwest,0
25,30987.63,7.4,1.1,4283.9,36,14.63,1274.03,0.493,0.558,2,1,4,1596.02,mortgage,education,contract,southeast,0
50,64271.86,6.2,23.6,17956.42,36,14.86,777.69,0.145,0.36,0,3,1,24906.24,own,small_business,salaried,southeast,0
55,23663.98,9.1,28.8,8415.44,36,8.2,809.33,0.41,0.071,4,2,2,4262.18,mortgage,education,contract,midwest,0
48,26992.8,6.6,22.5,13337.08,24,5.5,890.25,0.396,0.05,2,0,1,12928.25,rent,small_business,salaried,southeast,0
25,34704.13,3.1,3.1,14458.87,36,19.76,1071.75,0.371,0.688,2,2,3,11532.66,own,home_improvement,contract,south,0
46,49969.13,2.3,25.6,17470.17,24,14.83,1422.01,0.341,0.264,1,5,3,8014.7,rent,medical,salaried,south,0
65,18418.36,3.5,40.0,9451.73,24,15.37,673.01,0.438,0.107,1,1,2,9539.04,own,education,salaried,midwest,0
55,19923.9,7.4,34.7,12791.7,48,9.25,896.54,0.54,0.407,1,0,0,1566.97,rent,education,salaried,southeast,0
27,18000.0,6.4,3.9,4900.66,36,10.71,251.25,0.167,0.692,1,1,3,7546.26,own,education,salaried,northeast,0
67,35022.01,7.4,40.0,11767.81,36,18.96,1516.54,0.52,0.373,0,2,2,4211.9,mortgage,home_improvement,salaried,north,0
67,21597.04,8.5,40.0,12182.93,36,21.81,203.73,0.113,0.452,0,1,4,2186.88,mortgage,small_business,self_employed,northeast,1
29,29392.33,4.0,10.3,17932.33,36,11.89,833.63,0.34,0.846,1,0,4,17019.88,mortgage,small_business,self_employed,southeast,0
59,45605.28,12.4,40.0,29187.38,24,17.32,1353.68,0.356,0.199,4,1,2,27788.36,rent,medical,salaried,southeast,0
40,26385.03,5.4,13.3,6645.83,36,15.3,410.5,0.187,0.16,1,3,0,5052.44,rent,medical,self_employed,northeast,0
49,38068.35,4.8,28.1,17501.47,24,13.99,407.41,0.128,0.555,2,1,3,7098.42,rent,home_improvement,salaried,southeast,0
42,30463.3,8.4,22.8,20928.5,36,22.28,305.78,0.12,0.262,0,1,4,12688.04,own,small_business,salaried,northeast,1
58,45811.39,0.0,39.9,16809.52,12,12.6,382.17,0.1,0.123,2,0,4,6966.35,mortgage,debt_consolidation,salaried,northeast,0
68,42173.77,3.3,40.0,16482.62,60,19.71,1369.73,0.39,0.642,1,0,2,23119.89,rent,medical,salaried,midwest,0
59,25832.48,10.4,29.8,19127.36,48,16.1,352.95,0.164,0.441,2,0,1,0.0,rent,education,salaried,northeast,0
65,32182.12,0.0,40.0,6153.97,36,14.43,1385.71,0.517,0.613,2,0,0,2984.87,own,medical,salaried,northeast,1
66,53550.06,11.0,40.0,30230.58,24,20.26,2523.25,0.565,0.311,0,0,3,5108.75,own,small_business,salaried,southeast,0
25,40750.29,12.5,1.0,26716.54,36,15.72,807.88,0.238,0.163,4,3,1,5296.57,own,education,self_employed,south,0
33,19211.72,5.0,18.1,4130.52,48,14.1,270.26,0.169,0.184,1,0,4,11537.72,rent,debt_consolidation,self_employed,midwest,0
55,45495.09,7.7,23.1,25937.0,36,20.29,1141.89,0.301,0.71,0,1,3,15846.81,mortgage,small_business,contract,midwest,1
49,21904.85,11.0,15.0,9111.0,48,19.75,1015.01,0.556,0.571,5,2,0,0.0,rent,home_improvement,salaried,southeast,1
23,62520.86,4.6,12.2,41096.29,48,19.55,1541.67,0.296,0.497,1,4,4,0.0,mortgage,home_improvement,salaried,southeast,1
25,53110.05,10.0,2.4,36735.96,36,5.5,612.99,0.139,0.444,4,1,1,9595.64,own,debt_consolidation,salaried,northeast,1
45,39016.97,3.8,25.2,26128.32,36,16.35,1988.96,0.612,0.201,1,2,5,11587.65,rent,debt_consolidation,salaried,south,0
50,36902.62,4.6,28.2,5925.18,36,15.39,1075.79,0.35,0.496,1,2,0,14781.63,mortgage,education,salaried,south,0
29,31640.92,3.3,7.9,18883.9,36,14.35,698.42,0.265,0.926,2,0,2,715.06,rent,small_business,self_employed,southeast,1
29,45934.88,7.9,2.3,32180.25,36,17.06,2153.41,0.563,0.266,1,1,0,23007.12,mortgage,debt_consolidation,contract,south,0
27,29562.83,11.1,4.5,15119.9,48,15.59,1430.84,0.581,0.783,3,0,3,8039.55,rent,education,salaried,southeast,1
48,38136.97,5.8,29.1,19013.26,12,17.35,1106.84,0.348,0.652,1,1,2,23643.38,rent,debt_consolidation,contract,southeast,0
21,49822.02,1.4,1.0,7391.27,24,13.37,1019.8,0.246,0.728,0,1,3,18537.2,rent,debt_consolidation,salaried,south,1
48,27283.61,2.2,22.7,17988.1,24,20.79,774.45,0.341,0.902,0,0,4,6024.25,rent,debt_consolidation,salaried,midwest,1
43,26667.45,8.1,25.3,3979.7,60,17.77,440.93,0.198,0.253,1,3,5,1756.79,mortgage,debt_consolidation,salaried,north,1
43,20918.02,13.9,27.4,6641.7,36,16.78,589.62,0.338,0.167,1,3,2,12834.82,mortgage,medical,salaried,southeast,0
53,22090.91,8.1,21.0,15536.4,36,16.57,375.35,0.204,0.577,0,1,3,0.0,own,small_business,salaried,southeast,0
46,18000.0,5.0,25.9,12930.11,36,19.36,623.98,0.416,0.615,1,2,3,4324.64,rent,small_business,salaried,southeast,1
55,46935.43,9.6,32.6,34962.08,36,18.79,1917.86,0.49,0.229,0,3,5,14245.5,mortgage,small_business,salaried,north,1
57,73846.52,5.5,35.8,31025.39,48,14.03,3713.81,0.603,0.726,0,0,1,21992.38,own,home_improvement,salaried,southeast,0
65,62858.29,5.0,39.5,14569.33,60,18.66,2802.37,0.535,0.555,1,2,3,24128.45,mortgage,small_business,self_employed,north,1
59,18000.0,2.7,28.0,7693.29,48,15.23,189.77,0.127,0.62,2,3,5,9045.23,mortgage,education,salaried,northeast,1
45,46837.48,12.1,19.4,8639.51,48,22.55,758.07,0.194,0.189,0,2,1,2636.3,own,small_business,salaried,midwest,0
44,62773.27,0.0,27.8,42039.12,24,19.11,1920.41,0.367,0.758,1,0,2,17753.85,mortgage,home_improvement,contract,southeast,0
32,28513.7,9.7,15.2,13490.93,24,11.87,520.61,0.219,0.894,0,2,2,16039.57,rent,debt_consolidation,contract,northeast,1
49,36048.05,4.6,27.8,13512.2,36,24.29,263.62,0.088,0.465,0,1,4,0.0,rent,debt_consolidation,contract,southeast,0
27,18000.0,4.9,5.2,3061.88,36,5.67,731.38,0.488,0.488,2,1,4,398.93,rent,debt_consolidation,salaried,northeast,0
65,38639.46,13.3,40.0,14501.45,24,17.18,879.68,0.273,0.436,0,0,0,24004.31,mortgage,education,salaried,northeast,0
61,22099.38,3.6,34.3,14711.57,48,11.58,213.06,0.116,0.588,1,1,1,1326.83,mortgage,home_improvement,self_employed,midwest,1
26,37565.7,3.8,7.9,21154.96,24,22.41,1110.6,0.355,0.085,2,3,4,7689.52,rent,education,contract,northeast,1
58,18000.0,6.0,28.3,3095.05,24,15.56,911.54,0.608,0.443,1,0,4,3814.25,mortgage,home_improvement,salaried,north,0
26,43390.7,8.2,1.0,9578.13,24,11.17,1614.17,0.446,0.678,1,1,3,16632.99,mortgage,home_improvement,contract,south,1
55,53119.28,4.7,33.1,19502.98,48,13.38,733.64,0.166,0.273,1,2,2,23046.24,mortgage,small_business,salaried,northeast,0
25,24861.22,0.2,1.0,4571.14,48,11.5,741.11,0.358,0.742,1,1,5,12289.53,rent,debt_consolidation,self_employed,southeast,1
44,21428.83,3.0,26.5,15181.17,36,13.22,1012.39,0.567,0.93,0,2,5,2554.63,rent,medical,salaried,southeast,0
52,18000.0,11.6,26.2,9556.99,48,13.12,163.94,0.109,0.767,0,0,2,3120.84,mortgage,debt_consolidation,salaried,southeast,0
55,30887.48,6.8,34.2,5551.67,48,11.35,1092.55,0.424,0.47,1,2,2,11409.04,rent,education,salaried,southeast,0
41,27057.8,8.3,22.9,16680.49,36,15.63,1058.61,0.469,0.586,3,1,5,3263.79,mortgage,debt_consolidation,salaried,southeast,1
65,18008.01,5.5,40.0,6340.54,48,16.14,690.56,0.46,0.319,1,3,2,7652.53,mortgage,home_improvement,salaried,southeast,0
58,41783.96,3.9,37.1,11460.03,24,10.32,560.92,0.161,0.953,3,2,2,14668.57,mortgage,home_improvement,salaried,southeast,0
30,28595.72,13.2,8.5,13699.94,36,7.54,1358.13,0.57,0.155,0,1,5,15727.62,own,debt_consolidation,salaried,northeast,0
53,21986.65,5.7,25.7,2823.62,12,15.81,465.43,0.254,0.851,3,2,0,0.0,rent,home_improvement,salaried,south,1
56,27366.63,4.7,36.5,11307.91,36,16.73,246.16,0.108,0.734,1,2,4,1093.83,rent,home_improvement,salaried,north,0
37,54173.54,10.9,6.2,35299.33,36,17.57,564.03,0.125,0.254,0,0,4,25627.7,own,medical,salaried,south,0
56,44499.51,3.6,39.0,31357.75,12,16.81,1212.95,0.327,0.66,1,4,2,7934.98,mortgage,home_improvement,salaried,southeast,0
64,32708.46,4.1,33.7,10983.81,36,21.11,276.91,0.102,0.448,0,1,1,0.0,rent,debt_consolidation,salaried,midwest,0
60,44802.72,6.5,40.0,23509.56,36,18.69,1870.36,0.501,0.442,4,3,5,28773.33,mortgage,debt_consolidation,salaried,midwest,0
57,21214.01,6.5,34.0,5577.14,36,25.76,967.97,0.548,0.401,2,0,4,7937.34,mortgage,medical,contract,south,1
51,35017.23,7.5,30.2,16560.85,12,27.52,254.52,0.087,0.409,3,1,5,10099.99,mortgage,debt_consolidation,contract,southeast,0
33,36749.33,14.9,11.5,10291.19,12,7.12,1584.53,0.517,0.593,2,1,2,17658.32,mortgage,small_business,salaried,north,1
59,28358.12,7.8,32.4,13610.61,36,5.5,1441.19,0.61,0.811,1,0,5,11448.0,rent,debt_consolidation,salaried,north,1
38,41476.92,0.0,8.3,9464.41,48,14.47,333.19,0.096,0.091,0,1,4,8524.82,mortgage,home_improvement,self_employed,north,0
46,24889.91,7.8,17.6,17745.92,48,16.62,977.93,0.471,0.184,1,2,1,0.0,rent,home_improvement,salaried,south,1
36,42792.78,6.7,14.8,29045.94,24,14.18,2209.22,0.62,0.121,1,3,2,10158.19,mortgage,medical,salaried,southeast,1
36,43555.04,6.7,12.2,14471.53,48,17.46,1852.7,0.51,0.702,0,0,1,14213.68,rent,small_business,contract,south,1
28,18000.0,7.5,8.5,10967.36,36,13.36,529.34,0.353,0.49,3,0,3,6934.7,own,debt_consolidation,contract,northeast,1
67,56949.97,6.4,40.0,10260.54,60,11.59,2647.25,0.558,0.224,0,4,1,18875.49,mortgage,small_business,contract,southeast,0
28,18000.0,6.3,10.2,10555.69,12,12.22,693.43,0.462,0.426,0,2,4,0.0,own,debt_consolidation,salaried,southeast,1
25,26669.06,9.0,4.0,7946.03,36,13.66,528.77,0.238,0.567,0,1,2,11217.82,rent,medical,salaried,north,1
65,53137.93,4.3,40.0,10917.42,36,18.04,890.65,0.201,0.223,0,3,3,3045.69,rent,home_improvement,self_employed,southeast,0
47,30234.52,2.7,32.6,16546.16,24,12.46,898.91,0.357,0.459,1,3,3,12514.68,mortgage,medical,salaried,southeast,0
42,18661.2,18.6,19.2,7762.65,12,13.29,437.63,0.281,0.526,2,3,3,7443.94,rent,education,self_employed,northeast,0
56,21821.05,3.6,26.2,9906.49,12,16.89,468.99,0.258,0.047,2,0,4,8054.7,own,debt_consolidation,salaried,north,0
39,53172.7,6.9,11.0,23817.85,36,13.67,780.22,0.176,0.642,2,1,3,14019.41,mortgage,medical,contract,north,1
27,18000.0,0.5,6.6,2834.14,36,19.19,804.68,0.536,0.786,1,3,3,1625.34,own,medical,salaried,southeast,1
56,55502.11,7.0,39.3,8456.83,48,10.64,2130.85,0.461,0.602,2,1,3,24421.61,rent,education,salaried,northeast,1
29,33754.1,2.8,3.9,16834.37,24,9.73,728.28,0.259,0.424,3,0,3,0.0,rent,home_improvement,contract,north,1
47,20935.34,4.7,34.4,10740.56,48,15.78,363.47,0.208,0.436,1,2,4,8791.31,rent,small_business,self_employed,northeast,1
66,27040.52,10.7,38.0,4048.51,36,16.2,336.19,0.149,0.31,1,2,2,3527.48,own,debt_consolidation,salaried,southeast,0
65,22533.67,8.4,40.0,8076.44,60,10.87,264.31,0.141,0.601,3,1,1,8130.93,rent,medical,contract,northeast,1
38,49702.7,8.8,6.8,25154.35,12,20.14,1730.31,0.418,0.673,1,0,1,4906.93,mortgage,debt_consolidation,salaried,northeast,0
58,46986.69,0.0,40.0,25077.21,48,22.58,543.33,0.139,0.279,1,1,1,831.91,mortgage,education,salaried,south,0
50,18000.0,13.8,22.9,11552.65,60,11.86,897.77,0.599,0.487,1,3,3,4020.97,own,education,salaried,south,1
44,29158.2,1.7,21.5,11227.69,48,20.75,560.65,0.231,0.409,0,4,4,13630.24,own,medical,self_employed,southeast,0
27,24039.7,12.6,5.5,11188.14,48,5.5,188.18,0.094,0.712,1,2,1,3734.22,own,education,salaried,midwest,0
39,59472.79,10.6,22.2,28814.15,36,19.02,2685.58,0.542,0.626,2,3,3,18611.18,rent,education,salaried,south,1
52,19593.6,8.8,26.3,6203.11,48,10.9,454.73,0.278,0.518,0,0,2,10856.61,own,education,contract,southeast,0
68,67763.31,3.1,40.0,10429.45,36,18.6,1497.58,0.265,0.236,1,0,5,25957.54,mortgage,small_business,salaried,south,0
21,34064.68,7.1,1.0,4178.45,36,10.46,408.93,0.144,0.291,1,4,5,14423.96,mortgage,debt_consolidation,self_employed,northeast,0
55,21204.9,4.6,27.5,13714.46,60,14.21,771.55,0.437,0.431,2,2,5,0.0,rent,medical,self_employed,northeast,1
61,25992.02,6.6,40.0,6397.83,24,11.1,592.94,0.274,0.581,2,2,5,2359.76,own,home_improvement,salaried,midwest,0
66,24669.43,5.5,40.0,12755.59,36,13.6,1078.09,0.524,0.784,1,1,5,2987.95,mortgage,education,self_employed,midwest,0
41,20224.71,0.0,24.2,9779.45,60,22.19,708.76,0.421,0.892,3,2,3,10506.34,own,home_improvement,self_employed,northeast,1
26,35947.95,11.0,1.0,13364.33,24,14.05,1663.05,0.555,0.244,2,2,3,0.0,mortgage,home_improvement,salaried,northeast,0
34,20625.34,6.2,14.5,13305.42,24,23.36,715.33,0.416,0.811,1,0,1,1293.94,mortgage,home_improvement,salaried,northeast,1
61,18000.0,4.6,31.3,10079.87,24,12.88,751.22,0.501,0.491,0,0,4,0.0,rent,medical,salaried,south,1
63,29452.55,4.3,37.6,3956.28,48,20.77,1119.52,0.456,0.901,2,0,1,15162.88,rent,debt_consolidation,salaried,south,1
51,18000.0,7.9,26.5,10967.71,48,7.67,494.7,0.33,0.386,0,1,2,2386.5,own,home_improvement,salaried,northeast,1
26,25187.23,2.9,4.4,11067.5,12,13.3,948.48,0.452,0.571,1,2,5,11755.63,mortgage,debt_consolidation,salaried,midwest,1
26,23580.53,0.0,1.0,7984.89,36,12.25,861.38,0.438,0.597,2,1,0,5554.91,rent,home_improvement,salaried,midwest,1
43,23958.76,8.1,20.1,13846.66,36,20.96,166.95,0.084,0.594,1,1,0,8731.33,mortgage,small_business,salaried,southeast,0
49,80049.82,8.6,27.7,44205.22,36,15.28,3050.33,0.457,0.663,0,0,4,43148.34,mortgage,debt_consolidation,salaried,north,0
22,35372.6,5.7,1.0,11166.09,36,5.73,653.11,0.222,0.101,1,4,4,8306.45,mortgage,education,self_employed,north,0
53,38294.28,1.9,30.6,28311.52,60,9.0,1188.99,0.373,0.262,0,1,4,25336.32,mortgage,education,contract,southeast,0
47,18000.0,6.9,27.6,9516.35,24,10.25,210.18,0.14,0.401,1,3,2,9444.57,own,education,self_employed,north,0
21,26247.75,0.6,1.0,13166.95,24,18.42,202.18,0.092,0.306,2,2,0,0.0,rent,education,self_employed,northeast,0
25,37813.71,2.4,2.3,6202.38,36,17.88,277.82,0.088,0.25,1,1,1,15240.58,mortgage,debt_consolidation,salaried,southeast,0
42,22464.64,3.5,16.8,6648.88,36,13.24,309.68,0.165,0.193,1,2,5,9887.3,mortgage,small_business,contract,midwest,1
55,50583.79,9.9,34.0,20314.13,36,12.2,382.51,0.091,0.67,1,1,3,24433.06,mortgage,education,contract,southeast,0
60,20844.96,5.0,40.0,10782.98,12,17.51,263.16,0.151,0.55,4,0,5,7192.05,rent,education,contract,northeast,1
41,30629.73,4.7,10.2,13570.23,12,9.76,974.93,0.382,0.114,1,4,0,11460.51,rent,education,salaried,midwest,0
35,27007.19,14.3,5.0,16223.51,60,16.42,666.51,0.296,0.496,0,0,1,280.79,own,small_business,salaried,south,1
67,37012.64,7.9,40.0,10564.06,12,16.06,1880.25,0.61,0.335,2,2,4,21037.73,own,education,salaried,south,0
43,26396.7,7.9,21.7,14844.42,36,13.35,1136.59,0.517,0.549,2,1,0,0.0,own,medical,salaried,southeast,1
36,30829.42,5.0,14.4,19559.91,48,16.17,409.15,0.159,0.922,1,2,2,10008.68,mortgage,small_business,salaried,south,1
42,31282.85,4.1,12.8,18831.7,12,14.93,795.28,0.305,0.213,1,2,5,3566.98,rent,debt_consolidation,salaried,northeast,0
21,25375.95,0.0,1.0,15368.52,24,16.59,661.31,0.313,0.475,2,2,0,12572.71,mortgage,education,contract,midwest,1
35,42350.67,10.4,14.8,28788.27,36,8.9,972.45,0.276,0.322,0,1,0,17053.27,rent,small_business,salaried,north,0
45,38182.14,8.3,13.6,6606.75,36,17.08,1106.07,0.348,0.325,0,3,3,3788.25,rent,education,salaried,northeast,0
65,33282.34,5.8,40.0,18612.5,24,18.81,1225.16,0.442,0.174,1,1,1,14716.24,rent,debt_consolidation,salaried,south,1
56,28831.03,6.0,25.0,21054.36,36,15.85,1023.69,0.426,0.494,2,1,1,13592.11,rent,debt_consolidation,salaried,south,1
58,48269.18,9.4,40.0,23236.78,24,17.03,1097.45,0.273,0.31,2,1,3,0.0,rent,education,salaried,northeast,0
47,31286.74,0.3,21.7,8037.85,12,14.04,1201.21,0.461,0.441,2,0,3,8868.56,rent,debt_consolidation,self_employed,southeast,0
26,30369.29,4.1,1.0,22753.12,12,18.24,598.08,0.236,0.273,0,1,4,2708.92,mortgage,home_improvement,salaried,south,1
39,36097.17,2.0,15.9,8304.04,24,14.77,1597.76,0.531,0.907,1,3,0,2094.17,own,home_improvement,salaried,south,1
68,70443.51,13.6,40.0,23345.07,36,9.68,3526.64,0.601,0.626,2,1,4,34856.77,rent,debt_consolidation,salaried,northeast,0
23,19673.94,10.0,5.3,4493.51,60,17.94,392.1,0.239,0.551,1,1,4,3038.24,rent,small_business,salaried,southeast,0
63,47731.17,0.0,35.1,19695.94,12,7.64,2003.64,0.504,0.622,1,0,4,18988.7,rent,debt_consolidation,salaried,south,0
53,18000.0,0.4,33.5,6910.05,36,15.69,778.87,0.519,0.436,2,2,1,0.0,mortgage,debt_consolidation,salaried,midwest,0
34,37845.02,6.0,11.4,16253.75,36,12.89,1088.08,0.345,0.942,1,0,4,0.0,rent,medical,contract,midwest,1
58,66938.85,4.6,40.0,47167.09,36,12.62,710.58,0.127,0.56,0,2,0,22088.94,mortgage,small_business,salaried,northeast,0
61,42414.3,1.2,31.0,17871.02,36,15.22,1783.3,0.505,0.287,2,1,4,8133.83,rent,medical,salaried,north,1
23,37110.77,14.3,1.0,16485.15,12,11.52,927.89,0.3,0.382,2,2,0,17689.83,mortgage,home_improvement,salaried,midwest,1
26,27299.16,7.8,3.1,18525.48,36,16.65,437.6,0.192,0.833,0,2,3,125.83,mortgage,education,self_employed,midwest,0
52,34997.78,8.4,34.2,22230.15,24,14.74,1220.23,0.418,0.222,3,2,2,9921.78,rent,debt_consolidation,salaried,midwest,0
68,31074.21,3.7,38.1,8421.89,48,11.91,818.15,0.316,0.058,1,1,1,13772.26,own,debt_consolidation,self_employed,midwest,0
22,24832.03,9.4,1.0,3182.06,24,20.12,263.4,0.127,0.332,0,2,1,10356.48,mortgage,debt_consolidation,contract,north,0
52,30584.61,5.0,34.0,15799.54,48,15.36,1557.74,0.611,0.767,0,2,2,9989.89,rent,debt_consolidation,salaried,southeast,1
27,37545.92,5.4,11.9,24489.53,36,17.15,663.68,0.212,0.723,0,2,2,5773.26,mortgage,medical,self_employed,south,1
52,25028.46,8.9,31.9,11720.72,36,20.45,742.35,0.356,0.661,0,2,2,13412.19,rent,home_improvement,salaried,midwest,0
50,24621.16,0.0,33.5,6230.18,24,20.38,903.46,0.44,0.174,0,2,2,9327.04,own,small_business,self_employed,southeast,0
25,19510.3,12.9,4.8,11453.59,36,16.94,231.11,0.142,0.17,0,3,0,7332.43,rent,small_business,salaried,southeast,0
53,40704.93,7.2,26.7,22054.33,48,13.23,1625.76,0.479,0.252,1,0,2,1532.21,own,debt_consolidation,salaried,south,0
64,43435.65,11.6,40.0,20674.09,36,8.5,1556.72,0.43,0.618,2,0,2,0.0,mortgage,medical,salaried,northeast,0
62,38074.4,2.2,37.4,25277.66,24,15.37,1099.8,0.347,0.522,1,1,2,8959.45,mortgage,small_business,salaried,midwest,0
22,51811.72,2.8,2.3,31816.16,24,19.1,1577.23,0.365,0.084,0,4,1,9305.44,rent,debt_consolidation,salaried,northeast,0
32,35843.03,1.9,8.7,19384.26,24,15.99,1778.98,0.596,0.519,2,1,1,300.71,rent,home_improvement,salaried,southeast,1
32,40726.92,7.5,1.0,21943.58,48,5.5,1940.93,0.572,0.746,2,0,0,1178.9,own,debt_consolidation,salaried,midwest,1
42,39246.27,6.8,20.6,21082.61,36,18.15,459.41,0.14,0.912,0,2,3,82.0,mortgage,small_business,salaried,southeast,1
27,33241.46,4.6,2.3,14987.04,48,18.41,773.21,0.279,0.355,4,0,3,475.7,own,small_business,salaried,north,0
62,27640.98,2.4,40.0,11395.57,48,13.23,827.06,0.359,0.181,0,3,4,774.29,mortgage,medical,salaried,south,0
58,87548.14,1.4,28.2,49644.02,36,18.65,4208.05,0.577,0.336,3,1,1,42338.84,mortgage,medical,self_employed,southeast,1
59,28571.95,6.3,38.1,14417.73,36,17.14,1240.37,0.521,0.392,1,2,2,15892.98,own,debt_consolidation,salaried,south,1
30,26116.73,4.6,2.3,11195.92,36,11.62,628.33,0.289,0.904,1,1,1,7729.16,mortgage,debt_consolidation,salaried,northeast,1
21,41451.7,3.8,1.0,8281.91,36,19.84,1929.42,0.559,0.201,0,1,5,5055.3,rent,medical,contract,north,0
64,38398.7,12.7,38.2,21588.33,24,9.18,909.43,0.284,0.796,0,4,4,5845.93,own,home_improvement,salaried,northeast,1
34,19148.65,6.2,8.0,10090.94,48,14.26,361.34,0.226,0.365,1,2,0,7747.42,rent,home_improvement,salaried,north,0
52,55355.14,11.6,31.0,18578.1,60,13.84,1888.27,0.409,0.51,0,0,4,32117.0,mortgage,small_business,contract,south,1
64,33204.42,4.4,36.1,11438.38,36,11.03,753.15,0.272,0.454,1,0,5,2281.08,rent,home_improvement,self_employed,southeast,0
22,21664.04,7.5,2.4,5967.04,60,15.78,751.2,0.416,0.99,4,0,3,0.0,own,small_business,salaried,south,1
21,56913.58,6.3,1.0,41319.64,60,20.0,1428.67,0.301,0.527,1,1,5,1465.59,own,medical,salaried,northeast,1
21,44926.53,0.0,1.0,29738.08,36,19.74,1908.31,0.51,0.124,2,3,1,11669.62,own,small_business,salaried,southeast,0
28,20310.48,12.2,3.4,9616.22,48,17.54,1007.62,0.595,0.526,3,1,1,0.0,rent,debt_consolidation,self_employed,southeast,0
23,72868.87,6.0,2.1,27183.11,36,7.38,1372.16,0.226,0.396,0,2,3,31864.71,mortgage,debt_consolidation,salaried,northeast,0
60,45555.88,9.5,36.8,26613.74,24,8.89,1349.23,0.355,0.326,1,0,3,0.0,rent,medical,self_employed,south,0
50,34396.76,3.5,31.8,15563.46,12,15.2,1350.63,0.471,0.305,1,3,4,0.0,rent,small_business,salaried,midwest,1
68,67365.74,5.8,40.0,49499.41,36,14.36,929.65,0.166,0.525,0,0,5,21950.23,own,small_business,salaried,southeast,1
59,36934.64,3.0,35.8,5714.79,48,12.41,1569.07,0.51,0.785,1,2,1,19920.74,rent,debt_consolidation,salaried,south,1
67,34139.32,11.4,40.0,4834.13,24,22.5,1123.2,0.395,0.246,1,2,5,3904.16,rent,medical,salaried,northeast,0
32,26177.98,7.7,9.2,12518.96,48,14.94,350.92,0.161,0.269,0,2,0,10943.09,mortgage,home_improvement,contract,north,0
34,44107.15,8.0,10.4,10941.48,36,16.78,2017.33,0.549,0.664,1,1,2,9690.41,mortgage,medical,salaried,southeast,1
61,42199.9,11.9,40.0,21129.98,36,18.65,1091.64,0.31,0.693,1,4,2,8430.62,rent,debt_consolidation,salaried,southeast,0
32,34758.02,11.1,9.6,21282.22,24,14.73,507.97,0.175,0.709,1,1,4,0.0,mortgage,debt_consolidation,salaried,southeast,0
23,24790.25,9.6,4.5,5131.81,36,25.38,383.24,0.186,0.267,0,0,2,3748.61,own,debt_consolidation,salaried,north,0
53,36481.86,0.8,19.4,14504.58,24,10.55,1532.77,0.504,0.611,3,1,4,1375.72,rent,home_improvement,salaried,southeast,1
59,33546.39,3.7,31.2,18580.01,24,11.95,1636.19,0.585,0.68,1,0,0,10215.53,own,medical,salaried,midwest,1
67,19730.89,2.5,40.0,12733.02,12,10.54,467.38,0.284,0.39,3,1,5,7574.03,mortgage,home_improvement,contract,northeast,1
65,18617.16,9.4,36.7,8055.58,12,21.06,190.15,0.123,0.752,0,1,1,0.0,mortgage,education,salaried,midwest,0
26,43798.92,7.2,11.9,10944.33,24,17.87,490.71,0.134,0.485,2,2,3,4679.62,rent,education,salaried,southeast,0
58,18000.0,0.9,40.0,8802.96,36,12.21,650.13,0.433,0.231,2,0,2,1958.42,rent,debt_consolidation,salaried,south,0
61,37656.94,5.7,39.8,15301.74,36,10.87,879.31,0.28,0.877,1,2,0,7828.0,mortgage,small_business,salaried,north,1
54,28260.07,0.5,37.2,17134.45,24,20.32,730.31,0.31,0.155,0,1,3,11922.64,mortgage,medical,salaried,southeast,0
60,59842.03,6.3,38.1,28126.53,48,16.02,1306.58,0.262,0.575,0,2,5,0.0,rent,small_business,contract,northeast,0
61,28078.05,0.0,37.1,8312.12,36,20.42,775.4,0.331,0.75,1,3,3,10170.92,rent,debt_consolidation,self_employed,north,1
42,45569.02,8.6,14.9,27125.76,60,14.25,1623.46,0.428,0.335,3,2,4,14200.64,own,medical,salaried,southeast,1
22,29240.1,8.0,4.1,13046.36,36,16.65,906.97,0.372,0.246,0,0,5,16375.02,mortgage,small_business,salaried,midwest,1
42,36234.76,14.1,17.2,8401.19,12,15.76,509.37,0.169,0.347,2,2,1,6991.54,rent,medical,salaried,southeast,1
30,47073.78,9.9,6.9,22347.6,60,11.88,1354.53,0.345,0.875,0,1,0,2740.71,own,small_business,self_employed,southeast,1
26,28444.97,4.8,1.4,20407.61,48,13.89,779.23,0.329,0.275,3,0,4,2940.88,rent,home_improvement,salaried,southeast,1
26,52499.19,9.8,5.3,29634.49,36,9.53,1639.28,0.375,0.608,1,1,4,18832.18,mortgage,home_improvement,self_employed,midwest,1
54,22757.43,0.9,24.8,7014.89,36,16.58,265.05,0.14,0.641,1,2,0,8092.36,rent,medical,self_employed,southeast,0
45,39094.18,2.7,22.5,22199.64,36,17.7,530.72,0.163,0.348,0,3,2,15786.86,rent,medical,contract,south,1
46,50894.43,7.8,15.0,15168.68,36,18.66,1553.69,0.366,0.356,0,0,2,1135.76,rent,home_improvement,salaried,northeast,0
56,45579.61,0.0,36.6,21052.95,48,17.3,868.8,0.229,0.845,0,1,4,1322.6,own,debt_consolidation,self_employed,southeast,0
47,77258.08,6.4,20.7,34901.75,36,13.96,2701.95,0.42,0.869,1,1,5,23605.47,mortgage,debt_consolidation,salaried,southeast,0
51,25068.2,2.4,28.3,6915.22,24,21.02,587.61,0.281,0.533,1,4,4,505.24,rent,debt_consolidation,salaried,southeast,1
25,19355.99,6.9,3.5,6564.88,12,18.25,321.3,0.199,0.694,0,2,1,10373.68,mortgage,home_improvement,salaried,southeast,1
61,22751.34,2.2,35.2,16234.77,12,20.33,823.7,0.434,0.4,1,3,3,11440.73,own,home_improvement,salaried,south,0
42,45587.37,8.2,20.3,12667.68,24,20.6,1111.99,0.293,0.036,1,1,1,5446.04,mortgage,debt_consolidation,salaried,south,0
28,42579.48,6.6,17.0,26597.14,36,13.97,585.86,0.165,0.255,1,1,3,12323.01,mortgage,home_improvement,salaried,north,0
60,36060.3,12.1,40.0,19488.55,48,16.13,1552.87,0.517,0.051,0,1,5,150.73,mortgage,medical,salaried,midwest,0
56,21554.89,6.5,27.3,9819.47,24,17.75,562.49,0.313,0.391,0,2,3,11362.82,rent,debt_consolidation,salaried,north,0
23,47671.27,3.4,1.0,9850.52,24,9.67,2280.82,0.574,0.046,1,0,4,19464.69,own,education,salaried,midwest,0
30,20653.17,5.5,1.0,5140.15,24,9.77,317.43,0.184,0.177,0,1,4,4334.84,mortgage,debt_consolidation,salaried,north,0
21,56204.88,1.1,1.0,13082.02,36,9.04,2591.18,0.553,0.4,1,0,2,27105.63,own,small_business,salaried,southeast,1
33,114705.6,8.1,15.8,56169.08,36,14.05,4976.23,0.521,0.865,0,3,0,0.0,own,medical,salaried,southeast,0
25,40292.05,8.9,3.9,29543.4,36,13.1,457.03,0.136,0.574,2,3,5,5327.35,mortgage,debt_consolidation,salaried,south,1
55,44130.46,16.4,31.9,29684.82,60,8.47,1350.05,0.367,0.449,0,0,2,5456.83,mortgage,education,salaried,south,1
46,28085.22,4.0,27.5,3817.03,60,15.13,1013.38,0.433,0.624,2,2,5,6364.81,own,debt_consolidation,salaried,midwest,0
68,18000.0,5.4,37.6,5264.06,48,14.1,521.34,0.348,0.374,1,0,5,940.4,mortgage,home_improvement,contract,northeast,1
56,26818.79,4.2,22.9,5875.25,48,19.47,649.78,0.291,0.697,1,1,4,18072.69,own,debt_consolidation,contract,north,1
50,21828.77,7.3,24.8,16037.09,36,22.95,1072.66,0.59,0.102,3,1,3,6055.6,own,home_improvement,salaried,southeast,0
45,18812.15,8.0,22.0,5049.83,36,16.42,718.69,0.458,0.555,1,4,1,9829.81,rent,debt_consolidation,salaried,northeast,1
23,71210.19,6.3,5.8,17576.62,36,11.57,3569.82,0.602,0.628,1,1,0,643.44,mortgage,education,salaried,northeast,1
24,38739.01,10.8,1.0,19801.5,48,17.22,1733.46,0.537,0.387,1,1,5,19764.17,mortgage,debt_consolidation,salaried,southeast,0
50,40516.67,4.0,26.7,19058.94,24,14.54,1759.95,0.521,0.424,0,3,5,15524.29,rent,education,salaried,midwest,0
21,30339.65,10.4,1.0,7957.68,24,13.49,1192.96,0.472,0.529,1,2,4,11833.81,mortgage,debt_consolidation,salaried,northeast,0
23,32125.14,8.7,1.0,17422.42,12,10.88,1148.16,0.429,0.121,1,1,5,18065.11,rent,debt_consolidation,contract,southeast,1
31,51798.23,6.5,10.6,9381.41,36,12.55,2412.53,0.559,0.889,2,1,1,19036.38,rent,home_improvement,salaried,south,1
63,34078.38,5.2,39.3,4505.25,36,13.75,1167.87,0.411,0.238,1,2,3,14008.94,mortgage,small_business,salaried,northeast,0
43,43169.58,16.2,26.5,7421.77,12,17.88,434.05,0.121,0.745,2,0,1,25887.56,rent,medical,salaried,midwest,0
55,31814.52,3.2,27.1,11130.85,36,16.65,1046.13,0.395,0.568,0,1,3,0.0,mortgage,education,salaried,south,0
40,29920.4,7.7,17.5,21969.36,36,22.17,337.93,0.136,0.094,1,0,5,0.0,mortgage,small_business,salaried,midwest,0
29,19131.59,3.5,1.0,8891.7,48,17.33,944.82,0.593,0.194,1,2,1,10915.58,rent,medical,salaried,southeast,1
38,18000.0,13.6,15.9,10718.59,12,16.28,643.8,0.429,0.215,0,2,2,8974.53,rent,debt_consolidation,salaried,southeast,1
25,30950.49,10.0,2.6,9982.84,12,13.21,980.23,0.38,0.335,1,2,3,11375.9,rent,medical,contract,southeast,0
57,35373.87,3.8,39.5,20275.72,36,10.14,550.72,0.187,0.342,3,2,2,13044.62,mortgage,home_improvement,self_employed,south,0
29,20127.16,8.6,2.6,14666.54,36,12.11,601.32,0.359,0.839,4,2,5,9788.2,mortgage,debt_consolidation,self_employed,southeast,1
39,34047.8,7.5,19.9,11759.75,48,11.56,751.79,0.265,0.347,0,2,2,11452.59,mortgage,home_improvement,salaried,northeast,0
68,35333.12,4.4,40.0,26478.9,36,5.5,1309.41,0.445,0.229,1,0,1,1115.06,rent,small_business,salaried,north,0
49,18000.0,9.5,26.0,9399.57,60,10.26,609.57,0.406,0.187,1,0,1,5090.39,mortgage,home_improvement,self_employed,north,0
43,23520.97,8.1,19.5,13915.3,24,21.23,685.29,0.35,0.708,3,1,1,4696.53,own,debt_consolidation,salaried,south,0
47,40988.66,7.4,31.7,11430.32,36,16.05,739.44,0.216,0.134,0,4,1,1353.73,own,home_improvement,self_employed,midwest,0
58,40642.3,6.3,36.0,21343.19,60,12.92,1232.48,0.364,0.779,0,1,5,25224.4,mortgage,home_improvement,salaried,north,0
33,21278.59,8.2,6.4,9403.73,12,16.17,583.95,0.329,0.802,1,1,3,7832.55,rent,small_business,salaried,northeast,1
51,36921.46,7.4,29.7,26677.0,48,6.3,1660.49,0.54,0.317,1,0,2,14969.71,rent,medical,salaried,south,0
62,53072.33,6.7,40.0,36617.01,12,15.68,2489.72,0.563,0.644,3,3,0,18407.64,mortgage,medical,salaried,southeast,1
48,47876.05,3.9,24.3,17709.53,36,19.87,1954.92,0.49,0.468,2,2,5,9174.43,rent,home_improvement,salaried,southeast,1
42,33189.21,13.3,19.6,23780.99,24,13.99,698.65,0.253,0.15,2,2,0,7606.44,mortgage,small_business,self_employed,north,0
27,28380.28,2.3,8.6,19225.71,36,7.06,237.85,0.101,0.501,0,3,2,8862.07,rent,education,contract,southeast,0
32,26520.55,8.2,9.2,13046.57,48,12.76,1281.12,0.58,0.63,3,5,4,11292.01,own,medical,self_employed,southeast,1
66,42044.52,5.2,38.5,7220.49,12,19.87,2157.19,0.616,0.601,1,2,0,1965.46,mortgage,education,self_employed,midwest,0
46,37494.28,13.5,27.7,8297.4,24,15.59,464.28,0.149,0.48,0,1,1,20720.81,own,education,self_employed,midwest,0
35,44996.94,2.9,13.7,7578.87,24,8.54,1688.26,0.45,0.074,1,3,5,9308.38,own,home_improvement,self_employed,southeast,0
41,36511.66,3.6,24.2,6865.49,24,24.44,941.94,0.31,0.081,1,1,0,9856.9,mortgage,medical,self_employed,northeast,0
48,48721.75,2.6,20.8,35833.87,36,9.23,650.44,0.16,0.403,0,0,1,7158.28,mortgage,small_business,salaried,south,0
46,35944.41,7.8,23.4,9117.85,60,13.48,1854.06,0.619,0.614,0,2,0,21930.27,own,debt_consolidation,contract,southeast,0
54,48029.43,1.0,34.8,26667.78,12,10.14,2337.21,0.584,0.233,0,1,4,5219.37,rent,small_business,salaried,northeast,0
33,49798.77,4.6,9.6,25945.8,36,10.15,2533.96,0.611,0.518,2,2,0,0.0,rent,debt_consolidation,salaried,midwest,1
52,24639.32,0.0,34.4,12753.84,36,12.6,323.81,0.158,0.331,2,1,0,15326.25,rent,debt_consolidation,salaried,southeast,0
42,18000.0,7.5,23.7,4504.02,24,17.17,518.46,0.346,0.315,0,3,2,11551.35,mortgage,small_business,self_employed,southeast,0
66,66056.58,4.5,40.0,32036.67,24,19.92,3103.11,0.564,0.457,0,3,4,6575.96,mortgage,small_business,self_employed,north,1
28,38476.26,0.5,9.8,19780.23,48,12.88,1425.5,0.445,0.644,2,3,5,16488.66,rent,medical,salaried,north,1
28,18000.0,10.8,1.0,8628.4,36,10.26,472.03,0.315,0.183,0,1,1,9558.59,mortgage,medical,salaried,northeast,0
43,25596.11,1.3,23.3,6073.51,48,16.51,765.78,0.359,0.226,0,2,3,0.0,mortgage,home_improvement,self_employed,southeast,1
45,47771.63,9.7,19.9,27493.92,36,16.63,401.46,0.101,0.714,1,3,4,15912.45,own,debt_consolidation,self_employed,southeast,0
54,30715.9,3.7,34.8,5103.24,36,15.51,1050.02,0.41,0.125,1,2,4,4054.55,rent,debt_consolidation,salaried,southeast,1
40,27859.64,12.9,13.6,13719.65,48,15.66,1263.54,0.544,0.548,1,2,5,15859.56,mortgage,medical,self_employed,southeast,1
64,62216.18,9.5,40.0,24565.65,48,14.03,422.6,0.082,0.26,1,0,0,0.0,own,home_improvement,salaried,northeast,0
43,22250.94,2.5,19.8,6178.65,60,14.91,308.51,0.166,0.145,2,0,0,8780.68,rent,home_improvement,salaried,southeast,0
27,24705.36,2.8,3.8,15531.15,24,13.74,740.57,0.36,0.426,0,1,4,14085.08,mortgage,small_business,salaried,southeast,1
26,37751.57,8.9,1.0,8713.53,60,19.0,1204.65,0.383,0.734,2,0,2,1422.89,rent,debt_consolidation,salaried,midwest,0
67,40700.31,5.5,40.0,28806.81,48,23.86,900.19,0.265,0.178,3,2,4,18324.02,mortgage,small_business,salaried,southeast,0
27,42551.23,5.8,6.7,28818.93,48,15.25,337.16,0.095,0.625,0,2,4,0.0,own,medical,contract,southeast,1
66,50651.29,11.6,39.9,17584.62,36,14.47,2032.57,0.482,0.195,3,0,2,1623.17,rent,education,contract,northeast,0
34,37549.04,3.5,1.4,11724.55,60,15.57,660.8,0.211,0.602,1,1,5,21476.08,own,home_improvement,self_employed,southeast,0
25,42427.04,6.9,9.3,8766.13,36,11.74,1513.48,0.428,0.482,1,1,5,24827.35,rent,debt_consolidation,salaried,northeast,1
35,30981.08,10.3,15.8,21602.69,48,17.71,986.07,0.382,0.414,0,1,2,11163.28,own,debt_consolidation,salaried,southeast,0
50,35466.12,9.7,28.1,18277.29,36,16.35,924.05,0.313,0.501,0,0,0,21603.8,mortgage,debt_consolidation,salaried,southeast,0
41,36140.32,5.9,19.9,5060.5,48,12.73,1200.93,0.399,0.083,0,4,5,870.32,rent,home_improvement,salaried,south,0
58,37810.47,5.3,36.5,16709.57,48,18.29,1434.66,0.455,0.115,0,0,5,12398.2,own,debt_consolidation,salaried,northeast,0
50,47784.98,0.0,32.9,8317.14,24,14.58,1549.08,0.389,0.15,6,2,5,26961.46,mortgage,small_business,contract,southeast,1
40,43615.21,2.3,10.7,20999.11,24,10.43,1385.01,0.381,0.418,0,2,0,21456.91,rent,home_improvement,salaried,north,1
51,35191.9,7.8,34.4,15507.16,36,15.98,925.2,0.315,0.795,2,2,4,8562.93,mortgage,home_improvement,salaried,north,0
67,24591.77,5.9,40.0,4234.53,48,15.5,639.83,0.312,0.573,1,0,5,5358.22,rent,debt_consolidation,salaried,south,0
40,35540.28,6.8,12.3,22532.26,48,18.53,1022.14,0.345,0.699,0,1,2,16524.9,own,home_improvement,salaried,southeast,1
28,34140.26,10.7,5.1,9738.84,48,17.99,922.13,0.324,0.325,2,4,4,467.07,rent,education,salaried,southeast,1
40,37464.02,1.8,21.4,17275.98,48,14.04,989.9,0.317,0.135,1,2,3,18430.73,mortgage,debt_consolidation,salaried,north,0
61,87268.13,5.6,40.0,45605.84,36,12.52,1407.92,0.194,0.486,1,1,2,726.13,mortgage,home_improvement,salaried,southeast,0
31,27722.94,7.3,9.0,20133.84,12,14.51,1089.08,0.471,0.473,2,3,4,7647.76,mortgage,small_business,salaried,southeast,1
66,41248.14,3.7,40.0,17782.13,36,16.03,521.77,0.152,0.567,5,0,3,5914.39,mortgage,small_business,contract,southeast,0
49,54108.91,12.2,25.1,37763.09,48,16.53,2573.35,0.571,0.411,1,3,4,21222.85,mortgage,medical,salaried,southeast,0
49,35995.92,10.1,32.3,12366.76,36,15.77,1252.11,0.417,0.297,0,0,1,20205.02,mortgage,education,salaried,southeast,0
36,92216.56,7.7,9.3,60880.03,48,14.12,817.7,0.106,0.164,0,1,1,27885.46,rent,education,self_employed,southeast,0
65,29472.81,13.7,40.0,7915.53,60,18.69,1070.5,0.436,0.569,1,1,3,17375.67,mortgage,medical,salaried,midwest,0
22,39581.51,0.5,1.0,22391.75,36,11.67,907.79,0.275,0.3,1,1,3,8347.52,rent,medical,salaried,southeast,0
35,24698.59,6.5,5.5,4342.64,48,24.91,1198.03,0.582,0.324,0,2,2,4440.23,own,medical,contract,midwest,1
41,29802.86,8.0,20.0,22090.23,36,17.7,1454.08,0.585,0.451,2,0,5,13707.39,mortgage,small_business,self_employed,south,1
43,38351.63,2.8,23.3,27650.75,36,9.76,1715.6,0.537,0.679,1,5,2,0.0,mortgage,medical,salaried,southeast,1
43,49288.58,7.7,22.5,19646.16,24,15.28,1588.07,0.387,0.359,1,1,2,6503.72,rent,debt_consolidation,salaried,midwest,0
28,39498.57,2.1,5.9,17777.49,24,17.75,1897.1,0.576,0.136,0,2,1,16977.24,own,medical,salaried,northeast,1
31,58619.83,9.3,8.4,29110.5,24,13.03,2104.92,0.431,0.302,0,3,3,888.03,mortgage,debt_consolidation,contract,northeast,0
25,33193.67,10.7,5.7,9734.83,36,8.22,1528.48,0.553,0.387,0,2,3,20591.4,own,debt_consolidation,salaried,southeast,1
48,30046.13,7.6,34.1,16372.65,12,10.14,416.71,0.166,0.543,2,3,1,8890.79,rent,debt_consolidation,salaried,northeast,0
37,107545.98,0.0,16.5,60235.86,36,16.78,5092.82,0.568,0.241,2,3,4,14095.4,mortgage,education,salaried,midwest,0
48,40765.03,2.6,23.4,18376.8,36,7.13,1485.41,0.437,0.213,1,4,0,7447.27,mortgage,home_improvement,salaried,north,0
49,25535.32,8.8,25.4,5440.98,36,8.41,518.72,0.244,0.488,2,2,4,3849.15,own,education,salaried,northeast,0
54,25807.21,6.6,25.6,18041.49,48,16.75,1330.83,0.619,0.331,0,1,0,9319.42,mortgage,home_improvement,salaried,south,1
47,23250.33,0.0,15.2,4475.19,36,13.57,873.66,0.451,0.673,0,0,1,1484.74,rent,home_improvement,salaried,midwest,0
52,51193.05,11.5,25.6,26434.99,12,11.58,2433.99,0.571,0.098,1,0,2,30137.05,own,medical,salaried,southeast,0
49,29642.41,7.0,19.8,5482.24,60,12.42,205.07,0.083,0.372,1,5,2,1731.26,rent,home_improvement,salaried,south,1
52,36442.55,3.2,25.5,7727.4,48,8.32,1148.74,0.378,0.438,0,2,3,6929.33,mortgage,small_business,salaried,midwest,0
50,33635.13,10.5,19.3,4471.43,36,16.53,1302.71,0.465,0.347,0,0,5,14803.7,rent,medical,salaried,south,0
36,46968.24,3.8,4.7,16388.13,48,11.11,342.16,0.087,0.56,1,0,4,7474.95,own,debt_consolidation,self_employed,southeast,0
32,24206.28,3.7,4.7,12658.36,12,12.25,992.02,0.492,0.358,2,1,3,4935.14,mortgage,home_improvement,self_employed,southeast,1
58,21988.17,7.9,31.8,9863.29,48,15.96,791.17,0.432,0.304,2,3,0,7918.2,rent,debt_consolidation,salaried,southeast,1
37,37956.83,13.6,14.9,20684.94,24,13.42,722.35,0.228,0.738,3,2,5,3473.09,own,small_business,contract,midwest,1
47,44462.57,13.0,24.2,24243.74,36,11.54,1674.87,0.452,0.446,0,0,1,10404.84,rent,education,salaried,midwest,0
30,39722.12,7.9,8.5,8274.49,24,6.14,498.8,0.151,0.634,3,4,3,26104.79,rent,debt_consolidation,salaried,midwest,0
41,24588.38,8.3,15.2,3838.8,48,16.04,1075.7,0.525,0.67,1,1,4,0.0,own,debt_consolidation,salaried,north,1
46,45914.84,9.7,26.2,23599.11,24,14.83,2095.87,0.548,0.495,1,1,4,16858.05,rent,education,salaried,southeast,0
51,25275.19,1.5,28.9,13434.55,24,12.33,720.67,0.342,0.555,2,4,0,3753.01,rent,education,salaried,midwest,0
46,27748.96,9.1,33.6,13062.09,12,10.14,818.64,0.354,0.477,0,0,1,16590.17,mortgage,home_improvement,salaried,south,0
38,23237.89,3.6,7.2,6386.48,48,14.55,575.35,0.297,0.773,2,1,5,1886.16,rent,home_improvement,salaried,midwest,1
67,59664.14,7.8,40.0,37635.07,24,16.52,1324.94,0.266,0.031,1,2,4,2182.18,own,debt_consolidation,self_employed,northeast,0
45,45072.93,5.6,19.9,7557.93,36,14.91,2070.97,0.551,0.205,0,1,3,12461.91,own,debt_consolidation,salaried,north,0
59,44537.96,8.5,29.4,23086.54,24,21.38,907.95,0.245,0.594,0,1,2,13849.35,own,home_improvement,salaried,midwest,0
56,58327.49,7.0,31.6,11423.98,48,17.46,1446.23,0.298,0.585,1,2,5,0.0,own,small_business,salaried,southeast,0
47,112567.99,0.0,17.5,59920.17,24,14.05,2269.7,0.242,0.592,3,1,4,57516.72,own,medical,salaried,northeast,0
63,18000.0,7.2,40.0,6897.01,60,17.6,651.94,0.435,0.432,1,1,4,3389.89,rent,small_business,salaried,southeast,1
27,25333.47,9.1,1.0,14501.0,24,14.7,1097.1,0.52,0.469,1,0,5,15014.44,mortgage,debt_consolidation,salaried,northeast,0
65,26667.65,8.3,37.1,4076.98,12,14.69,374.99,0.169,0.581,2,1,5,16068.07,own,debt_consolidation,salaried,southeast,0
61,24164.88,6.1,37.1,11350.3,24,19.94,438.11,0.218,0.567,0,3,5,11019.5,mortgage,education,salaried,south,1
45,21969.6,13.1,15.6,4641.59,12,10.73,249.39,0.136,0.704,2,2,3,10834.79,own,small_business,salaried,midwest,1
56,30459.27,7.7,38.3,16749.57,36,14.6,422.62,0.166,0.594,3,4,1,9031.09,own,education,salaried,southeast,1
45,20723.56,8.3,23.3,4052.95,24,19.5,517.6,0.3,0.564,0,3,1,11054.79,rent,home_improvement,self_employed,southeast,1
33,39764.02,10.7,3.5,6615.04,48,15.8,1653.43,0.499,0.656,0,1,0,3743.2,mortgage,debt_consolidation,self_employed,southeast,1
59,35302.65,8.0,40.0,20096.65,36,12.95,1095.78,0.372,0.379,1,0,4,16112.24,rent,medical,salaried,southeast,0
32,42278.42,2.9,6.5,6765.61,24,7.33,383.22,0.109,0.456,1,3,2,16616.24,own,home_improvement,self_employed,southeast,0
36,42755.19,0.0,10.6,11178.53,36,5.5,1487.69,0.418,0.602,1,2,1,22951.42,own,debt_consolidation,contract,northeast,0
45,44500.82,4.6,13.1,28461.98,24,23.22,1889.3,0.509,0.784,1,4,4,13282.88,mortgage,small_business,salaried,northeast,1
61,29530.19,9.5,40.0,18607.08,24,15.8,719.73,0.292,0.112,2,2,3,7280.57,rent,education,contract,northeast,0
39,84194.11,5.1,8.8,55408.08,24,12.05,1489.58,0.212,0.542,1,1,1,5272.67,rent,home_improvement,self_employed,southeast,1
44,38118.73,9.7,23.5,12405.47,12,15.97,1564.54,0.493,0.79,2,0,2,7542.15,rent,small_business,salaried,northeast,1
22,18000.0,7.1,1.0,8148.06,24,10.52,150.0,0.1,0.681,2,3,2,2702.15,mortgage,home_improvement,salaried,north,0
26,22674.64,11.7,8.5,13768.24,60,13.11,983.36,0.52,0.559,2,2,4,7465.9,own,education,contract,south,1
23,18000.0,5.3,4.9,3713.42,36,10.55,771.45,0.514,0.514,1,2,0,2352.87,rent,education,salaried,south,1
24,34796.79,8.4,1.0,20055.7,60,8.56,1622.44,0.56,0.579,0,1,4,18362.46,mortgage,education,salaried,south,1
62,32821.59,8.5,40.0,5954.37,24,5.66,350.97,0.128,0.224,3,1,0,18349.06,own,debt_consolidation,salaried,southeast,0
61,28374.93,12.5,34.7,19730.45,48,7.79,326.76,0.138,0.775,1,1,5,11222.15,own,home_improvement,salaried,southeast,0
60,80385.49,0.0,40.0,41921.47,36,18.79,3692.95,0.551,0.058,1,2,0,36939.74,rent,education,salaried,northeast,0
23,43502.46,4.7,5.5,18740.09,12,10.36,1220.4,0.337,0.665,1,2,1,8878.34,rent,debt_consolidation,salaried,southeast,0
24,46861.95,9.9,3.4,19934.11,48,16.75,1139.77,0.292,0.06,1,0,2,23906.38,rent,debt_consolidation,self_employed,northeast,1
34,23363.94,12.7,9.5,5473.19,12,18.52,758.51,0.39,0.701,1,0,5,5835.44,rent,medical,salaried,south,1
48,22705.42,7.5,26.2,7672.8,36,14.57,211.23,0.112,0.558,2,0,2,1766.86,rent,medical,self_employed,southeast,0
37,35082.52,5.3,13.8,20280.78,48,13.25,1250.13,0.428,0.427,0,1,4,0.0,mortgage,medical,contract,northeast,0
44,37147.92,9.5,17.9,17117.56,36,15.06,1827.51,0.59,0.514,0,1,1,0.0,mortgage,home_improvement,salaried,southeast,0
29,18000.0,10.0,1.1,8162.33,36,12.75,667.33,0.445,0.457,0,1,2,932.72,rent,debt_consolidation,contract,southeast,0
56,32024.97,5.1,34.4,7782.22,36,19.56,882.95,0.331,0.027,1,3,3,7004.24,mortgage,debt_consolidation,salaried,northeast,0
36,34749.15,7.8,17.7,19283.28,12,22.38,1734.2,0.599,0.369,0,1,0,21230.22,mortgage,education,salaried,northeast,0
24,31559.73,11.2,1.0,11581.83,60,20.59,1188.22,0.452,0.593,0,1,0,4913.86,rent,education,salaried,midwest,1
56,24547.76,14.1,30.9,5772.03,24,5.5,226.57,0.111,0.856,2,2,2,13867.6,rent,home_improvement,salaried,midwest,1
64,27540.01,9.5,40.0,19679.66,24,12.66,1013.99,0.442,0.411,1,2,4,10671.37,rent,home_improvement,contract,south,1
21,32071.37,6.7,2.0,14088.42,24,14.52,299.96,0.112,0.352,1,0,0,16395.95,mortgage,medical,salaried,southeast,0
41,35887.2,6.3,21.2,16244.81,60,16.44,735.4,0.246,0.064,1,1,4,19383.13,mortgage,debt_consolidation,salaried,southeast,0
60,44534.19,8.7,37.9,32878.0,48,7.25,1530.75,0.412,0.304,3,1,3,29074.08,rent,debt_consolidation,self_employed,southeast,1
54,54391.31,6.0,34.4,19082.42,36,7.18,890.35,0.196,0.447,1,0,1,2631.69,rent,medical,contract,southeast,0
62,30527.22,7.3,35.8,21799.58,60,19.99,255.98,0.101,0.596,2,2,0,9594.13,rent,small_business,contract,southeast,0
40,28521.53,2.3,24.2,15909.39,12,12.15,983.27,0.414,0.199,0,1,3,6390.39,rent,education,salaried,midwest,0
38,41515.22,11.7,22.1,21540.18,48,8.25,810.8,0.234,0.685,0,0,2,8241.36,mortgage,medical,salaried,northeast,0
55,44647.56,1.9,33.5,11951.42,12,9.86,1368.45,0.368,0.55,2,0,0,13228.65,mortgage,education,salaried,southeast,0
28,28785.75,4.8,5.8,4392.88,36,16.14,530.18,0.221,0.431,0,2,4,9972.5,mortgage,home_improvement,salaried,northeast,1
32,48144.65,6.9,15.5,19055.84,12,11.05,1808.12,0.451,0.826,1,1,5,28357.26,mortgage,small_business,contract,midwest,1
49,52126.35,14.5,28.7,6589.17,60,15.51,2448.54,0.564,0.469,0,1,2,9042.2,rent,small_business,salaried,southeast,0
53,59427.26,4.8,31.8,9789.55,60,10.39,627.68,0.127,0.676,3,1,2,36290.67,rent,medical,contract,southeast,0
26,72903.71,3.8,4.8,36091.41,36,7.17,3065.67,0.505,0.563,0,2,5,0.0,mortgage,debt_consolidation,salaried,south,1
45,24007.11,4.3,21.3,13838.11,24,20.48,328.68,0.164,0.503,0,2,2,9002.96,mortgage,education,salaried,southeast,1
38,34746.61,13.1,18.0,7846.04,24,16.17,746.71,0.258,0.391,0,2,1,5523.04,own,medical,salaried,southeast,0
45,34708.39,0.0,15.3,20182.07,36,13.1,789.55,0.273,0.144,0,2,5,22023.1,mortgage,home_improvement,salaried,northeast,0
67,33150.37,2.5,40.0,23812.81,24,12.31,528.77,0.191,0.106,2,2,3,12761.59,mortgage,education,self_employed,northeast,0
24,26299.61,17.4,4.6,15469.46,12,20.65,264.37,0.121,0.428,1,2,5,0.0,own,debt_consolidation,self_employed,midwest,1
68,18509.95,8.9,40.0,11371.97,36,16.98,763.51,0.495,0.489,0,1,5,8052.84,mortgage,debt_consolidation,self_employed,southeast,1
42,35915.54,2.1,18.4,20164.74,36,19.32,1522.1,0.509,0.28,1,1,4,1488.48,own,debt_consolidation,self_employed,north,1
58,25016.49,6.3,29.5,6543.93,60,12.05,1288.95,0.618,0.626,3,3,2,15249.05,rent,small_business,salaried,southeast,1
41,35814.83,6.8,20.7,12440.66,36,14.71,1745.04,0.585,0.126,3,4,4,0.0,rent,debt_consolidation,salaried,southeast,0
35,24748.04,9.9,8.5,17770.04,24,16.19,649.03,0.315,0.4,1,1,2,2724.83,mortgage,small_business,salaried,southeast,0
57,21766.85,13.9,33.8,11679.28,36,12.19,275.77,0.152,0.61,1,2,4,2133.6,rent,home_improvement,salaried,southeast,1
54,38116.61,8.1,24.3,23521.21,24,14.1,272.46,0.086,0.525,2,2,5,17261.95,rent,debt_consolidation,salaried,midwest,1
27,36804.93,4.3,1.0,26877.82,36,12.05,1125.68,0.367,0.283,1,1,4,15295.58,mortgage,debt_consolidation,salaried,southeast,0
54,44059.59,9.6,30.1,11711.27,48,16.18,1999.96,0.545,0.509,1,1,2,18848.0,mortgage,education,contract,southeast,1
57,86514.11,3.7,35.2,27914.87,24,8.95,1619.75,0.225,0.221,0,0,5,0.0,mortgage,home_improvement,self_employed,northeast,0
39,38811.1,2.4,13.7,20423.37,24,16.9,606.19,0.187,0.628,1,2,5,9156.37,rent,education,salaried,southeast,0
65,42350.45,0.0,40.0,5731.93,48,15.8,1118.88,0.317,0.55,0,0,1,13951.92,mortgage,education,salaried,northeast,0
51,21969.8,0.2,20.4,10542.61,36,13.65,1029.85,0.563,0.394,0,1,5,5203.72,mortgage,education,salaried,north,0
37,20120.59,2.9,13.6,12665.38,36,16.39,543.09,0.324,0.256,0,4,2,3897.44,rent,small_business,salaried,southeast,0
21,67157.0,1.8,1.0,33886.03,48,12.97,2631.8,0.47,0.408,1,3,1,19630.47,rent,education,salaried,southeast,1
53,23438.58,7.8,32.1,7174.5,36,11.69,644.1,0.33,0.698,0,5,1,8937.13,mortgage,small_business,salaried,south,1
31,22282.2,1.7,13.5,12838.68,12,16.78,522.51,0.281,0.261,1,2,4,7757.2,own,home_improvement,contract,midwest,0
57,33981.73,0.0,31.5,7204.13,48,16.97,900.78,0.318,0.419,1,1,2,5186.01,rent,debt_consolidation,salaried,north,0
46,33260.28,2.3,26.7,22740.3,60,12.37,1371.81,0.495,0.027,3,0,3,17657.68,rent,medical,salaried,midwest,0
43,23645.95,4.6,15.1,4340.84,12,12.01,960.38,0.487,0.724,1,2,2,13293.7,rent,medical,self_employed,northeast,1
28,30391.29,4.1,10.8,20179.8,12,13.73,793.08,0.313,0.625,2,1,5,13028.76,rent,small_business,salaried,south,1
55,57892.19,12.6,31.4,25103.21,48,12.18,1083.13,0.225,0.475,0,2,0,28630.91,mortgage,small_business,salaried,midwest,0
28,24624.14,4.0,1.0,9604.59,36,20.91,318.33,0.155,0.625,2,0,3,8838.57,rent,small_business,salaried,midwest,0
41,19238.28,10.0,27.7,8376.67,36,15.83,150.0,0.094,0.699,1,1,2,12034.67,rent,debt_consolidation,salaried,southeast,0
61,51322.75,6.4,28.9,12632.07,36,14.56,603.72,0.141,0.325,6,1,4,11336.43,own,debt_consolidation,salaried,midwest,0
65,42478.98,6.3,40.0,17345.95,48,10.58,597.94,0.169,0.447,1,0,5,7918.28,rent,debt_consolidation,self_employed,midwest,1
68,26619.04,3.2,40.0,17444.08,36,17.6,1003.91,0.453,0.292,0,0,2,14946.25,mortgage,education,salaried,north,0
66,18000.0,6.3,40.0,11242.83,12,11.93,782.51,0.522,0.706,1,2,5,10639.05,own,small_business,salaried,midwest,1
47,25267.09,3.4,20.7,5627.5,12,11.76,1006.37,0.478,0.196,1,1,3,6650.03,mortgage,home_improvement,salaried,midwest,1
30,33759.74,7.2,5.8,18373.91,36,17.74,1323.79,0.471,0.891,0,3,0,17957.28,rent,debt_consolidation,self_employed,north,1
61,56363.79,5.6,33.5,37189.25,60,16.13,2897.72,0.617,0.277,0,3,4,22054.17,rent,medical,self_employed,southeast,0
59,22351.21,2.7,33.7,14225.51,36,5.5,1117.19,0.6,0.189,0,1,3,5201.18,own,education,contract,northeast,0
68,33339.62,10.5,37.1,12940.72,36,13.84,625.61,0.225,0.693,0,3,5,16798.67,own,education,self_employed,north,1
52,45869.73,8.2,26.6,6894.15,60,15.03,605.31,0.158,0.54,1,3,2,15379.94,rent,home_improvement,salaried,northeast,0
27,18000.0,4.7,1.0,12719.46,36,13.07,244.17,0.163,0.535,1,3,1,10037.25,mortgage,home_improvement,salaried,north,0
45,53326.58,7.1,17.9,19699.25,36,15.17,2504.69,0.564,0.511,2,1,1,27727.17,rent,small_business,salaried,southeast,1
42,21022.97,6.2,27.1,7303.7,12,6.9,236.98,0.135,0.872,0,3,0,1135.59,rent,debt_consolidation,salaried,southeast,0
61,39713.17,3.0,26.3,23768.11,48,5.5,872.62,0.264,0.407,2,0,4,22915.65,own,home_improvement,salaried,southeast,1
39,38315.39,6.8,18.6,10969.79,48,10.4,1169.86,0.366,0.056,1,2,5,1240.94,rent,home_improvement,salaried,southeast,1
36,54476.59,4.0,6.3,35185.95,48,15.69,1867.02,0.411,0.663,0,0,3,25756.8,rent,small_business,salaried,northeast,0
24,43537.95,2.7,1.0,7310.57,24,5.5,1457.42,0.402,0.484,0,5,3,21471.29,mortgage,home_improvement,contract,south,0
61,18000.0,0.0,33.2,10559.67,36,10.96,756.99,0.505,0.294,1,0,0,6062.05,own,debt_consolidation,salaried,southeast,0
57,24844.53,5.1,37.1,18097.93,24,6.42,804.79,0.389,0.903,1,2,0,14751.96,own,home_improvement,self_employed,midwest,1
22,36608.88,8.8,1.0,27359.07,60,13.48,1646.07,0.54,0.356,0,2,2,14456.67,mortgage,small_business,salaried,northeast,1
41,31828.22,3.7,19.1,22343.3,12,22.72,333.4,0.126,0.114,0,2,3,5929.79,own,small_business,self_employed,southeast,0
44,42217.77,16.6,13.9,28225.97,36,13.59,1913.31,0.544,0.397,2,1,2,10834.28,mortgage,medical,contract,south,1
43,48123.89,10.0,18.0,14229.97,48,14.05,1598.52,0.399,0.045,0,2,5,21840.29,own,debt_consolidation,salaried,midwest,0
65,44602.7,11.7,37.8,32514.86,24,18.02,744.8,0.2,0.54,0,2,1,6384.99,mortgage,small_business,salaried,southeast,0
28,31571.32,9.7,14.7,22244.36,36,14.59,1599.56,0.608,0.472,0,0,5,5933.08,mortgage,home_improvement,self_employed,midwest,0
35,18000.0,13.9,12.4,8219.78,12,13.6,881.18,0.587,0.473,3,2,1,6341.59,own,education,self_employed,northeast,1
29,28529.61,3.4,4.2,10650.36,36,18.39,1275.97,0.537,0.772,2,3,1,16480.44,rent,medical,salaried,midwest,1
32,41145.7,0.0,8.0,7769.89,60,16.48,1962.18,0.572,0.154,1,0,1,18053.83,mortgage,home_improvement,salaried,southeast,0
64,21851.22,4.7,36.7,10752.98,36,15.71,521.44,0.286,0.079,2,2,4,10791.86,own,medical,salaried,midwest,1
66,45032.3,8.7,40.0,25278.61,60,13.92,761.85,0.203,0.562,3,1,1,7033.11,own,debt_consolidation,salaried,southeast,0
23,50590.81,7.1,1.0,18947.16,12,13.05,753.67,0.179,0.482,0,0,2,27451.17,mortgage,medical,salaried,north,0
51,36434.96,7.6,22.7,13692.21,36,18.35,1675.49,0.552,0.079,3,1,0,18109.14,mortgage,education,salaried,southeast,1
32,18000.0,11.8,19.3,8661.35,60,13.09,789.57,0.526,0.855,2,3,2,3830.5,own,debt_consolidation,salaried,southeast,1
30,20195.25,8.0,4.3,2776.93,48,19.67,1026.1,0.61,0.352,0,1,1,6088.98,mortgage,small_business,salaried,northeast,0
35,76282.55,9.7,13.5,55187.03,24,10.1,3420.36,0.538,0.499,0,0,4,51272.63,rent,home_improvement,salaried,south,1
30,27459.13,2.7,11.1,8310.25,36,20.52,964.45,0.421,0.222,1,2,4,15611.37,rent,medical,self_employed,southeast,1
44,18000.0,2.1,19.5,3757.7,48,16.48,235.25,0.157,0.73,1,0,1,4498.45,rent,debt_consolidation,salaried,southeast,1
68,58035.14,13.0,39.5,7164.88,48,10.43,817.41,0.169,0.684,2,1,5,33337.62,rent,small_business,salaried,midwest,0
49,34738.69,6.9,21.3,22922.04,36,16.64,972.1,0.336,0.181,0,3,2,16093.42,rent,small_business,self_employed,south,0
55,54944.29,4.0,32.6,36473.15,24,11.77,2264.66,0.495,0.395,2,5,5,7377.1,mortgage,debt_consolidation,salaried,south,0
44,38805.71,4.0,17.1,6986.7,12,14.64,561.29,0.174,0.471,1,0,1,12597.07,rent,education,salaried,southeast,1
21,41881.31,3.9,1.0,9042.68,36,12.46,2004.65,0.574,0.293,2,0,5,21127.14,rent,education,contract,northeast,1
25,40233.85,3.7,2.4,16181.18,36,13.94,1506.24,0.449,0.625,0,1,0,0.0,mortgage,small_business,salaried,northeast,1
33,46302.22,1.4,13.1,10973.33,24,18.45,959.41,0.249,0.691,0,1,2,22491.96,rent,medical,salaried,southeast,0
32,89906.07,0.5,11.9,52466.25,24,16.68,4182.96,0.558,0.185,0,2,2,8820.68,own,medical,salaried,southeast,0
61,51938.87,5.7,34.2,8131.81,36,9.77,1745.41,0.403,0.734,2,2,1,16386.66,rent,education,salaried,northeast,1
61,18000.0,4.1,38.2,8393.7,36,10.01,713.86,0.476,0.533,2,1,5,4253.5,own,debt_consolidation,self_employed,southeast,0
61,41672.55,10.9,40.0,15050.4,36,15.64,1000.62,0.288,0.281,0,3,1,17591.84,rent,medical,salaried,north,0
51,55794.02,7.7,35.6,23038.26,36,15.94,1360.06,0.293,0.595,2,2,2,5995.35,own,debt_consolidation,salaried,southeast,0
47,57247.22,7.6,20.3,22188.85,12,11.67,414.15,0.087,0.41,0,4,0,11659.12,mortgage,small_business,contract,southeast,0
52,28877.73,3.5,31.5,6251.75,48,21.18,891.52,0.37,0.606,0,4,4,3852.07,own,medical,self_employed,southeast,1
40,56346.57,6.0,15.5,14581.22,36,17.92,2304.72,0.491,0.849,1,1,1,1835.05,mortgage,debt_consolidation,self_employed,northeast,1
53,51003.62,7.9,24.4,8202.85,12,11.87,2563.63,0.603,0.658,0,0,1,29932.06,mortgage,debt_consolidation,salaried,southeast,0
59,101768.64,9.4,40.0,19603.69,36,11.47,4764.49,0.562,0.289,2,1,5,13319.76,rent,medical,contract,southeast,0
57,25210.08,6.1,34.2,18556.48,36,13.54,266.75,0.127,0.645,1,1,5,2422.83,mortgage,debt_consolidation,salaried,southeast,1
50,27914.23,10.8,27.8,8270.03,36,13.11,1417.77,0.609,0.526,3,3,0,711.5,rent,debt_consolidation,salaried,southeast,0
23,30376.67,6.5,1.0,9520.84,36,19.78,406.84,0.161,0.636,1,3,3,9174.81,mortgage,debt_consolidation,salaried,southeast,1
55,28116.35,9.7,26.4,5625.44,36,18.63,239.46,0.102,0.239,2,1,4,4645.01,mortgage,education,salaried,south,0
38,23770.28,4.5,21.0,14161.23,36,14.65,959.57,0.484,0.343,1,1,5,6951.47,mortgage,home_improvement,self_employed,northeast,0
56,18000.0,0.0,30.4,12639.78,12,17.35,853.77,0.569,0.279,1,1,1,7914.31,rent,home_improvement,salaried,southeast,0
46,28779.72,7.6,18.4,17772.71,24,17.96,1421.92,0.593,0.291,1,2,1,507.99,rent,medical,salaried,south,1
63,40341.27,9.4,40.0,20410.59,12,14.74,1766.57,0.525,0.551,0,4,1,4994.64,mortgage,education,salaried,north,1
37,28080.95,8.8,14.6,17756.62,36,16.19,446.13,0.191,0.633,0,1,3,3550.15,mortgage,small_business,self_employed,northeast,0
65,77874.99,8.2,40.0,29177.04,36,17.0,1058.85,0.163,0.585,2,2,3,43365.69,rent,home_improvement,salaried,north,1
61,34738.99,5.1,36.4,22979.26,48,16.55,323.78,0.112,0.313,2,0,1,0.0,own,medical,self_employed,southeast,0
36,59410.85,3.3,10.4,37016.93,24,11.23,1951.96,0.394,0.518,2,2,0,18583.82,rent,debt_consolidation,contract,south,0
44,38553.28,8.7,18.5,4668.28,36,11.65,1102.3,0.343,0.447,1,3,0,24270.57,mortgage,medical,self_employed,southeast,0
46,48878.41,8.2,27.4,20886.25,24,13.29,566.23,0.139,0.3,1,1,1,3084.18,rent,debt_consolidation,salaried,north,0
57,38842.93,4.3,29.5,11136.6,36,11.53,1071.44,0.331,0.622,3,1,3,6463.54,mortgage,education,salaried,north,0
54,61383.08,10.9,25.7,10700.71,48,8.31,1976.3,0.386,0.647,2,0,1,32421.29,mortgage,medical,salaried,northeast,0
61,35365.59,3.0,37.2,23097.39,12,17.34,1386.32,0.47,0.435,1,1,4,17357.99,mortgage,debt_consolidation,self_employed,southeast,1
38,42547.26,4.2,21.7,5318.76,24,15.95,1076.68,0.304,0.266,5,1,3,7666.64,mortgage,debt_consolidation,salaried,northeast,0
45,40290.05,13.0,22.5,23368.35,36,8.87,845.79,0.252,0.432,0,1,1,17202.56,rent,debt_consolidation,self_employed,north,0
41,30605.04,10.0,17.1,22726.11,48,13.49,1120.82,0.439,0.359,0,0,5,8366.44,rent,home_improvement,salaried,northeast,0
64,40949.41,5.1,40.0,17349.14,24,13.73,1533.83,0.449,0.466,2,3,4,8679.14,rent,home_improvement,salaried,midwest,1
35,88295.31,7.6,13.6,31246.08,60,15.26,1663.13,0.226,0.391,2,1,5,38141.19,mortgage,debt_consolidation,salaried,northeast,0
49,30835.85,7.1,32.3,15469.57,60,9.96,233.08,0.091,0.267,1,3,4,7306.2,rent,debt_consolidation,salaried,southeast,0
26,41199.25,0.0,1.0,25830.26,48,8.81,2027.94,0.591,0.338,1,1,3,24459.21,mortgage,home_improvement,self_employed,midwest,1
61,58586.94,2.9,37.3,15898.08,24,16.68,2381.83,0.488,0.136,2,2,2,22278.39,mortgage,debt_consolidation,salaried,southeast,0
39,55765.26,6.3,23.4,15499.5,36,8.06,876.43,0.189,0.46,2,1,3,18563.77,mortgage,education,salaried,north,0
37,34714.78,5.1,12.4,17444.95,12,13.52,1115.1,0.385,0.367,2,1,4,12175.24,rent,debt_consolidation,salaried,southeast,1
48,18000.0,7.5,25.3,12818.24,48,13.13,601.91,0.401,0.85,1,2,5,0.0,own,debt_consolidation,salaried,northeast,1
44,42916.65,11.0,18.7,13219.07,36,13.98,529.43,0.148,0.625,0,1,3,14161.76,own,debt_consolidation,salaried,southeast,0
61,18000.0,5.2,39.8,6432.4,24,15.56,275.24,0.183,0.405,0,1,4,0.0,rent,debt_consolidation,salaried,southeast,0
46,64047.07,2.3,26.6,47766.31,24,21.21,3184.32,0.597,0.065,2,1,5,19737.33,own,debt_consolidation,salaried,midwest,0
45,37092.83,7.8,25.5,8569.18,48,7.78,1095.25,0.354,0.178,1,1,3,13104.48,mortgage,debt_consolidation,salaried,midwest,0
26,52568.01,5.2,5.4,8857.18,48,18.18,803.32,0.183,0.643,3,1,4,30799.58,rent,debt_consolidation,salaried,north,0
22,23649.88,5.9,1.0,11625.0,36,5.5,1006.48,0.511,0.441,2,1,1,12659.49,mortgage,home_improvement,salaried,northeast,1
40,18000.0,5.3,16.3,2500.0,36,20.35,501.16,0.334,0.362,1,0,5,5020.61,rent,small_business,contract,southeast,1
68,38542.5,15.5,40.0,9006.34,48,5.92,1364.22,0.425,0.654,2,3,5,15488.87,own,small_business,salaried,southeast,1
65,34060.26,0.0,40.0,17438.57,48,24.73,683.05,0.241,0.591,0,2,2,5292.26,own,medical,salaried,south,0
51,28100.79,4.9,29.6,15047.77,48,12.86,260.56,0.111,0.434,1,1,5,6238.84,mortgage,education,salaried,south,0
51,35794.79,6.5,16.7,15805.83,36,19.92,504.32,0.169,0.382,1,1,4,0.0,mortgage,debt_consolidation,salaried,south,0
39,110450.54,3.4,19.5,39956.73,36,19.05,5572.6,0.605,0.41,2,4,1,9468.02,mortgage,home_improvement,salaried,southeast,0
29,49045.35,10.1,8.5,23689.13,48,12.67,1703.25,0.417,0.307,1,1,5,23564.69,mortgage,education,contract,north,0
21,53679.66,9.8,1.0,28199.7,24,12.99,2365.42,0.529,0.302,0,1,3,31922.31,mortgage,small_business,salaried,southeast,0
37,49239.6,6.3,12.1,30833.53,36,10.98,375.95,0.092,0.343,2,2,0,12596.18,mortgage,debt_consolidation,salaried,midwest,0
36,64303.81,5.4,19.2,39831.9,12,17.81,2643.69,0.493,0.439,1,1,0,6861.4,own,education,contract,northeast,1
30,31893.9,6.1,3.2,17185.21,36,12.72,908.64,0.342,0.457,1,1,3,0.0,mortgage,debt_consolidation,self_employed,northeast,0
33,18000.0,6.1,14.1,12300.6,48,11.06,658.9,0.439,0.061,1,3,3,169.31,rent,home_improvement,salaried,northeast,1
22,31913.8,6.2,1.0,20678.74,24,16.76,727.18,0.273,0.85,2,1,5,18891.21,rent,education,self_employed,north,1
50,48578.14,5.7,27.9,9907.27,36,10.73,1681.08,0.415,0.451,2,1,3,14240.88,rent,medical,salaried,northeast,0
65,22986.99,7.5,40.0,16612.89,12,13.12,190.09,0.099,0.506,2,2,2,9692.75,mortgage,medical,self_employed,southeast,1
54,32078.02,9.5,23.8,21870.72,48,14.95,279.66,0.105,0.218,1,3,1,2700.06,rent,medical,salaried,southeast,0
42,25834.26,1.6,16.5,8323.39,48,11.8,1100.91,0.511,0.72,0,3,3,9356.34,rent,home_improvement,salaried,midwest,1
41,64916.19,2.3,13.6,8615.43,36,12.44,796.37,0.147,0.516,1,2,1,29387.55,own,home_improvement,self_employed,south,0
35,47323.96,0.0,10.0,23685.87,48,20.95,345.27,0.088,0.57,2,3,4,0.0,own,debt_consolidation,contract,northeast,0
27,45417.24,10.0,6.0,17994.45,12,13.64,2167.64,0.573,0.396,0,1,0,21799.21,mortgage,home_improvement,salaried,south,1
49,44849.72,7.5,23.2,26561.21,48,12.99,834.9,0.223,0.633,1,0,4,22703.48,mortgage,education,salaried,midwest,0
48,34008.14,8.5,19.6,15320.6,48,13.76,1117.98,0.394,0.288,1,1,1,0.0,mortgage,debt_consolidation,contract,south,1
21,37532.92,0.8,1.0,6312.62,12,16.41,1667.13,0.533,0.937,0,0,1,1026.92,mortgage,debt_consolidation,salaried,south,1
40,20998.84,13.6,8.9,5756.9,60,10.16,844.84,0.483,0.122,0,2,5,6547.11,rent,medical,salaried,north,0
34,18000.0,4.1,7.2,12167.82,12,16.29,157.77,0.105,0.277,1,1,2,8043.64,mortgage,debt_consolidation,salaried,south,0
29,36791.94,7.2,5.0,5288.64,36,15.57,1174.01,0.383,0.128,2,2,4,24145.83,mortgage,debt_consolidation,self_employed,southeast,0
54,39579.87,9.9,29.9,23118.68,24,6.99,1228.86,0.373,0.604,1,2,2,0.0,mortgage,medical,salaried,northeast,0
46,57405.25,2.6,22.4,17446.86,48,22.04,1287.04,0.269,0.446,3,1,5,24983.43,mortgage,home_improvement,contract,southeast,0
51,66833.59,4.3,33.6,27078.5,12,20.64,2711.91,0.487,0.457,1,1,0,34749.25,rent,medical,salaried,southeast,0
55,66796.06,7.2,32.4,30361.04,12,11.14,3342.94,0.601,0.569,1,3,2,36346.86,rent,debt_consolidation,salaried,northeast,0
68,22716.12,17.9,40.0,6304.89,36,9.79,301.9,0.159,0.504,0,3,0,0.0,own,debt_consolidation,self_employed,southeast,0
59,29793.59,7.7,37.9,15812.51,60,15.46,393.33,0.158,0.499,0,2,3,17169.18,rent,debt_consolidation,salaried,south,0
50,42266.09,12.9,25.5,23536.66,24,8.51,1679.22,0.477,0.691,2,2,4,17104.23,rent,debt_consolidation,salaried,northeast,0
63,100047.46,11.3,39.9,17366.99,36,20.23,2712.83,0.325,0.152,2,3,2,39902.34,mortgage,home_improvement,contract,southeast,0
43,64321.01,8.0,16.5,22870.88,36,12.53,2730.52,0.509,0.633,4,1,5,0.0,rent,education,contract,southeast,1
68,55278.91,2.5,40.0,32556.94,48,21.31,719.46,0.156,0.465,2,3,4,8440.23,mortgage,home_improvement,self_employed,northeast,0
57,29352.38,10.7,33.2,16866.81,24,11.04,248.33,0.102,0.89,0,3,5,2762.15,rent,home_improvement,salaried,north,1
52,23838.48,0.5,35.2,11039.6,36,14.03,907.62,0.457,0.724,3,1,5,13551.12,own,debt_consolidation,self_employed,southeast,1
64,48114.62,12.9,32.9,29346.79,60,19.82,2474.47,0.617,0.502,1,0,5,25360.05,rent,education,salaried,southeast,0
45,21757.68,7.3,22.6,4086.45,24,13.14,237.87,0.131,0.176,1,1,2,14193.64,rent,debt_consolidation,salaried,north,0
55,31252.57,0.0,32.4,6077.78,36,15.64,1423.93,0.547,0.176,2,2,5,8369.42,mortgage,debt_consolidation,salaried,midwest,0
34,32918.6,5.1,12.5,17585.72,48,19.09,790.2,0.288,0.187,1,1,3,19390.46,rent,medical,salaried,north,0
67,67441.99,9.1,40.0,37551.72,24,12.16,500.57,0.089,0.702,0,3,0,40534.46,rent,medical,salaried,southeast,0
50,29763.17,5.6,20.1,18844.61,36,9.2,881.52,0.355,0.628,0,1,0,0.0,rent,debt_consolidation,salaried,north,1
58,18000.0,9.4,28.8,4212.96,24,8.37,345.87,0.231,0.28,2,2,2,2568.96,rent,debt_consolidation,salaried,midwest,0
43,42696.27,3.1,18.0,19024.01,48,16.95,1616.9,0.454,0.343,1,1,3,21543.53,mortgage,small_business,self_employed,southeast,1
62,25755.69,1.3,39.5,13813.39,60,16.13,505.3,0.235,0.306,1,0,0,9573.46,own,home_improvement,contract,northeast,0
24,35168.46,6.2,1.0,9176.53,36,18.96,996.79,0.34,0.401,3,2,3,3266.95,rent,medical,salaried,southeast,1
26,33309.04,6.6,2.7,14844.66,36,13.35,522.69,0.188,0.719,0,5,4,14601.36,mortgage,home_improvement,contract,south,1
45,30793.05,5.1,22.9,16080.76,36,8.49,1352.78,0.527,0.322,0,2,4,4457.28,mortgage,debt_consolidation,self_employed,northeast,0
56,48143.58,11.4,31.5,12281.58,12,5.5,2325.87,0.58,0.348,2,0,5,17139.74,rent,small_business,self_employed,southeast,1
59,18145.84,3.1,38.0,6470.9,24,26.55,450.32,0.298,0.101,0,0,2,9942.3,mortgage,debt_consolidation,contract,north,0
42,27801.74,7.8,17.9,7125.4,12,16.71,746.93,0.322,0.292,0,2,0,4147.65,own,home_improvement,salaried,north,0
52,46041.38,6.8,28.1,31715.79,12,15.07,2342.93,0.611,0.648,1,2,5,991.58,rent,small_business,self_employed,north,1
47,26691.07,0.3,21.3,7184.79,36,15.67,348.64,0.157,0.073,3,1,3,12225.99,rent,medical,salaried,southeast,0
67,18000.0,1.2,40.0,3530.26,12,8.49,774.98,0.517,0.457,0,1,3,8486.51,rent,debt_consolidation,contract,northeast,1
52,45742.96,6.5,25.8,6502.26,12,11.16,1472.66,0.386,0.363,0,1,3,8506.88,mortgage,small_business,salaried,north,0
41,55364.83,14.4,22.1,8211.75,36,21.82,2563.38,0.556,0.635,0,1,2,18631.28,own,debt_consolidation,self_employed,southeast,0
67,33897.69,8.8,40.0,8159.15,24,17.27,672.05,0.238,0.595,2,4,0,10808.28,rent,medical,salaried,northeast,1
26,18000.0,0.0,5.4,9057.08,12,11.29,359.89,0.24,0.9,1,0,3,9731.43,rent,debt_consolidation,salaried,southeast,1
68,46467.45,0.0,40.0,6092.78,12,9.35,991.08,0.256,0.296,1,1,5,21695.73,rent,debt_consolidation,salaried,northeast,1
28,18000.0,9.4,1.0,5411.68,24,12.33,150.0,0.1,0.327,1,1,0,2078.73,own,debt_consolidation,salaried,northeast,0
34,39328.14,6.1,15.4,6160.56,36,13.18,562.86,0.172,0.405,2,3,2,6390.97,mortgage,education,salaried,north,0
60,23795.82,11.1,40.0,8906.89,48,23.11,1223.65,0.617,0.384,1,2,5,2706.32,rent,debt_consolidation,salaried,south,1
56,21223.57,3.0,27.4,3196.34,48,13.71,379.25,0.214,0.216,0,1,2,1988.81,rent,small_business,contract,midwest,0
67,28692.69,7.9,40.0,14425.29,48,9.5,217.0,0.091,0.704,1,1,0,0.0,rent,debt_consolidation,self_employed,southeast,0
56,31984.77,9.9,33.8,17710.2,36,14.25,614.14,0.23,0.482,1,1,5,12848.62,own,education,salaried,northeast,0
51,26355.51,4.7,32.6,15305.77,60,15.61,660.05,0.301,0.221,0,2,0,11695.57,mortgage,medical,self_employed,north,0
37,44234.28,4.8,10.3,11560.03,36,9.12,1385.29,0.376,0.461,2,1,1,4806.56,rent,debt_consolidation,salaried,midwest,0
21,28642.61,6.6,1.0,19109.07,36,16.19,279.33,0.117,0.299,1,2,2,15493.74,own,small_business,contract,north,0
26,52139.61,8.7,1.0,28931.31,36,19.58,2202.17,0.507,0.36,0,2,2,19911.45,own,home_improvement,self_employed,northeast,1
35,38874.46,6.4,9.6,6052.35,24,15.08,1703.25,0.526,0.7,1,2,2,19287.22,rent,home_improvement,self_employed,northeast,1
22,25771.54,10.4,1.0,10248.9,24,11.15,419.02,0.195,0.373,1,0,4,12887.21,rent,debt_consolidation,salaried,north,0
45,24011.91,4.7,24.4,14495.67,12,12.28,1022.8,0.511,0.285,0,2,3,5246.84,own,debt_consolidation,self_employed,southeast,1
58,18000.0,1.2,38.7,5685.54,48,7.53,412.76,0.275,0.063,1,0,2,6853.96,rent,education,self_employed,midwest,0
67,39030.86,14.4,38.2,14066.02,12,13.94,1003.35,0.308,0.498,1,2,4,6684.55,rent,home_improvement,salaried,northeast,0
44,29764.55,4.1,17.6,15377.86,36,15.81,1452.63,0.586,0.463,1,4,3,15149.81,mortgage,debt_consolidation,salaried,midwest,1
63,18000.0,4.2,40.0,2789.15,48,10.73,842.44,0.562,0.705,0,0,3,3299.12,mortgage,debt_consolidation,contract,south,0
68,27584.24,6.2,40.0,20113.57,36,22.65,649.52,0.283,0.392,0,2,2,9293.59,rent,small_business,contract,south,1
62,23660.58,6.8,40.0,5440.11,12,17.83,677.44,0.344,0.403,1,2,3,3268.53,rent,medical,salaried,southeast,1
43,66955.57,5.0,25.1,9159.75,36,6.97,1309.67,0.235,0.681,1,0,1,16197.11,mortgage,medical,salaried,north,0
36,18000.0,6.4,12.2,2500.0,24,7.06,537.5,0.358,0.411,1,3,2,3824.16,own,education,salaried,south,0
67,18856.87,6.3,40.0,7009.46,60,10.37,704.35,0.448,0.326,0,0,0,9935.63,rent,medical,salaried,northeast,0
32,55060.47,7.2,13.3,37280.32,36,21.11,596.67,0.13,0.201,1,4,0,8870.23,rent,small_business,self_employed,southeast,1
40,61073.94,0.0,23.7,38870.52,48,18.24,2935.18,0.577,0.144,0,0,5,2922.83,mortgage,home_improvement,salaried,northeast,0
24,25263.28,14.0,8.0,17547.59,36,21.32,985.67,0.468,0.485,1,1,4,238.49,rent,small_business,salaried,south,1
59,26490.04,5.9,37.7,12086.95,48,14.54,291.93,0.132,0.18,3,2,1,6176.18,mortgage,medical,salaried,northeast,0
52,44748.75,8.8,29.4,18020.78,48,13.62,2048.2,0.549,0.232,1,1,2,3639.65,rent,debt_consolidation,self_employed,midwest,1
25,18000.0,1.0,5.9,6535.66,12,9.26,722.38,0.482,0.385,1,1,5,5268.94,own,home_improvement,contract,northeast,1
31,18000.0,4.6,5.1,2686.38,24,15.97,373.63,0.249,0.358,0,0,3,5039.09,rent,education,salaried,southeast,0
47,30702.27,3.8,24.3,21276.63,12,13.68,925.09,0.362,0.705,0,1,0,13886.83,rent,debt_consolidation,salaried,midwest,1
46,66234.32,12.4,20.4,28652.37,36,13.51,3005.22,0.544,0.475,1,2,3,18777.7,rent,education,salaried,northeast,0
59,28767.26,4.2,36.8,11699.43,48,21.3,1445.05,0.603,0.102,1,4,5,1510.74,rent,medical,salaried,southeast,1
33,36040.32,9.5,13.5,16021.92,36,13.97,696.12,0.232,0.497,1,3,1,17976.74,mortgage,small_business,salaried,southeast,1
65,55614.07,3.9,40.0,34498.37,36,20.09,1998.87,0.431,0.487,0,1,5,0.0,mortgage,education,salaried,midwest,0
42,83691.41,4.7,24.7,21878.34,60,7.83,3797.73,0.545,0.762,1,0,4,44207.55,own,debt_consolidation,salaried,north,0
60,27111.78,5.5,34.6,15378.82,24,25.79,1386.34,0.614,0.894,2,1,0,4864.37,mortgage,medical,salaried,midwest,1
32,34300.96,11.6,13.2,19475.57,12,12.93,337.83,0.118,0.302,0,0,5,0.0,mortgage,debt_consolidation,salaried,north,0
22,74255.21,0.0,1.0,48653.37,60,17.47,2177.88,0.352,0.614,0,1,3,46611.89,own,debt_consolidation,contract,south,0
23,18227.31,1.2,1.5,2500.0,60,18.14,838.12,0.552,0.26,1,2,1,5968.23,rent,small_business,self_employed,south,0
38,53187.79,0.0,10.2,12092.2,36,12.41,362.14,0.082,0.412,1,1,4,31329.28,mortgage,education,salaried,midwest,0
66,22523.34,2.1,40.0,9386.82,24,17.94,593.32,0.316,0.375,1,2,4,4230.8,mortgage,education,salaried,south,0
23,36063.57,3.3,3.0,23651.95,60,18.16,1188.5,0.395,0.292,2,0,3,10306.47,rent,small_business,salaried,northeast,1
38,31197.71,0.0,13.3,22712.67,48,11.5,947.12,0.364,0.449,0,2,5,7352.89,mortgage,education,salaried,northeast,1
26,23101.09,3.6,1.0,11429.66,36,11.55,915.76,0.476,0.253,1,1,5,5969.18,own,small_business,self_employed,southeast,0
65,22858.93,0.0,34.5,5798.04,24,14.69,219.79,0.115,0.433,1,0,1,11137.0,rent,medical,salaried,southeast,0
53,38796.84,2.4,29.8,9167.24,36,14.01,1629.87,0.504,0.816,1,3,0,87.14,mortgage,debt_consolidation,salaried,southeast,0
57,52476.8,11.3,25.7,27437.48,48,20.35,1018.54,0.233,0.492,4,0,4,14701.56,mortgage,medical,contract,southeast,0
55,32712.44,8.1,33.3,8254.77,48,17.45,1431.4,0.525,0.521,1,2,5,5055.62,rent,medical,salaried,south,1
52,35576.75,7.2,24.1,16665.75,36,14.2,908.76,0.307,0.211,0,2,1,10753.98,rent,medical,salaried,southeast,0
58,43909.81,2.5,39.2,28362.73,36,17.05,377.54,0.103,0.414,3,2,3,0.0,rent,home_improvement,salaried,southeast,0
21,22969.44,0.4,1.0,8397.32,36,5.9,1149.46,0.601,0.303,3,3,3,4896.16,rent,medical,salaried,southeast,1
62,47130.27,1.9,40.0,16893.26,36,11.92,1969.64,0.501,0.783,1,0,2,16926.51,mortgage,debt_consolidation,salaried,northeast,0
56,48733.6,6.3,38.0,6957.62,36,15.71,1087.66,0.268,0.709,4,2,3,23441.06,rent,debt_consolidation,contract,midwest,0
56,103107.05,10.0,30.9,28877.53,12,19.18,1940.26,0.226,0.266,2,1,3,63529.39,mortgage,home_improvement,salaried,south,0
39,29496.78,10.1,21.9,16514.08,12,15.34,978.41,0.398,0.39,3,1,5,2117.09,rent,medical,salaried,northeast,1
59,28498.47,9.0,34.1,9890.29,48,20.62,1456.13,0.613,0.396,0,0,2,9380.85,rent,medical,salaried,northeast,0
39,47713.31,3.5,11.9,10483.97,12,18.15,941.11,0.237,0.201,4,1,0,9102.63,mortgage,home_improvement,salaried,northeast,0
23,48728.71,6.6,2.3,9094.42,12,12.45,2404.22,0.592,0.422,1,3,2,18069.04,mortgage,education,self_employed,north,1
64,27591.51,5.2,40.0,4963.26,60,13.91,594.16,0.258,0.689,1,2,0,6650.31,mortgage,small_business,salaried,northeast,1
32,29163.46,5.7,11.1,15609.86,48,16.22,1118.45,0.46,0.47,1,1,0,2396.2,mortgage,debt_consolidation,contract,northeast,1
25,43359.23,14.6,6.3,21937.67,12,12.62,1033.89,0.286,0.713,2,1,3,18774.49,mortgage,small_business,salaried,north,1
50,24401.86,0.0,27.5,10899.54,24,20.93,256.07,0.126,0.515,2,3,5,0.0,rent,debt_consolidation,self_employed,northeast,1
32,29073.31,5.6,8.5,12652.87,48,9.84,1418.64,0.586,0.473,2,1,0,0.0,rent,small_business,salaried,south,1
62,35869.01,11.3,40.0,7764.79,36,15.83,503.72,0.169,0.14,3,4,2,21108.11,rent,debt_consolidation,salaried,midwest,0
42,52485.61,0.6,11.5,22851.22,36,17.59,2581.13,0.59,0.216,1,2,1,27560.39,mortgage,debt_consolidation,self_employed,southeast,1
21,26797.63,3.9,1.2,4227.61,36,13.18,303.23,0.136,0.334,1,1,2,10409.1,rent,small_business,salaried,northeast,0
66,18000.0,4.4,36.7,12659.23,24,12.24,336.23,0.224,0.32,0,2,3,0.0,mortgage,home_improvement,self_employed,midwest,0
45,18000.0,5.6,26.7,2818.03,48,14.18,865.95,0.577,0.802,0,5,5,3598.82,rent,medical,salaried,northeast,0
33,20354.28,0.1,9.7,7873.52,12,17.91,738.88,0.436,0.537,3,4,5,4426.51,mortgage,education,self_employed,southeast,1
53,19899.89,8.9,24.7,2500.0,36,12.4,302.35,0.182,0.274,2,2,5,9324.82,rent,debt_consolidation,salaried,northeast,0
46,32372.46,9.2,17.9,19917.96,24,10.01,1078.35,0.4,0.654,2,2,2,14536.02,own,education,salaried,midwest,0
22,20966.27,8.5,1.0,4710.85,12,19.33,309.97,0.177,0.642,1,3,4,5354.34,own,debt_consolidation,contract,south,0
57,25715.34,3.0,31.5,18070.09,12,16.18,1183.33,0.552,0.193,0,0,1,4125.86,own,education,salaried,north,0
40,24956.36,6.8,15.1,3686.2,48,18.73,222.34,0.107,0.445,1,1,0,3040.15,mortgage,home_improvement,self_employed,southeast,0
54,28709.6,2.9,33.4,18290.77,24,17.69,875.83,0.366,0.786,1,3,5,9409.59,own,debt_consolidation,contract,northeast,1
63,60201.46,5.2,37.2,32128.42,24,23.66,573.3,0.114,0.196,0,1,5,12083.95,rent,small_business,salaried,southeast,0
50,45616.19,15.1,18.6,12650.9,12,19.18,1730.8,0.455,0.44,0,0,1,22372.74,mortgage,medical,self_employed,northeast,1
53,34779.18,6.9,27.9,8608.7,48,11.46,1696.44,0.585,0.794,1,2,1,16026.34,mortgage,debt_consolidation,contract,north,1
33,28463.25,1.7,7.5,9829.42,36,16.48,1254.22,0.529,0.545,1,0,5,3253.24,mortgage,medical,salaried,northeast,1
32,28797.45,7.2,6.0,18484.91,60,12.16,673.7,0.281,0.359,1,1,2,15989.78,rent,small_business,salaried,south,1
40,39642.36,1.1,23.6,26284.18,36,12.59,686.9,0.208,0.321,1,0,4,14573.2,mortgage,debt_consolidation,salaried,north,0
61,44150.12,1.7,35.9,10173.5,36,8.57,534.79,0.145,0.797,2,1,5,16059.1,own,education,contract,south,0
46,23595.25,2.3,27.6,8085.44,36,13.3,1084.9,0.552,0.133,1,2,3,0.0,mortgage,education,contract,northeast,0
37,35077.74,4.7,16.7,9457.64,12,16.79,361.88,0.124,0.644,2,2,0,2901.63,rent,small_business,contract,southeast,1
58,18000.0,10.2,25.3,3550.77,60,14.22,629.35,0.42,0.448,0,1,3,1279.32,rent,debt_consolidation,salaried,northeast,0
61,37756.76,8.8,39.1,19907.75,60,9.88,875.72,0.278,0.563,3,2,0,11610.35,rent,education,salaried,midwest,0
64,47576.9,8.6,40.0,16076.18,24,8.1,2449.1,0.618,0.522,3,2,4,5232.8,mortgage,education,salaried,south,1
35,30710.85,2.1,6.8,8045.99,36,23.37,907.93,0.355,0.349,0,2,3,16755.08,mortgage,education,contract,southeast,0
55,74083.0,4.3,36.3,49308.06,24,15.87,2323.41,0.376,0.391,0,3,2,14814.69,rent,education,contract,southeast,1
49,23858.12,7.6,28.0,14110.65,36,11.04,1144.51,0.576,0.678,1,1,2,6928.18,own,home_improvement,salaried,southeast,1
42,37847.68,4.0,13.4,22991.31,48,16.44,1903.75,0.604,0.753,0,2,5,21573.65,mortgage,home_improvement,salaried,north,1
40,34028.5,5.4,16.8,4923.7,60,23.69,1120.57,0.395,0.125,0,1,2,13821.97,mortgage,small_business,contract,north,0
26,33119.42,8.3,10.0,23068.74,24,17.11,1407.4,0.51,0.599,1,1,5,7734.55,own,debt_consolidation,contract,northeast,1
34,32924.91,5.1,8.6,15872.61,36,5.5,1159.98,0.423,0.392,1,3,4,17738.93,mortgage,small_business,contract,midwest,1
47,36133.8,7.4,25.8,15804.77,48,25.64,935.85,0.311,0.148,3,1,5,8120.7,own,debt_consolidation,salaried,southeast,0
63,49322.85,12.9,33.1,6247.66,24,6.73,456.03,0.111,0.459,0,1,5,18565.75,own,medical,salaried,north,0
62,61614.3,5.8,40.0,42238.28,36,13.63,2400.81,0.468,0.651,0,0,3,4314.0,rent,debt_consolidation,salaried,southeast,0
30,34511.74,11.2,2.3,15966.89,36,9.74,1317.61,0.458,0.816,1,0,5,13100.28,rent,education,salaried,southeast,1
53,48651.25,8.7,22.0,31129.34,48,11.39,579.84,0.143,0.485,1,1,4,23324.53,own,debt_consolidation,contract,southeast,1
25,25726.01,0.6,5.8,13711.24,60,15.69,437.85,0.204,0.246,1,2,0,9148.08,mortgage,medical,salaried,south,1
53,47653.02,2.1,30.9,29636.22,12,5.8,1887.65,0.475,0.579,2,1,0,8807.28,mortgage,small_business,salaried,northeast,1
37,25083.45,3.2,12.3,13960.12,24,14.12,336.21,0.161,0.253,3,3,4,12580.63,own,home_improvement,contract,southeast,0
42,54615.73,3.1,22.9,38242.33,12,19.32,2062.22,0.453,0.889,0,2,3,9353.77,mortgage,debt_consolidation,salaried,south,1
55,87419.11,6.1,30.8,22908.62,24,10.96,3407.22,0.468,0.512,3,2,5,46775.5,rent,small_business,salaried,northeast,0
41,32817.75,9.0,19.0,8116.59,36,8.66,740.6,0.271,0.172,2,1,3,0.0,rent,home_improvement,self_employed,midwest,0
59,18000.0,11.5,37.1,10240.22,48,13.91,329.13,0.219,0.387,1,2,1,6078.81,own,education,salaried,southeast,1
46,27441.43,7.7,22.8,11961.14,36,13.08,643.6,0.281,0.462,1,0,5,17690.48,own,education,salaried,southeast,1
68,57953.0,4.7,40.0,28829.97,36,12.0,1323.1,0.274,0.232,3,1,2,25000.96,own,education,self_employed,northeast,0
51,43577.33,0.0,27.3,24681.4,36,9.51,1480.87,0.408,0.621,0,1,5,0.0,mortgage,debt_consolidation,salaried,northeast,1
35,38351.3,6.8,14.7,17828.74,24,16.68,1539.42,0.482,0.515,1,1,0,18853.29,rent,debt_consolidation,self_employed,south,0
58,52766.97,6.6,37.5,32517.48,48,17.0,2398.02,0.545,0.448,1,1,0,0.0,rent,home_improvement,contract,northeast,0
40,42339.28,7.2,17.5,13586.1,36,10.02,339.41,0.096,0.922,1,0,0,8947.42,rent,home_improvement,salaried,south,0
46,57609.6,14.9,23.2,38089.4,36,10.61,2267.6,0.472,0.606,1,0,5,4547.45,rent,small_business,salaried,south,0
27,50825.73,11.5,6.0,9546.91,60,15.07,1057.43,0.25,0.657,1,2,0,9311.26,mortgage,small_business,salaried,midwest,0
26,65454.74,9.6,1.5,33998.67,36,10.45,2906.55,0.533,0.365,3,1,4,2306.03,rent,home_improvement,self_employed,north,1
48,40162.71,2.7,33.2,27342.11,24,15.25,404.6,0.121,0.411,2,0,4,12447.18,mortgage,home_improvement,salaried,northeast,0
29,50524.26,4.4,9.3,14106.24,36,20.67,1589.97,0.378,0.4,0,0,5,23544.24,own,home_improvement,salaried,southeast,0
68,30363.81,6.1,40.0,9895.74,36,14.25,952.12,0.376,0.788,2,2,3,5129.39,mortgage,medical,self_employed,north,1
62,26832.97,3.4,40.0,8383.38,36,9.4,573.14,0.256,0.57,1,0,0,10401.5,rent,debt_consolidation,salaried,southeast,0
54,70745.37,8.5,23.7,33638.44,48,16.15,3560.65,0.604,0.034,0,2,0,25187.16,rent,debt_consolidation,salaried,north,0
56,37828.04,7.9,32.9,14378.79,36,13.75,434.2,0.138,0.623,2,3,0,24961.31,rent,debt_consolidation,self_employed,northeast,0
49,48438.48,2.1,25.2,9107.13,36,13.87,620.23,0.154,0.448,1,1,3,25447.01,mortgage,debt_consolidation,salaried,midwest,0
23,36387.14,11.3,2.2,24798.24,48,16.5,1297.51,0.428,0.624,0,2,2,18875.97,own,small_business,contract,south,1
39,27001.92,6.9,16.1,6722.03,36,17.4,804.93,0.358,0.665,1,3,0,15303.86,mortgage,medical,salaried,south,0
44,34704.09,0.0,26.5,15841.39,36,14.65,644.37,0.223,0.664,3,2,0,11815.12,rent,education,salaried,southeast,1
64,63140.49,6.3,40.0,31237.31,12,14.25,1285.47,0.244,0.56,0,1,1,2694.93,mortgage,medical,salaried,southeast,0
31,43616.94,7.6,12.2,6353.84,36,23.17,598.98,0.165,0.122,1,1,2,24548.09,rent,debt_consolidation,self_employed,southeast,0
44,18000.0,10.4,22.2,3245.38,36,19.54,822.89,0.549,0.483,0,1,5,9092.6,own,debt_consolidation,salaried,southeast,1
37,31558.47,5.2,25.5,23105.99,24,18.0,1019.18,0.388,0.594,1,2,4,888.35,rent,debt_consolidation,self_employed,northeast,1
27,73025.46,9.8,9.1,39334.64,36,15.05,1291.4,0.212,0.529,0,1,2,13694.43,rent,small_business,salaried,north,0
25,31577.66,7.2,1.0,4457.06,12,10.28,769.57,0.292,0.099,2,2,1,10732.78,mortgage,home_improvement,contract,southeast,0
38,18000.0,1.2,11.3,11166.22,24,19.24,854.41,0.57,0.312,1,1,4,1004.35,mortgage,debt_consolidation,salaried,midwest,0
24,76502.64,0.8,1.0,33690.38,36,15.11,3563.07,0.559,0.319,1,4,5,49957.21,rent,debt_consolidation,self_employed,southeast,0
24,46009.58,11.0,1.0,7700.89,24,12.08,449.81,0.117,0.8,2,1,1,6605.58,rent,medical,salaried,northeast,1
37,33543.37,11.3,11.0,18411.08,36,13.48,1210.96,0.433,0.601,0,1,2,0.0,mortgage,debt_consolidation,salaried,northeast,0
30,29554.89,7.8,9.0,12844.31,36,10.44,400.48,0.163,0.642,1,0,0,0.0,rent,debt_consolidation,salaried,midwest,0
47,54425.49,12.5,28.7,13557.36,24,18.94,879.32,0.194,0.435,0,0,0,18466.21,rent,home_improvement,salaried,southeast,0
21,27511.71,10.7,1.0,18514.07,12,17.37,1253.32,0.547,0.682,1,2,5,14341.63,rent,home_improvement,salaried,southeast,1
35,55953.02,9.2,11.7,16985.62,36,15.26,2627.01,0.563,0.614,1,0,1,22336.43,rent,education,salaried,southeast,0
42,43378.62,2.9,7.8,12981.95,12,14.32,450.61,0.125,0.555,4,1,0,3621.95,mortgage,small_business,contract,north,1
67,38283.2,13.4,40.0,11172.85,36,11.64,1760.77,0.552,0.801,4,1,1,24027.21,rent,education,contract,south,1
51,36721.45,8.6,19.1,22161.29,48,5.55,1448.62,0.473,0.732,2,1,2,9582.99,rent,medical,contract,northeast,1
63,32096.86,5.0,40.0,18130.06,36,8.57,1334.38,0.499,0.731,0,3,1,2603.95,own,home_improvement,salaried,southeast,0
37,53592.74,3.8,8.0,36924.42,36,11.38,2266.88,0.508,0.463,0,1,4,0.0,mortgage,medical,salaried,south,1
42,24017.93,7.5,11.4,6352.35,60,10.75,708.34,0.354,0.839,1,2,3,6866.86,own,small_business,salaried,south,1
41,18000.0,0.0,22.6,11077.37,12,15.72,887.0,0.591,0.931,0,3,3,4968.02,mortgage,medical,self_employed,southeast,1
63,44715.02,9.3,40.0,21508.76,48,17.91,701.26,0.188,0.274,1,2,5,14834.65,rent,home_improvement,contract,south,0
67,45031.62,2.7,40.0,14161.01,48,13.96,1323.48,0.353,0.084,0,0,5,1296.34,mortgage,debt_consolidation,salaried,southeast,0
67,42264.44,8.0,40.0,6015.76,36,20.42,887.62,0.252,0.826,2,1,1,25579.64,mortgage,small_business,salaried,southeast,1
57,40996.66,4.4,31.0,26071.29,24,11.21,1790.57,0.524,0.528,1,2,5,7855.52,rent,medical,salaried,south,0
45,30193.23,5.4,22.9,8208.78,24,13.93,313.65,0.125,0.206,2,1,4,5476.24,rent,medical,salaried,midwest,0
46,48085.83,3.5,22.8,24908.37,60,14.29,1258.99,0.314,0.208,0,0,0,15514.93,rent,debt_consolidation,contract,southeast,0
68,33889.67,5.9,40.0,15785.36,24,19.09,1405.51,0.498,0.457,4,2,1,10728.4,rent,home_improvement,salaried,southeast,0
34,28153.09,14.1,19.4,3457.29,48,14.94,583.39,0.249,0.249,1,3,1,18573.78,rent,medical,salaried,southeast,0
37,30303.11,12.0,8.2,22619.35,36,15.06,529.94,0.21,0.447,0,1,4,2631.46,rent,home_improvement,salaried,midwest,0
64,80714.11,7.9,40.0,51094.25,36,7.55,1491.71,0.222,0.642,0,1,3,11633.07,mortgage,home_improvement,salaried,southeast,0
39,18000.0,6.4,13.6,7676.58,36,10.72,698.01,0.465,0.109,0,1,4,10254.2,rent,medical,salaried,midwest,0
32,42612.84,9.9,6.2,23378.05,24,19.1,834.01,0.235,0.056,0,0,0,10875.2,mortgage,home_improvement,self_employed,southeast,0
47,18000.0,11.0,17.8,7564.58,36,5.78,446.17,0.297,0.387,2,1,3,6406.15,rent,debt_consolidation,salaried,southeast,0
36,33009.21,3.2,13.5,19445.38,60,20.14,1030.6,0.375,0.414,2,1,3,0.0,mortgage,debt_consolidation,salaried,south,0
63,28792.68,6.2,40.0,5891.76,24,16.6,1410.87,0.588,0.597,0,0,4,6414.52,mortgage,home_improvement,salaried,south,1
64,18000.0,0.0,40.0,7221.62,60,11.36,763.42,0.509,0.168,2,2,2,10915.0,mortgage,home_improvement,salaried,south,0
35,40676.09,11.0,11.1,13479.59,60,11.01,610.32,0.18,0.577,0,1,0,26050.89,rent,medical,salaried,south,0
46,29448.08,14.8,27.7,12061.43,12,22.46,1366.55,0.557,0.557,2,2,5,16523.09,rent,education,salaried,north,1
68,18000.0,6.8,40.0,7268.36,36,20.43,804.26,0.536,0.718,1,3,2,9798.7,rent,debt_consolidation,contract,northeast,1
56,49149.34,0.0,34.6,10328.69,24,14.0,1975.89,0.482,0.69,0,0,5,16440.97,rent,education,salaried,north,0
31,63114.3,8.9,14.0,46400.86,36,15.07,1888.85,0.359,0.388,1,3,2,11391.55,mortgage,debt_consolidation,contract,north,0
49,64592.41,2.9,23.0,8381.51,60,11.79,633.54,0.118,0.538,2,2,1,4283.75,mortgage,debt_consolidation,salaried,south,0
50,40165.42,3.8,29.5,5074.74,48,15.07,1553.78,0.464,0.394,1,1,2,21592.16,rent,small_business,salaried,midwest,1
52,35219.12,9.0,30.8,12512.23,60,11.67,1056.29,0.36,0.411,0,0,0,16098.28,own,small_business,self_employed,south,0
22,60344.54,7.5,1.1,30826.23,24,14.17,1243.49,0.247,0.284,0,3,3,24024.23,own,debt_consolidation,salaried,northeast,0
35,70024.55,4.5,6.4,16328.43,36,22.1,498.15,0.085,0.623,2,1,5,18930.81,rent,home_improvement,contract,midwest,0
62,55608.92,3.9,39.2,25352.79,24,14.1,948.9,0.205,0.894,2,4,1,10814.59,mortgage,medical,salaried,northeast,0
32,23261.48,7.0,8.6,13383.41,48,10.1,789.09,0.407,0.106,0,4,0,11324.74,rent,small_business,salaried,south,0
35,37592.69,4.9,14.0,6738.8,24,8.76,440.6,0.141,0.595,1,2,0,24593.52,mortgage,home_improvement,contract,southeast,0
36,41547.67,2.1,10.9,30753.01,24,15.03,1502.38,0.434,0.544,0,0,1,2648.98,mortgage,medical,salaried,north,1
29,18000.0,5.2,1.0,5978.19,12,11.3,783.93,0.523,0.583,2,6,2,0.0,rent,debt_consolidation,salaried,southeast,1
28,42071.74,7.9,2.1,22075.95,24,15.54,882.86,0.252,0.216,1,0,1,21984.73,rent,debt_consolidation,contract,southeast,0
37,89738.63,5.8,10.9,17028.22,24,7.7,929.33,0.124,0.099,2,0,4,42613.93,mortgage,debt_consolidation,salaried,southeast,0
62,45196.42,0.8,36.3,25625.31,12,17.4,585.43,0.155,0.311,1,6,2,13454.16,rent,debt_consolidation,self_employed,northeast,1
21,64140.64,10.5,4.2,41658.55,48,10.05,1460.65,0.273,0.299,1,3,2,39645.49,mortgage,debt_consolidation,salaried,southeast,1
34,37302.82,0.0,14.9,6950.62,48,14.69,1614.14,0.519,0.679,1,2,0,15449.12,own,debt_consolidation,contract,north,1
23,33498.24,4.7,1.0,6675.99,24,13.08,1179.45,0.423,0.547,2,2,3,12525.82,mortgage,small_business,salaried,northeast,1
47,40543.63,4.0,27.3,12043.89,48,21.72,1853.72,0.549,0.42,3,2,1,16266.23,rent,debt_consolidation,salaried,midwest,1
33,24522.66,7.1,14.8,3127.12,36,15.22,1260.85,0.617,0.409,1,2,4,8250.66,mortgage,debt_consolidation,contract,southeast,1
59,23045.24,8.7,40.0,17081.41,48,22.67,363.7,0.189,0.765,2,1,0,4136.24,mortgage,small_business,self_employed,south,0
49,58797.11,11.0,32.1,29221.1,24,16.86,2230.39,0.455,0.394,0,4,3,4812.17,mortgage,home_improvement,self_employed,northeast,1
58,61474.87,3.7,36.2,30908.42,36,20.49,1700.39,0.332,0.61,0,1,4,27014.47,rent,small_business,salaried,southeast,0
51,22782.21,8.8,28.3,16497.65,36,13.62,657.79,0.346,0.837,2,3,4,1970.86,mortgage,debt_consolidation,self_employed,south,1
42,51873.3,7.3,22.6,33415.66,24,15.95,1105.83,0.256,0.574,0,2,1,27376.61,rent,education,salaried,midwest,1
62,33305.47,0.0,38.6,21081.46,36,19.62,735.38,0.265,0.457,0,1,4,4705.9,rent,medical,salaried,northeast,0
43,39843.7,14.1,22.0,13303.27,48,18.3,1478.18,0.445,0.108,0,1,4,16416.19,rent,debt_consolidation,salaried,north,0
66,41910.51,0.7,38.1,13870.87,48,16.73,1450.22,0.415,0.194,1,2,3,431.04,own,small_business,salaried,northeast,0
68,52450.61,8.2,40.0,15934.23,36,13.12,1101.43,0.252,0.272,3,3,3,13657.11,own,education,salaried,southeast,0
49,35765.59,8.1,22.9,12103.73,36,13.83,429.29,0.144,0.766,1,1,4,10130.79,mortgage,small_business,self_employed,north,0
53,62459.15,7.6,29.1,22035.0,48,19.28,2041.64,0.392,0.759,1,1,2,27903.02,own,debt_consolidation,salaried,north,1
33,39338.28,4.5,16.3,8190.32,12,20.15,1571.15,0.479,0.471,0,2,0,0.0,rent,debt_consolidation,salaried,south,1
60,44898.4,9.8,37.4,15456.15,12,12.01,1427.98,0.382,0.188,1,2,5,8423.0,mortgage,small_business,salaried,southeast,0
53,24343.73,0.3,35.6,9772.81,36,11.38,166.29,0.082,0.5,0,1,1,12113.72,mortgage,home_improvement,salaried,southeast,0
64,85531.22,6.2,40.0,26932.83,24,10.7,1656.81,0.232,0.544,1,3,2,35814.52,mortgage,medical,salaried,midwest,0
33,42079.94,4.2,13.4,9433.0,36,17.98,1754.85,0.5,0.324,0,2,3,20202.17,mortgage,debt_consolidation,salaried,southeast,0
58,46604.8,3.8,33.3,16556.29,12,10.6,1867.98,0.481,0.767,1,1,1,22275.88,rent,debt_consolidation,salaried,southeast,0
43,18000.0,8.2,26.0,7613.49,36,17.93,150.0,0.1,0.783,1,1,2,6364.85,rent,home_improvement,self_employed,south,1
29,24451.95,10.8,5.9,14036.86,36,16.79,680.5,0.334,0.355,0,1,3,6682.74,mortgage,home_improvement,salaried,midwest,0
29,58099.43,5.1,3.4,33005.11,48,12.21,1530.69,0.316,0.528,2,0,4,8750.42,rent,small_business,salaried,south,1
47,38967.93,9.6,19.9,9652.27,36,21.07,1403.6,0.432,0.319,0,2,0,1851.47,rent,debt_consolidation,salaried,northeast,0
36,18000.0,6.7,16.4,2575.67,36,8.36,221.23,0.147,0.344,0,3,4,2721.82,own,small_business,salaried,northeast,0
25,53427.55,2.9,1.9,16637.0,60,21.47,1850.21,0.416,0.458,1,0,1,18419.75,own,education,salaried,midwest,1
41,27490.92,5.5,17.2,6020.4,48,15.84,1354.7,0.591,0.245,1,5,5,17030.59,rent,medical,salaried,south,0
52,62489.46,5.3,22.0,23080.28,36,5.79,1461.97,0.281,0.428,0,2,5,24638.78,rent,medical,salaried,southeast,0
36,33293.22,3.7,19.7,24536.7,24,21.19,727.38,0.262,0.641,0,1,4,2779.32,rent,home_improvement,self_employed,southeast,1
66,37645.81,8.2,40.0,8811.94,36,18.58,298.87,0.095,0.149,0,1,5,20352.55,rent,medical,salaried,southeast,0
58,56679.11,7.4,22.4,18187.79,36,12.7,524.25,0.111,0.287,1,2,0,13761.49,rent,small_business,salaried,southeast,0
45,23695.8,0.1,23.2,13668.26,36,10.45,1151.32,0.583,0.725,1,0,2,912.99,rent,debt_consolidation,self_employed,south,0
65,22765.56,0.0,40.0,10034.72,48,7.91,1151.12,0.607,0.123,1,1,0,8.16,own,medical,salaried,southeast,0
41,31807.92,8.2,20.6,4697.23,60,24.64,220.13,0.083,0.576,0,2,2,16936.78,rent,debt_consolidation,salaried,midwest,0
27,48894.13,3.2,16.5,10847.88,60,10.62,2307.67,0.566,0.393,0,2,3,20690.6,rent,debt_consolidation,contract,southeast,0
22,19752.43,7.7,1.0,14008.56,36,9.19,286.31,0.174,0.423,0,1,3,7780.12,mortgage,debt_consolidation,salaried,north,0
66,18000.0,9.6,39.4,3329.89,60,15.63,574.7,0.383,0.479,0,0,0,8809.82,rent,small_business,self_employed,southeast,0
67,48823.29,1.4,40.0,25393.41,60,7.62,1815.4,0.446,0.041,1,1,0,14286.76,own,small_business,self_employed,southeast,0
56,26815.87,0.9,35.1,16603.45,12,10.38,612.05,0.274,0.427,1,2,5,6368.83,rent,small_business,salaried,midwest,1
25,29297.72,13.2,1.0,8415.09,36,18.68,892.73,0.366,0.278,1,2,1,11515.01,rent,debt_consolidation,salaried,north,0
35,18000.0,7.9,19.9,10382.38,24,16.45,628.31,0.419,0.604,1,0,2,0.0,rent,debt_consolidation,salaried,southeast,0
22,25973.41,4.8,4.9,5896.85,24,12.88,399.82,0.185,0.462,1,2,3,4082.93,rent,debt_consolidation,salaried,midwest,0
23,34434.76,2.8,1.0,10309.51,24,14.58,1770.23,0.617,0.332,0,1,0,10217.97,rent,debt_consolidation,salaried,midwest,0
32,51060.1,4.5,12.4,16157.86,36,12.64,808.86,0.19,0.299,1,0,1,2070.88,own,debt_consolidation,contract,south,0
48,24986.31,1.7,26.3,18683.61,12,14.24,178.2,0.086,0.614,0,2,3,12670.02,own,debt_consolidation,salaried,northeast,0
24,69292.92,10.0,6.7,17682.2,24,11.3,3406.4,0.59,0.911,2,0,1,0.0,own,medical,self_employed,south,1
68,25912.65,3.4,40.0,5218.83,12,12.06,673.14,0.312,0.654,0,2,4,5509.11,mortgage,education,salaried,southeast,1
42,25928.59,10.9,19.7,18232.61,36,11.94,637.96,0.295,0.589,0,1,3,7455.84,rent,home_improvement,salaried,southeast,1
33,65886.59,4.9,7.5,14627.9,48,11.45,1256.58,0.229,0.099,0,1,5,28115.61,own,home_improvement,salaried,southeast,0
45,37752.74,2.3,21.1,25443.32,60,18.88,295.57,0.094,0.466,1,0,3,2614.34,mortgage,medical,salaried,northeast,0
58,27395.93,4.8,34.1,14514.02,36,17.73,508.8,0.223,0.628,3,0,4,14931.6,rent,small_business,salaried,southeast,1
36,32365.36,0.0,19.5,15646.15,24,10.58,788.59,0.292,0.212,2,4,1,8176.85,mortgage,medical,salaried,southeast,1
23,60979.37,6.0,1.0,36181.71,48,9.48,1834.35,0.361,0.31,3,1,4,1570.56,mortgage,medical,self_employed,southeast,0
23,63946.7,5.8,1.5,36921.5,12,13.84,1743.23,0.327,0.723,1,2,5,0.0,mortgage,debt_consolidation,contract,northeast,1
61,24512.71,9.8,38.7,4648.38,60,23.55,1133.06,0.555,0.35,2,4,4,15135.15,own,debt_consolidation,salaried,northeast,1
26,33934.17,0.0,1.0,25439.21,48,10.18,1617.86,0.572,0.788,2,6,4,3627.94,own,debt_consolidation,salaried,midwest,1
51,35877.51,11.1,31.2,25594.67,36,13.82,751.23,0.251,0.914,2,3,2,6385.23,mortgage,small_business,self_employed,north,1
39,22828.82,9.8,9.9,15634.39,12,14.87,1137.94,0.598,0.742,1,3,3,2102.69,own,medical,salaried,north,1
58,33745.83,11.5,28.5,17279.29,12,14.04,1538.43,0.547,0.147,1,2,3,7195.61,mortgage,debt_consolidation,contract,southeast,0
23,34621.69,6.3,1.0,15557.55,36,12.58,1676.04,0.581,0.813,2,2,1,7930.48,rent,medical,salaried,south,1
64,55764.23,10.6,40.0,25531.96,36,19.35,2144.22,0.461,0.138,0,1,1,0.0,mortgage,small_business,salaried,northeast,0
54,57360.92,0.6,40.0,7423.09,48,16.41,894.19,0.187,0.455,0,1,3,28463.67,mortgage,small_business,salaried,southeast,0
42,30083.5,9.4,14.1,13076.27,36,18.05,464.85,0.185,0.357,0,3,3,15665.69,rent,education,salaried,southeast,0
30,31575.59,3.4,6.5,16197.48,36,16.98,1501.61,0.571,0.448,0,2,4,4969.33,mortgage,home_improvement,self_employed,north,1
67,45661.13,0.0,40.0,24428.02,24,18.25,1346.26,0.354,0.623,0,1,3,2883.32,rent,small_business,salaried,south,0
35,27016.98,2.0,6.7,8895.28,36,21.15,1262.71,0.561,0.201,3,2,3,7312.15,rent,education,contract,south,0
44,44233.11,6.5,24.9,18441.13,24,20.09,1729.13,0.469,0.719,2,3,3,24887.69,mortgage,small_business,salaried,midwest,0
39,33292.23,3.2,17.9,17341.11,36,24.26,540.32,0.195,0.278,3,1,3,12293.58,own,debt_consolidation,self_employed,midwest,0
32,22990.87,8.0,6.6,8962.59,36,19.61,551.34,0.288,0.466,2,2,2,1048.32,rent,home_improvement,self_employed,north,1
40,23112.49,0.0,22.0,16783.03,48,11.69,1160.68,0.603,0.093,0,0,0,6439.33,mortgage,small_business,salaried,north,0
28,63434.59,0.0,5.5,35804.3,36,18.06,478.8,0.091,0.293,1,1,4,15886.1,rent,medical,contract,southeast,0
21,32347.85,12.0,1.0,3907.7,24,17.48,1255.84,0.466,0.234,0,0,2,818.17,mortgage,debt_consolidation,salaried,northeast,0
34,68799.29,10.1,10.1,9264.93,48,22.57,3488.93,0.609,0.342,0,1,4,44847.76,own,debt_consolidation,salaried,southeast,0
26,27841.22,2.3,1.0,15448.79,36,10.44,316.09,0.136,0.307,5,2,5,0.0,own,home_improvement,salaried,north,1
40,39038.6,6.5,11.9,14833.36,48,16.84,738.08,0.227,0.301,1,1,2,8313.16,rent,education,salaried,southeast,0
62,94364.88,10.6,39.0,61230.23,36,11.64,2951.95,0.375,0.415,0,1,0,33710.92,own,home_improvement,salaried,south,0
28,22156.75,8.2,15.5,5073.89,48,16.65,988.99,0.536,0.069,1,3,0,7611.21,own,debt_consolidation,salaried,north,0
21,18000.0,7.1,3.0,2500.0,24,13.6,530.27,0.354,0.489,1,0,3,0.0,rent,education,contract,northeast,0
26,59300.19,10.9,1.0,21614.44,36,16.51,554.37,0.112,0.264,0,3,5,20154.79,rent,home_improvement,self_employed,southeast,0
45,24409.81,3.6,29.0,14248.5,48,8.58,302.44,0.149,0.58,1,1,5,10378.67,mortgage,small_business,contract,southeast,0
34,34245.26,6.6,12.5,25073.98,12,17.83,807.64,0.283,0.34,2,2,5,16150.46,rent,home_improvement,self_employed,south,0
44,27008.7,6.4,19.5,18276.84,48,15.37,572.07,0.254,0.536,1,2,0,2225.71,mortgage,education,salaried,northeast,0
22,38662.61,5.4,1.0,16430.34,36,15.14,639.95,0.199,0.242,0,0,0,0.0,rent,debt_consolidation,contract,northeast,0
36,23173.73,4.9,15.6,14647.54,12,22.69,1030.59,0.534,0.608,1,2,5,13885.77,mortgage,debt_consolidation,salaried,southeast,1
40,32029.9,6.8,19.9,5262.78,12,12.89,252.28,0.095,0.257,2,1,4,14164.28,rent,education,contract,northeast,0
41,41727.78,6.6,18.2,20051.52,48,15.94,1835.49,0.528,0.435,2,1,5,7603.59,rent,debt_consolidation,salaried,south,0
47,22618.2,2.3,22.4,15884.94,48,14.92,1088.89,0.578,0.556,1,1,5,8534.03,rent,debt_consolidation,salaried,north,1
58,25744.2,9.7,35.7,9518.21,24,15.33,901.6,0.42,0.784,1,0,4,2743.35,own,home_improvement,salaried,northeast,1
43,29854.75,2.6,15.3,21640.61,12,23.83,1039.17,0.418,0.32,0,1,2,19865.31,mortgage,small_business,salaried,north,0
61,18956.41,5.6,40.0,4910.31,24,14.77,253.49,0.16,0.194,2,0,4,7655.54,mortgage,education,salaried,southeast,0
46,28926.82,5.3,22.5,5396.28,24,12.12,932.63,0.387,0.452,1,1,3,17404.13,mortgage,education,contract,north,0
33,36311.67,7.9,8.0,16362.05,48,22.36,855.12,0.283,0.315,1,0,5,14248.72,rent,debt_consolidation,salaried,north,0
31,29207.75,0.0,9.8,20199.07,24,13.21,495.77,0.204,0.703,2,3,5,14062.26,rent,debt_consolidation,salaried,northeast,1
36,30823.17,10.1,9.2,9743.39,24,7.76,1014.59,0.395,0.154,1,3,1,5499.3,mortgage,medical,contract,north,1
49,34256.83,3.8,25.3,21379.72,12,11.39,230.21,0.081,0.533,3,1,5,0.0,rent,debt_consolidation,contract,midwest,0
32,26228.13,11.4,5.5,5943.14,36,9.26,501.09,0.229,0.361,2,2,4,6486.77,rent,education,self_employed,north,0
64,46177.42,4.6,40.0,27231.26,36,6.94,1671.09,0.434,0.544,0,4,4,23331.01,mortgage,debt_consolidation,salaried,midwest,1
44,63140.07,6.3,19.3,29734.36,36,12.98,1713.84,0.326,0.343,2,1,2,26960.6,own,home_improvement,salaried,north,0
62,28423.18,14.2,40.0,6544.74,36,14.21,375.77,0.159,0.231,0,0,2,8292.51,rent,small_business,contract,southeast,0
53,42352.52,5.4,32.8,24242.37,60,19.46,284.86,0.081,0.266,2,2,5,201.73,rent,home_improvement,salaried,southeast,1
37,31237.07,11.5,8.5,17794.71,36,17.14,588.4,0.226,0.132,2,1,0,12838.84,mortgage,small_business,salaried,south,1
31,40275.74,6.7,5.1,17911.6,48,16.95,1263.62,0.376,0.409,1,3,3,13734.4,own,debt_consolidation,salaried,midwest,1
56,66677.8,8.2,37.6,17472.56,36,10.75,2048.42,0.369,0.426,0,2,5,24344.18,rent,debt_consolidation,self_employed,southeast,0
36,42771.92,6.8,12.2,8697.46,12,18.22,537.42,0.151,0.422,1,3,4,21758.01,own,small_business,salaried,south,0
32,18000.0,9.9,19.7,13015.27,48,20.34,617.09,0.411,0.305,0,3,0,551.16,own,education,contract,southeast,0
65,41801.11,3.8,40.0,22286.76,36,16.16,2157.7,0.619,0.489,0,1,1,10136.79,rent,small_business,self_employed,north,1
44,57977.06,2.6,16.7,36515.24,36,16.27,1912.41,0.396,0.678,0,2,3,5570.51,rent,home_improvement,contract,midwest,0
23,31474.39,3.9,1.0,17597.06,24,9.19,957.15,0.365,0.241,0,5,1,0.0,mortgage,medical,salaried,southeast,0
44,52478.91,6.9,20.5,33721.29,36,18.93,1820.24,0.416,0.501,1,0,5,3546.14,rent,home_improvement,salaried,southeast,1
43,25852.21,5.6,33.6,5748.74,48,21.98,1195.71,0.555,0.62,2,3,5,14232.85,rent,home_improvement,salaried,north,1
62,18510.13,9.3,40.0,8016.34,24,15.86,911.38,0.591,0.184,0,0,5,19.64,own,debt_consolidation,contract,south,0
55,36654.48,11.7,30.5,19804.0,12,12.0,312.05,0.102,0.366,3,0,2,3299.65,mortgage,education,salaried,northeast,0
30,18000.0,2.6,4.9,3332.44,24,13.82,286.04,0.191,0.549,1,1,1,6130.15,mortgage,debt_consolidation,salaried,north,0
28,31235.05,3.6,1.0,6699.07,36,12.73,370.95,0.143,0.883,0,2,3,8135.15,mortgage,debt_consolidation,salaried,north,1
49,59306.47,0.8,26.9,30804.32,48,12.99,2456.63,0.497,0.085,1,0,0,24348.18,mortgage,debt_consolidation,salaried,southeast,0
23,18000.0,14.6,1.0,12011.12,36,17.22,156.91,0.105,0.105,1,1,4,7948.44,mortgage,debt_consolidation,salaried,northeast,0
36,20183.31,7.7,19.0,10819.51,60,15.67,954.37,0.567,0.803,2,2,5,6718.72,own,home_improvement,salaried,north,1
27,22393.96,8.4,4.9,3198.06,36,18.72,170.01,0.091,0.502,1,2,1,4210.99,mortgage,debt_consolidation,salaried,southeast,0
21,33637.8,1.1,3.7,24601.77,36,16.06,1136.33,0.405,0.155,4,1,1,0.0,mortgage,home_improvement,salaried,northeast,1
65,29625.74,6.5,40.0,6158.88,24,10.87,564.89,0.229,0.291,2,1,1,6063.45,mortgage,home_improvement,salaried,midwest,1
25,62170.59,8.5,6.9,16569.34,24,12.4,1730.96,0.334,0.64,2,3,4,26644.73,mortgage,debt_consolidation,salaried,southeast,1
21,51576.75,5.5,1.0,37869.17,48,12.14,1369.44,0.319,0.154,0,0,1,0.0,mortgage,debt_consolidation,salaried,south,1
65,42532.11,10.8,40.0,25763.86,12,13.72,1716.89,0.484,0.426,0,2,4,19728.66,rent,debt_consolidation,salaried,southeast,1
30,36723.23,15.7,6.0,26075.08,24,22.04,1065.55,0.348,0.251,2,1,5,24316.43,rent,small_business,salaried,southeast,0
60,40747.77,2.7,39.3,25596.55,48,22.71,1044.02,0.307,0.233,1,4,2,15292.4,mortgage,small_business,salaried,southeast,1
22,24051.86,2.4,7.1,12761.74,36,18.01,950.75,0.474,0.308,0,0,0,3448.83,rent,debt_consolidation,salaried,south,1
28,49514.87,3.0,1.0,14818.24,12,15.0,2392.95,0.58,0.465,0,0,5,23329.18,rent,debt_consolidation,salaried,northeast,1
26,21653.91,12.9,12.8,7057.77,48,8.78,917.98,0.509,0.357,0,0,2,3515.95,rent,debt_consolidation,salaried,north,0
54,49062.9,10.7,33.5,35167.34,36,15.42,1953.63,0.478,0.679,3,1,3,27766.38,rent,medical,salaried,north,1
50,56850.47,6.0,27.2,37646.05,48,11.18,1626.73,0.343,0.702,2,1,5,3999.32,mortgage,medical,salaried,north,1
43,37743.3,6.6,19.0,13077.26,36,21.35,1780.59,0.566,0.71,2,0,5,13891.9,mortgage,small_business,salaried,midwest,1
32,32080.08,3.2,12.3,11393.51,12,7.75,915.91,0.343,0.426,1,2,5,844.47,mortgage,medical,salaried,southeast,1
25,40869.12,10.1,10.3,12569.2,24,16.11,1983.36,0.582,0.504,0,5,2,18073.91,mortgage,debt_consolidation,salaried,south,1
48,18000.0,5.0,28.6,5858.32,24,10.83,770.37,0.514,0.255,0,1,4,3872.13,rent,small_business,self_employed,midwest,1
32,39220.25,5.5,12.4,25972.45,48,14.46,526.66,0.161,0.804,0,0,2,0.0,mortgage,small_business,salaried,north,0
49,32938.3,8.9,29.5,4170.62,36,17.3,289.24,0.105,0.607,1,2,3,9224.04,mortgage,home_improvement,salaried,south,0
53,33817.58,5.7,25.6,13348.25,48,18.79,1352.88,0.48,0.519,3,0,2,2672.9,mortgage,education,salaried,northeast,1
61,46478.43,5.6,40.0,33185.09,36,14.25,1744.31,0.45,0.31,0,3,5,0.0,mortgage,home_improvement,salaried,north,1
44,33476.44,6.5,19.6,15461.46,24,17.7,1130.19,0.405,0.807,1,0,4,20120.15,rent,medical,contract,northeast,1
21,21399.29,9.7,1.0,8640.62,12,11.72,1082.75,0.607,0.301,1,0,5,1251.61,mortgage,debt_consolidation,self_employed,midwest,1
34,32552.55,13.1,6.7,10312.42,24,15.53,1015.96,0.375,0.706,1,3,1,12336.11,mortgage,debt_consolidation,salaried,north,0
61,35538.55,8.8,38.6,5919.48,36,18.71,793.3,0.268,0.528,0,0,5,937.33,rent,home_improvement,salaried,midwest,0
46,36252.81,9.7,19.4,9477.45,36,15.89,1163.36,0.385,0.568,3,1,1,17486.64,rent,debt_consolidation,salaried,southeast,0
50,36975.33,5.7,27.8,6544.22,60,12.28,293.78,0.095,0.194,1,3,3,24588.75,mortgage,debt_consolidation,salaried,north,0
42,53451.77,3.7,17.0,10680.77,24,13.33,1749.67,0.393,0.146,1,1,1,15357.94,rent,debt_consolidation,salaried,midwest,0
28,21891.76,9.1,11.8,4882.2,36,18.77,1034.96,0.567,0.867,1,1,4,13262.27,own,home_improvement,salaried,southeast,1
64,37189.96,7.2,40.0,11539.25,24,9.91,255.18,0.082,0.867,3,1,4,13467.66,mortgage,education,contract,north,0
58,59383.43,0.8,33.3,7538.16,48,10.53,2654.76,0.536,0.516,2,0,4,23841.36,rent,small_business,self_employed,southeast,0
68,18000.0,5.2,40.0,12934.63,12,17.03,769.56,0.513,0.297,1,4,1,0.0,mortgage,home_improvement,salaried,north,0
62,37251.65,6.2,36.9,7376.05,36,12.66,426.21,0.137,0.609,1,1,4,23367.57,mortgage,debt_consolidation,contract,midwest,0
34,27014.82,4.5,13.4,9762.72,24,8.4,1209.56,0.537,0.524,1,2,0,16020.09,mortgage,home_improvement,salaried,southeast,1
33,29563.67,12.4,3.3,19928.94,24,20.17,1212.89,0.492,0.75,1,1,4,0.0,mortgage,debt_consolidation,salaried,north,0
32,23623.11,8.4,11.1,4420.78,36,9.88,679.49,0.345,0.205,1,0,2,0.0,rent,debt_consolidation,salaried,southeast,0
65,32169.97,12.0,40.0,13661.64,36,13.66,569.45,0.212,0.529,1,3,1,5329.34,own,home_improvement,salaried,north,0
47,74856.43,7.6,21.3,48822.39,36,11.9,1469.52,0.236,0.36,1,1,5,0.0,rent,debt_consolidation,salaried,northeast,0
42,20311.43,6.8,11.3,9564.38,24,13.25,695.04,0.411,0.088,1,1,4,3271.95,rent,debt_consolidation,contract,northeast,0
67,21136.65,2.8,40.0,5337.35,60,10.78,375.18,0.213,0.195,1,2,0,12495.24,rent,medical,self_employed,north,0
49,19994.0,6.5,28.9,11663.92,24,17.5,426.03,0.256,0.259,1,0,2,8988.74,mortgage,small_business,salaried,southeast,1
64,71361.64,6.6,40.0,39195.01,36,14.97,3464.92,0.583,0.65,1,0,4,11498.28,mortgage,medical,salaried,northeast,0
68,28447.55,1.0,38.0,9904.79,48,18.63,1123.29,0.474,0.426,1,1,1,2467.66,rent,small_business,salaried,midwest,1
24,34174.38,4.3,1.0,5097.65,36,11.94,1359.8,0.477,0.575,2,2,2,13571.66,mortgage,debt_consolidation,salaried,southeast,0
38,29168.11,5.2,13.0,3644.69,24,23.46,1449.18,0.596,0.48,0,0,0,18376.8,own,small_business,salaried,southeast,0
56,23233.31,8.2,19.0,14869.26,36,6.5,160.95,0.083,0.818,0,0,0,11621.26,mortgage,medical,salaried,northeast,0
60,31295.72,8.3,35.5,10095.41,12,7.84,552.95,0.212,0.03,3,6,1,16075.49,rent,medical,salaried,south,0
28,96999.62,4.2,10.9,20059.04,36,21.86,3518.71,0.435,0.198,0,5,4,48029.47,rent,small_business,salaried,south,0
36,61986.37,8.4,13.9,27688.52,36,16.49,1635.75,0.317,0.762,3,2,3,20765.1,rent,debt_consolidation,contract,northeast,1
47,24143.39,5.8,28.4,16903.39,48,15.93,283.51,0.141,0.441,0,1,1,313.9,own,small_business,salaried,south,0
59,45341.64,0.0,37.8,5683.25,48,16.31,1896.29,0.502,0.608,2,2,1,25784.96,rent,debt_consolidation,salaried,southeast,1
26,24361.53,4.6,4.8,3785.06,24,16.9,214.01,0.105,0.444,1,1,4,10664.41,rent,debt_consolidation,salaried,southeast,0
49,18000.0,10.8,28.6,6889.29,12,15.76,560.52,0.374,0.577,1,4,3,9630.49,rent,debt_consolidation,contract,southeast,1
35,53007.81,0.0,18.3,28934.77,36,10.44,1695.06,0.384,0.502,4,2,5,17742.21,rent,debt_consolidation,salaried,midwest,1
31,56231.87,7.0,1.0,23614.2,36,17.94,1984.14,0.423,0.587,0,0,5,5604.38,mortgage,home_improvement,salaried,southeast,0
45,53602.02,12.8,20.7,36741.8,36,17.27,1118.67,0.25,0.22,0,1,3,0.0,own,medical,contract,north,0
40,28357.78,3.5,18.0,4190.52,36,20.5,219.17,0.093,0.141,1,2,0,16826.06,rent,small_business,salaried,southeast,0
51,32207.49,6.5,24.6,10766.6,36,21.91,1503.15,0.56,0.186,0,0,5,8115.32,rent,education,salaried,southeast,1
36,47330.09,1.3,10.9,16156.09,60,15.89,2294.6,0.582,0.681,1,0,0,1400.74,mortgage,education,salaried,midwest,1
60,40718.11,13.0,35.8,13611.26,36,9.34,1154.61,0.34,0.672,2,0,4,15313.44,own,debt_consolidation,salaried,southeast,0
24,29280.36,6.2,1.0,12509.8,12,21.94,222.4,0.091,0.832,5,2,1,6218.64,own,small_business,self_employed,northeast,1
62,18000.0,6.7,38.4,11125.14,24,10.22,590.51,0.394,0.543,1,4,4,4787.44,own,education,contract,southeast,1
22,36236.7,11.9,1.0,11605.38,36,15.92,756.75,0.251,0.65,0,1,4,14497.43,rent,debt_consolidation,salaried,north,1
56,54349.14,9.1,29.6,32012.97,24,13.42,808.63,0.179,0.937,1,1,4,22661.36,mortgage,home_improvement,self_employed,southeast,1
37,20889.73,3.0,13.3,4434.33,24,12.69,298.09,0.171,0.873,2,2,1,13393.84,mortgage,education,salaried,southeast,0
39,45174.09,3.9,17.0,21378.94,24,17.71,665.56,0.177,0.292,3,1,3,4104.14,rent,education,self_employed,northeast,0
21,39705.6,8.5,1.0,14147.32,48,15.53,855.83,0.259,0.315,1,3,1,23865.13,mortgage,home_improvement,salaried,south,0
54,47337.7,4.0,33.2,21761.27,60,16.66,913.36,0.232,0.363,1,0,5,25481.16,mortgage,small_business,salaried,north,0
28,49822.89,0.0,3.2,9360.84,36,11.07,2207.44,0.532,0.177,0,3,0,29159.97,mortgage,small_business,salaried,north,0
52,25805.03,6.3,27.1,18597.21,24,13.77,747.21,0.347,0.399,0,3,5,12352.91,rent,medical,contract,midwest,1
55,18000.0,0.6,34.7,12436.47,36,11.27,466.39,0.311,0.32,3,3,0,0.0,rent,education,salaried,southeast,1
61,27609.68,13.0,40.0,17687.58,36,13.66,365.25,0.159,0.321,0,1,1,9551.04,mortgage,debt_consolidation,salaried,northeast,0
54,50183.09,7.2,32.6,34247.61,60,14.0,2312.52,0.553,0.922,3,1,4,0.0,rent,small_business,salaried,southeast,1
35,27511.47,2.9,14.2,5843.8,36,22.25,251.28,0.11,0.324,1,0,5,11326.64,rent,medical,contract,southeast,0
56,25809.6,3.7,39.6,11287.69,36,13.41,450.26,0.209,0.94,5,2,4,0.0,mortgage,home_improvement,salaried,southeast,1
60,18000.0,0.0,39.9,5765.09,60,5.57,623.39,0.416,0.189,1,0,2,0.0,rent,education,contract,south,0
36,72121.82,2.1,11.8,48974.55,36,20.36,2760.15,0.459,0.234,0,0,1,42438.29,rent,small_business,salaried,south,1
26,48864.17,10.6,1.0,11695.43,24,16.39,2087.41,0.513,0.714,1,0,3,29356.04,rent,home_improvement,salaried,midwest,1
63,47731.95,15.4,37.5,12341.84,36,13.95,1199.49,0.302,0.538,2,3,2,17245.17,rent,small_business,salaried,northeast,0
28,51867.34,9.4,16.7,28663.46,36,12.66,1155.08,0.267,0.697,1,5,1,16590.77,rent,home_improvement,salaried,southeast,1
49,44012.0,6.1,23.1,7746.41,36,10.52,864.9,0.236,0.58,0,2,3,25056.49,mortgage,debt_consolidation,salaried,southeast,0
32,31175.32,4.8,11.5,18125.06,60,22.64,1004.81,0.387,0.33,1,2,2,19384.81,mortgage,education,salaried,northeast,1
27,32248.25,2.7,2.0,9317.17,24,14.72,720.92,0.268,0.197,2,0,5,0.0,rent,small_business,salaried,northeast,0
58,28866.09,14.7,35.1,15483.46,36,7.2,618.63,0.257,0.424,0,2,0,0.0,mortgage,medical,salaried,southeast,0
27,104463.3,5.7,4.9,69991.85,24,15.88,775.82,0.089,0.492,0,2,4,54560.16,rent,debt_consolidation,salaried,northeast,0
53,43629.25,15.0,30.5,21991.55,24,19.57,2152.71,0.592,0.01,1,1,4,0.0,rent,education,salaried,north,0
54,28430.1,12.1,31.1,7220.98,36,15.16,267.06,0.113,0.614,1,2,4,12758.11,mortgage,debt_consolidation,salaried,southeast,0
23,42003.52,0.0,1.0,6341.45,48,10.71,792.01,0.226,0.781,1,1,4,14759.66,own,education,self_employed,midwest,1
29,22593.9,3.8,6.1,3346.31,36,10.34,1087.46,0.578,0.72,1,4,5,8130.87,rent,medical,salaried,north,1
59,64983.77,3.8,31.1,11433.99,24,10.65,2583.58,0.477,0.352,1,1,1,3108.19,mortgage,education,salaried,north,1
45,26169.53,6.2,17.8,12699.69,12,20.89,855.3,0.392,0.182,3,1,2,9378.09,rent,small_business,salaried,southeast,1
26,42636.07,6.3,1.0,14469.71,36,14.2,1552.09,0.437,0.814,1,1,5,13551.39,mortgage,debt_consolidation,self_employed,southeast,1
68,54052.47,18.5,40.0,14764.83,36,7.45,596.43,0.132,0.79,0,1,0,33243.89,mortgage,medical,salaried,midwest,0
33,40603.23,2.2,5.0,10482.26,48,16.11,1748.2,0.517,0.321,2,1,4,13682.22,mortgage,debt_consolidation,salaried,south,0
21,35942.56,7.4,1.0,25792.61,36,15.09,644.14,0.215,0.477,1,5,4,14674.3,own,debt_consolidation,salaried,southeast,1
65,34701.45,9.0,38.8,6761.73,48,12.61,1724.53,0.596,0.651,0,2,3,2853.8,mortgage,debt_consolidation,contract,south,1
21,33735.12,6.5,2.4,10526.47,48,10.21,576.15,0.205,0.305,0,0,0,4993.66,own,education,salaried,northeast,0
47,27113.49,6.9,29.3,11307.16,36,10.03,943.77,0.418,0.402,1,3,3,17716.83,rent,medical,salaried,southeast,0
68,28601.57,2.3,36.1,3440.29,36,19.06,892.55,0.374,0.226,0,1,2,2281.97,own,education,salaried,southeast,0
48,64307.27,6.9,29.3,45027.98,48,15.54,842.83,0.157,0.386,0,1,0,1435.56,own,small_business,salaried,midwest,0
49,33005.01,8.5,20.8,6021.17,60,16.51,759.06,0.276,0.408,2,0,4,3194.8,mortgage,small_business,salaried,south,1
39,24833.92,7.8,15.5,13657.57,36,15.53,1038.67,0.502,0.182,1,3,4,11333.75,mortgage,medical,salaried,southeast,1
27,27810.11,8.8,5.9,14355.17,36,15.88,451.45,0.195,0.674,0,3,3,11293.64,own,small_business,self_employed,north,1
48,54838.93,12.2,25.2,34532.64,36,12.53,2741.69,0.6,0.313,0,1,0,31765.5,mortgage,home_improvement,salaried,midwest,0
64,45878.63,10.2,40.0,24332.85,48,13.64,915.89,0.24,0.515,1,2,2,0.0,rent,medical,salaried,south,0
25,43710.27,6.8,2.1,26432.21,60,19.39,1524.14,0.418,0.223,2,1,3,6381.12,rent,medical,salaried,southeast,1
63,31003.06,1.8,40.0,11948.16,60,20.44,1070.09,0.414,0.489,4,2,3,5539.97,rent,small_business,salaried,midwest,1
40,43950.19,4.1,18.8,18805.58,24,9.37,1224.09,0.334,0.628,1,1,3,23761.36,rent,small_business,salaried,midwest,1
46,26362.67,5.6,18.8,14817.06,24,13.63,953.22,0.434,0.834,0,1,1,10353.83,rent,medical,salaried,north,1
28,30975.82,7.5,3.9,14809.81,48,18.02,1242.99,0.482,0.741,2,4,4,7132.63,mortgage,education,salaried,southeast,1
50,51912.66,4.6,33.7,22959.37,36,22.4,1792.12,0.414,0.232,1,2,0,8099.73,rent,debt_consolidation,salaried,northeast,1
29,49871.08,2.8,2.2,12442.92,60,21.98,1589.21,0.382,0.194,1,0,5,9259.27,rent,medical,salaried,southeast,1
34,22870.38,1.7,11.0,6463.36,24,11.16,776.79,0.408,0.466,0,0,2,10383.82,rent,education,self_employed,north,1
55,24117.16,0.0,34.4,8341.0,48,19.86,597.01,0.297,0.297,0,2,4,6702.68,rent,education,self_employed,southeast,0
23,36158.05,5.6,1.0,4550.46,36,14.75,356.37,0.118,0.456,2,0,0,14474.4,mortgage,home_improvement,salaried,south,0
42,71323.1,0.6,19.8,27312.4,24,18.89,988.05,0.166,0.301,1,2,4,23855.18,mortgage,debt_consolidation,salaried,midwest,0
49,18000.0,2.5,31.2,2500.0,12,17.81,611.43,0.408,0.301,0,1,5,536.58,own,debt_consolidation,salaried,midwest,0
27,38828.11,4.9,1.0,18480.62,48,9.19,1878.87,0.581,0.333,2,0,5,15337.36,mortgage,debt_consolidation,salaried,northeast,0
35,19381.26,1.2,12.1,10922.08,24,16.81,151.66,0.094,0.452,1,1,2,6298.99,mortgage,home_improvement,salaried,south,0
37,26465.07,8.0,14.4,12548.51,48,18.72,824.34,0.374,0.501,0,0,2,2543.75,rent,education,salaried,north,1
52,29641.78,9.5,30.8,16508.03,36,14.42,533.83,0.216,0.224,1,0,5,11560.99,mortgage,home_improvement,salaried,northeast,1
67,28951.77,4.3,38.7,3474.45,36,13.47,924.86,0.383,0.603,1,0,3,17574.5,mortgage,home_improvement,self_employed,northeast,1
61,27606.48,4.8,40.0,4346.6,24,7.9,1115.34,0.485,0.599,0,2,5,10395.79,own,debt_consolidation,salaried,north,0
30,34649.1,8.6,14.0,19404.58,60,17.37,1377.72,0.477,0.616,1,1,1,15399.8,mortgage,education,salaried,south,0
21,27589.56,3.6,1.1,17266.29,48,15.38,1083.9,0.471,0.334,1,2,2,10286.01,own,education,salaried,northeast,1
23,18690.45,3.4,1.0,10693.78,48,10.63,779.73,0.501,0.572,1,1,1,4410.04,own,home_improvement,salaried,southeast,0
49,47932.32,11.3,22.3,25773.1,48,13.13,476.17,0.119,0.697,0,0,2,560.3,own,debt_consolidation,salaried,southeast,0
28,47391.89,10.0,6.1,26807.27,36,15.15,1402.69,0.355,0.388,1,2,5,12497.52,mortgage,debt_consolidation,salaried,south,0
32,49223.83,8.9,2.8,28842.29,60,12.15,908.02,0.221,0.237,3,2,5,3033.07,rent,small_business,salaried,south,1
61,18085.97,10.2,34.6,10423.99,36,14.51,870.37,0.577,0.39,1,0,3,8517.88,mortgage,education,salaried,southeast,1
62,39165.27,0.0,40.0,22909.54,36,7.15,1640.88,0.503,0.752,0,1,0,19093.2,own,education,salaried,south,0
61,45885.81,11.9,38.7,7646.06,24,20.17,527.97,0.138,0.729,1,1,2,926.17,own,medical,contract,northeast,0
33,22401.77,8.1,8.5,3581.17,24,14.57,394.56,0.211,0.838,1,0,2,13936.75,own,education,salaried,southeast,0
50,34677.72,10.5,30.7,12050.7,48,9.88,941.55,0.326,0.505,0,3,4,19451.49,mortgage,home_improvement,contract,northeast,0
50,32898.03,8.0,27.0,14882.61,24,5.5,1644.82,0.6,0.765,0,4,1,2940.83,own,debt_consolidation,contract,southeast,1
29,74884.58,6.7,4.6,44964.45,48,18.82,868.81,0.139,0.729,1,1,3,20853.92,mortgage,home_improvement,salaried,southeast,0
47,77519.77,5.4,31.6,25648.65,60,16.84,2498.11,0.387,0.662,2,6,4,8650.85,mortgage,debt_consolidation,contract,southeast,1
46,18000.0,8.0,23.9,5279.83,36,15.38,396.44,0.264,0.232,1,3,3,11976.08,mortgage,debt_consolidation,salaried,midwest,0
40,98464.3,5.3,18.4,60290.92,12,18.13,3520.29,0.429,0.435,1,1,5,22143.44,rent,debt_consolidation,salaried,northeast,1
57,23519.97,10.0,29.4,6516.97,36,18.12,843.39,0.43,0.171,1,3,1,10840.62,mortgage,debt_consolidation,salaried,north,1
53,52150.17,0.2,38.3,33226.44,12,15.32,912.28,0.21,0.813,1,1,3,27923.59,rent,debt_consolidation,self_employed,northeast,1
46,51927.78,4.3,24.7,12026.17,48,13.43,2182.43,0.504,0.447,0,3,2,22100.65,mortgage,medical,contract,north,0
55,22738.39,14.7,34.2,7878.13,36,12.75,244.97,0.129,0.379,0,1,2,11397.74,mortgage,small_business,salaried,southeast,0
57,42496.31,4.0,29.7,15837.42,36,16.27,1847.86,0.522,0.714,1,2,2,3688.66,rent,home_improvement,salaried,northeast,1
48,33018.91,5.5,25.2,10192.66,36,20.37,535.08,0.194,0.555,2,2,3,5688.05,mortgage,debt_consolidation,salaried,northeast,1
33,43600.27,3.0,1.9,5324.24,36,14.07,1447.43,0.398,0.35,0,3,3,13663.71,rent,small_business,salaried,northeast,0
57,38058.6,7.8,31.0,10213.82,24,20.7,848.54,0.268,0.348,2,3,3,21983.28,rent,medical,self_employed,north,0
55,57094.47,3.6,33.8,18996.57,24,16.07,1947.31,0.409,0.068,0,0,5,2042.23,rent,home_improvement,salaried,northeast,0
68,35655.83,5.8,40.0,11323.71,36,16.1,666.78,0.224,0.822,1,2,3,9861.95,rent,medical,contract,southeast,1
28,32192.63,9.9,6.6,19795.25,48,24.6,1038.86,0.387,0.852,1,2,3,11930.04,own,medical,salaried,northeast,1
41,54739.84,3.7,14.1,8202.31,12,21.44,385.13,0.084,0.881,3,0,5,7110.27,mortgage,education,salaried,southeast,0
65,44080.21,9.7,40.0,16090.94,24,21.55,1036.64,0.282,0.194,2,0,1,15368.77,mortgage,small_business,salaried,southeast,0
45,46974.57,9.8,25.7,6747.18,24,11.15,2060.03,0.526,0.588,1,0,1,2560.42,mortgage,debt_consolidation,salaried,northeast,0
66,26130.89,10.7,40.0,18456.46,36,23.71,718.65,0.33,0.588,2,1,0,486.23,mortgage,debt_consolidation,self_employed,southeast,0
21,22269.86,7.1,1.0,13759.03,12,14.15,648.8,0.35,0.634,1,2,1,4800.8,own,education,salaried,midwest,1
22,27215.9,19.5,8.9,20106.07,48,13.54,942.69,0.416,0.421,2,3,0,14723.09,mortgage,medical,salaried,south,0
59,26615.66,10.7,29.8,18455.33,12,5.5,697.49,0.314,0.551,1,2,1,0.0,rent,education,salaried,north,1
38,48059.91,7.8,15.6,15329.29,36,15.87,2195.62,0.548,0.59,0,1,3,7729.51,own,debt_consolidation,contract,south,1
45,52047.57,3.0,30.5,28922.7,24,9.95,1291.63,0.298,0.733,1,2,4,20545.98,mortgage,debt_consolidation,salaried,south,0
41,32365.4,6.1,31.5,10134.55,36,16.21,1588.54,0.589,0.777,0,3,3,8335.09,own,home_improvement,self_employed,south,1
40,63006.05,12.2,23.9,42817.21,24,9.62,2906.4,0.554,0.293,0,1,5,20721.3,own,medical,salaried,midwest,0
66,61374.96,13.3,40.0,23247.26,48,22.05,1572.16,0.307,0.228,1,1,5,14210.82,rent,debt_consolidation,salaried,southeast,0
25,38262.58,12.4,2.3,13652.44,60,16.82,884.93,0.278,0.613,1,2,1,23570.37,own,debt_consolidation,salaried,south,1
58,24460.27,9.6,32.2,17021.0,24,24.08,907.84,0.445,0.056,1,3,1,13446.68,rent,small_business,salaried,southeast,1
63,66947.11,1.5,40.0,43324.58,60,10.2,2721.77,0.488,0.711,4,2,2,0.0,mortgage,debt_consolidation,salaried,south,0
52,33670.34,8.4,34.0,24540.31,24,21.01,506.08,0.18,0.577,0,1,5,11756.09,mortgage,debt_consolidation,salaried,north,0
39,36424.23,1.5,17.9,5896.63,36,6.93,637.92,0.21,0.789,1,3,5,13707.96,own,debt_consolidation,salaried,northeast,0
28,29952.43,0.6,4.8,8186.11,48,15.37,396.81,0.159,0.385,1,0,1,5916.03,mortgage,home_improvement,salaried,south,0
53,23772.58,7.5,29.0,7358.57,24,11.85,972.25,0.491,0.409,1,1,0,7480.79,rent,debt_consolidation,salaried,southeast,0
43,18641.98,8.6,23.6,7220.82,36,12.62,723.58,0.466,0.358,2,2,4,10055.94,rent,debt_consolidation,self_employed,northeast,1
28,45062.46,10.1,1.0,18839.35,12,12.33,683.78,0.182,0.435,0,2,5,23951.56,mortgage,home_improvement,self_employed,midwest,0
38,24858.91,8.5,17.8,7547.85,36,10.66,766.3,0.37,0.271,0,2,5,7774.65,mortgage,education,salaried,south,0
67,124866.83,8.6,40.0,77165.68,36,9.21,5126.71,0.493,0.383,1,3,5,1325.13,rent,small_business,contract,north,1
33,21891.4,2.6,12.4,5705.86,48,12.64,1078.87,0.591,0.729,4,1,1,9638.59,mortgage,education,contract,south,1
29,20371.65,6.1,1.2,11383.8,24,14.99,299.47,0.176,0.795,2,1,4,5078.88,mortgage,small_business,salaried,southeast,1
53,42798.5,0.5,30.6,28102.09,60,19.39,871.44,0.244,0.204,2,2,4,10300.33,rent,education,self_employed,midwest,0
30,65664.36,0.0,10.1,32853.84,12,15.74,1467.07,0.268,0.162,1,0,2,33044.47,rent,debt_consolidation,salaried,northeast,0
65,35494.31,9.5,37.8,12178.81,36,19.4,1234.87,0.417,0.861,0,2,0,24077.56,own,debt_consolidation,salaried,northeast,0
62,43929.52,3.5,29.4,10471.54,24,8.29,562.54,0.154,0.431,0,2,3,28074.59,mortgage,education,salaried,north,0
68,18000.0,10.0,40.0,3683.49,24,12.68,276.68,0.184,0.13,1,1,2,8418.17,mortgage,debt_consolidation,salaried,midwest,0
64,25989.43,10.9,35.4,15303.36,12,17.49,1086.0,0.501,0.534,0,2,1,9897.07,mortgage,debt_consolidation,salaried,north,1
32,22006.24,4.0,4.3,9144.76,36,15.94,683.49,0.373,0.337,1,4,0,4217.9,rent,debt_consolidation,contract,northeast,0
31,18000.0,8.9,10.7,2685.26,24,10.88,249.91,0.167,0.19,1,3,0,11228.65,rent,medical,contract,northeast,0
37,36283.98,3.9,13.9,26843.58,36,18.42,876.12,0.29,0.462,0,3,1,5274.72,own,medical,salaried,northeast,0
43,18000.0,0.0,25.8,9772.58,60,12.27,228.94,0.153,0.438,0,0,0,1597.69,rent,debt_consolidation,salaried,south,0
63,19824.58,7.0,40.0,12922.35,24,11.24,455.72,0.276,0.468,0,0,5,0.0,rent,debt_consolidation,contract,southeast,1
56,27567.11,4.6,35.8,10918.2,12,16.55,680.24,0.296,0.38,2,4,0,14107.91,mortgage,debt_consolidation,self_employed,midwest,0
51,24363.95,4.7,29.8,17588.98,12,14.53,285.34,0.141,0.71,0,1,2,457.75,own,debt_consolidation,salaried,southeast,0
63,40802.21,14.4,40.0,10025.13,12,12.3,381.87,0.112,0.643,0,2,5,19754.17,rent,debt_consolidation,contract,north,0
52,39275.01,0.4,30.3,9293.87,36,12.16,1819.95,0.556,0.488,1,0,0,15613.94,mortgage,debt_consolidation,salaried,southeast,0
39,50281.65,8.0,13.6,34237.32,48,10.01,2343.67,0.559,0.47,2,1,3,982.18,own,education,salaried,southeast,1
40,47382.16,2.5,17.5,32304.3,24,12.84,321.38,0.081,0.478,2,2,1,24915.22,own,medical,salaried,southeast,1
45,55778.37,10.1,30.4,24229.13,12,19.12,1981.3,0.426,0.512,1,0,1,29396.08,mortgage,debt_consolidation,self_employed,south,0
25,34516.55,7.7,5.4,6877.26,36,15.53,375.62,0.131,0.358,0,3,2,3070.43,rent,debt_consolidation,salaried,southeast,0
56,39240.16,8.0,39.8,12254.17,24,18.53,1692.16,0.517,0.592,1,3,3,2301.19,mortgage,small_business,self_employed,southeast,1
52,42823.22,2.7,27.9,25484.78,36,16.67,1980.44,0.555,0.575,0,2,4,14069.96,own,debt_consolidation,self_employed,northeast,1
56,36661.99,3.4,30.7,23939.36,60,11.93,1261.7,0.413,0.124,2,2,3,5208.32,mortgage,debt_consolidation,salaried,south,0
46,29236.65,10.2,21.8,9911.88,24,7.57,1001.61,0.411,0.526,1,1,0,5072.67,own,debt_consolidation,salaried,southeast,0
58,30042.67,13.6,38.5,4764.08,36,10.61,702.5,0.281,0.578,1,1,1,18669.5,mortgage,small_business,salaried,southeast,0
66,24504.83,8.4,40.0,13218.1,48,11.68,438.46,0.215,0.367,2,2,3,0.0,rent,debt_consolidation,salaried,southeast,0
48,41236.5,2.9,27.1,24159.77,36,11.36,1201.38,0.35,0.384,0,0,1,13295.51,mortgage,debt_consolidation,salaried,north,0
42,33206.92,7.9,24.1,12855.37,48,18.62,421.19,0.152,0.735,1,2,0,3275.73,own,education,contract,north,0
26,26146.41,16.2,1.0,12742.49,48,18.58,965.24,0.443,0.055,3,1,3,6325.75,rent,home_improvement,salaried,south,0
58,26156.61,6.9,31.3,19409.36,36,23.79,727.69,0.334,0.455,2,1,1,2042.76,mortgage,medical,salaried,southeast,0
64,20777.64,12.3,36.7,5700.33,36,11.29,304.57,0.176,0.681,1,1,5,2913.84,rent,home_improvement,contract,southeast,0
54,52110.06,3.5,33.7,25063.69,48,21.21,1726.97,0.398,0.585,0,2,5,24534.3,rent,debt_consolidation,contract,northeast,0
62,35704.05,6.3,33.7,18027.16,36,21.18,1515.87,0.509,0.17,1,2,0,14598.62,mortgage,debt_consolidation,contract,southeast,0
62,24043.6,9.0,40.0,11202.81,36,13.52,797.35,0.398,0.451,1,0,4,7511.59,rent,medical,salaried,northeast,1
59,48513.14,8.1,33.1,32385.03,36,16.49,1479.72,0.366,0.335,1,2,5,30356.82,own,debt_consolidation,salaried,southeast,1
45,27299.17,3.4,24.3,13681.11,48,19.71,1223.38,0.538,0.466,2,4,3,589.91,rent,debt_consolidation,salaried,midwest,1
25,19134.91,3.3,3.0,8418.8,24,14.25,150.0,0.094,0.314,1,2,3,5405.47,mortgage,debt_consolidation,salaried,south,1
21,53045.93,10.5,8.9,10476.54,24,13.93,1825.86,0.413,0.472,3,1,2,28213.93,rent,medical,salaried,southeast,0
30,27568.23,11.3,8.4,15521.51,24,11.87,692.04,0.301,0.515,1,2,2,10245.06,rent,medical,self_employed,southeast,0
41,29093.28,12.5,17.6,5912.56,24,5.5,447.37,0.185,0.333,0,1,0,19915.6,rent,education,contract,northeast,0
56,35147.04,13.7,34.8,4805.97,36,14.8,1783.63,0.609,0.454,0,1,0,14353.38,rent,debt_consolidation,salaried,northeast,0
42,55820.0,7.0,11.1,23878.38,24,11.52,1386.47,0.298,0.071,1,2,4,32520.5,mortgage,debt_consolidation,self_employed,northeast,0
22,34836.32,5.3,4.2,16743.74,36,9.98,757.81,0.261,0.074,0,2,3,0.0,rent,debt_consolidation,salaried,southeast,0
31,20876.32,11.9,10.5,15644.8,36,16.27,297.95,0.171,0.328,1,0,1,0.0,rent,debt_consolidation,salaried,northeast,1
68,43409.27,9.4,40.0,24689.71,24,8.4,2238.45,0.619,0.459,4,2,2,9056.95,own,medical,salaried,southeast,1
68,28178.21,2.6,40.0,18445.79,24,17.89,1273.34,0.542,0.91,1,1,3,13009.33,mortgage,small_business,salaried,northeast,1
39,76338.15,2.4,11.4,25819.43,36,16.53,749.29,0.118,0.558,2,4,1,0.0,own,debt_consolidation,self_employed,midwest,0
59,34528.13,8.5,29.3,15213.66,48,12.82,1109.24,0.386,0.622,0,0,1,4944.06,own,education,salaried,southeast,0
55,18000.0,5.8,35.2,13208.21,36,14.23,239.39,0.16,0.187,1,2,5,10400.59,mortgage,debt_consolidation,self_employed,midwest,1
65,40138.58,6.4,40.0,15371.26,24,9.5,1560.46,0.467,0.429,1,2,2,12948.56,mortgage,small_business,salaried,north,0
63,78177.02,10.8,40.0,49141.53,24,17.65,2224.17,0.341,0.466,0,1,2,19977.64,own,debt_consolidation,salaried,north,0
51,66962.4,9.5,22.1,30225.03,12,15.29,779.05,0.14,0.34,1,2,0,0.0,mortgage,home_improvement,salaried,southeast,0
39,74533.26,11.8,11.0,19460.33,12,15.6,2365.2,0.381,0.3,1,1,0,37245.82,mortgage,debt_consolidation,salaried,north,0
51,22509.68,0.0,28.5,10932.14,60,16.61,1072.52,0.572,0.387,0,3,3,14436.91,rent,debt_consolidation,salaried,southeast,1
36,50670.75,7.5,19.3,13041.59,12,11.8,1115.79,0.264,0.643,2,0,1,23091.48,rent,medical,salaried,south,1
37,25508.38,9.3,19.9,3109.65,12,8.12,228.37,0.107,0.179,2,0,1,2313.0,own,medical,salaried,northeast,0
50,37956.71,0.4,26.2,10195.72,48,18.52,1867.51,0.59,0.689,1,1,1,11303.49,rent,home_improvement,salaried,southeast,1
48,20238.86,3.9,22.5,4891.34,36,17.39,264.07,0.157,0.475,4,1,4,5232.54,rent,education,salaried,south,0
48,26352.77,3.1,34.3,9320.46,36,12.25,739.04,0.337,0.323,3,5,5,16255.62,mortgage,debt_consolidation,salaried,north,0
39,26003.24,6.6,17.4,17677.42,36,16.22,810.71,0.374,0.257,0,1,1,12477.19,own,home_improvement,contract,southeast,1
40,50382.2,13.0,9.7,18356.63,60,19.78,873.41,0.208,0.53,0,1,1,23132.05,own,debt_consolidation,salaried,northeast,0
21,48353.89,14.6,1.0,31549.38,12,19.28,708.41,0.176,0.162,0,3,4,10442.59,mortgage,debt_consolidation,salaried,midwest,0
49,38803.44,3.2,19.3,18239.02,24,12.13,456.25,0.141,0.496,2,1,3,0.0,rent,home_improvement,self_employed,southeast,1
48,19590.95,8.6,22.1,2500.0,48,8.25,192.28,0.118,0.52,0,0,4,10290.58,mortgage,education,contract,north,0
65,30306.32,8.7,40.0,7240.3,48,8.97,895.02,0.354,0.046,1,0,4,12179.9,rent,education,salaried,north,1
45,25251.25,8.1,23.3,17845.19,60,13.19,1125.14,0.535,0.536,1,3,4,1330.32,rent,home_improvement,salaried,southeast,1
43,49774.79,8.1,20.6,24918.71,24,20.64,615.75,0.148,0.139,0,3,0,18452.38,own,home_improvement,salaried,south,0
24,56660.79,7.7,5.3,39980.67,60,11.44,2164.13,0.458,0.02,0,0,3,6194.85,own,small_business,salaried,southeast,0
30,53835.15,13.3,11.4,16978.29,24,12.0,1358.51,0.303,0.366,4,0,2,27228.85,rent,medical,salaried,north,1
37,25154.9,10.9,7.2,14374.37,48,11.91,207.57,0.099,0.653,1,1,5,10551.61,rent,debt_consolidation,self_employed,southeast,0
39,18000.0,2.3,20.4,10914.77,48,12.27,554.14,0.369,0.464,0,3,3,0.0,own,home_improvement,self_employed,south,0
38,18000.0,9.7,10.1,13224.43,24,14.45,324.13,0.216,0.556,0,2,4,6239.37,rent,medical,salaried,northeast,1
39,62760.64,10.1,18.0,8249.96,24,9.12,2127.78,0.407,0.636,2,0,5,16006.48,rent,small_business,self_employed,northeast,0
57,29186.83,7.8,34.1,21011.88,36,19.05,653.38,0.269,0.687,1,2,4,6224.06,rent,education,salaried,northeast,0
27,25202.43,11.0,1.5,9241.78,48,13.89,923.85,0.44,0.289,2,2,3,14274.18,rent,home_improvement,salaried,southeast,1
36,68865.96,7.3,15.7,44620.68,12,24.91,3305.52,0.576,0.297,0,2,3,31949.86,rent,medical,salaried,midwest,0
28,58768.85,7.3,2.4,27219.92,48,9.57,1038.51,0.212,0.303,2,1,0,14956.64,mortgage,medical,contract,midwest,0
35,34900.92,7.0,21.2,16603.39,24,21.18,1708.73,0.588,0.269,1,2,4,17083.92,rent,home_improvement,salaried,northeast,0
53,30539.33,0.0,28.0,10579.07,36,20.34,484.37,0.19,0.432,0,3,1,8936.8,mortgage,debt_consolidation,salaried,midwest,0
23,32679.97,6.2,11.1,20978.5,24,12.77,321.83,0.118,0.772,2,1,0,11710.67,rent,small_business,salaried,southeast,1
37,38002.54,3.8,15.0,10881.21,60,12.84,582.89,0.184,0.781,0,0,2,5852.28,rent,debt_consolidation,salaried,southeast,1
22,67644.4,1.8,1.0,29094.67,12,10.63,2931.57,0.52,0.383,0,0,2,16739.3,rent,debt_consolidation,contract,southeast,0
66,41251.23,12.2,40.0,19508.12,36,10.68,1532.76,0.446,0.215,1,0,2,3220.71,mortgage,home_improvement,salaried,southeast,0
55,46860.58,8.5,37.8,27544.1,12,14.5,2359.63,0.604,0.363,1,1,1,22949.31,mortgage,home_improvement,salaried,southeast,1
32,56449.03,6.4,14.3,23546.6,60,14.59,2179.43,0.463,0.497,1,1,5,30074.82,rent,medical,contract,southeast,1
30,21136.06,4.2,10.1,11594.78,48,7.77,533.37,0.303,0.511,1,0,5,600.58,own,debt_consolidation,salaried,south,1
25,47431.51,7.7,1.2,20193.27,24,24.13,2221.03,0.562,0.498,0,1,0,14737.68,rent,debt_consolidation,contract,northeast,1
43,30524.38,10.5,29.1,16341.9,24,13.41,1519.58,0.597,0.463,0,0,2,7871.84,mortgage,small_business,self_employed,northeast,0
57,18000.0,3.2,34.1,9804.79,36,14.78,761.24,0.507,0.46,2,1,1,176.37,own,small_business,self_employed,midwest,1
49,18000.0,6.5,24.6,10205.07,36,11.87,570.88,0.381,0.866,1,1,5,0.0,rent,debt_consolidation,salaried,south,1
63,22525.21,10.0,40.0,14386.38,48,13.38,987.19,0.526,0.859,0,1,2,10932.19,rent,debt_consolidation,salaried,south,1
37,43179.18,0.0,11.6,19890.72,36,13.0,635.76,0.177,0.379,0,3,3,4946.75,rent,debt_consolidation,salaried,southeast,1
34,36235.54,6.3,10.0,8760.5,36,14.49,1709.68,0.566,0.47,0,2,0,10666.75,own,medical,salaried,midwest,0
43,37325.57,4.8,22.4,20460.9,48,14.44,1927.75,0.62,0.326,0,2,4,18216.83,mortgage,debt_consolidation,salaried,northeast,0
30,78385.66,6.0,15.7,13214.6,36,17.88,2868.76,0.439,0.807,4,1,2,2524.51,rent,home_improvement,salaried,southeast,1
67,20271.73,4.5,40.0,5228.92,12,15.45,313.84,0.186,0.755,2,4,5,7682.13,rent,medical,salaried,southeast,1
29,34148.64,7.1,10.3,21140.03,12,17.46,449.61,0.158,0.151,2,2,0,20183.32,rent,debt_consolidation,salaried,southeast,0
43,39256.13,14.2,22.6,15470.61,24,14.46,1956.54,0.598,0.658,3,3,1,18680.9,mortgage,medical,salaried,south,1
46,25355.86,5.2,20.8,10998.56,36,15.47,1163.26,0.551,0.738,1,1,5,1847.15,mortgage,education,self_employed,southeast,1
23,34957.81,7.7,1.0,25940.8,12,13.49,1410.8,0.484,0.807,1,3,1,901.12,rent,home_improvement,salaried,midwest,1
43,18000.0,14.5,20.2,4826.86,36,18.71,888.79,0.593,0.254,0,2,1,8966.17,rent,medical,salaried,southeast,0
42,62452.44,4.3,16.5,8263.6,24,15.86,1831.1,0.352,0.558,1,3,1,2351.4,own,debt_consolidation,salaried,north,0
33,25944.68,13.8,16.5,4933.76,36,13.84,1209.42,0.559,0.314,2,1,3,10927.82,own,medical,salaried,southeast,1
27,81079.71,6.5,2.9,22218.77,12,13.71,1134.6,0.168,0.343,2,0,0,9901.28,rent,debt_consolidation,salaried,south,0
23,34076.42,13.6,1.0,19673.32,36,14.04,507.5,0.179,0.341,1,2,3,14561.75,mortgage,home_improvement,salaried,north,0
21,53198.34,9.5,1.0,32385.44,12,14.63,1581.17,0.357,0.133,0,1,4,11701.6,own,debt_consolidation,self_employed,southeast,0
44,33779.62,7.7,23.4,16087.81,24,14.26,730.64,0.26,0.476,1,1,1,9068.74,rent,home_improvement,salaried,midwest,1
25,34101.19,6.2,3.1,9571.5,12,12.15,891.07,0.314,0.522,1,0,1,16847.46,rent,debt_consolidation,self_employed,southeast,0
67,27030.14,4.0,39.2,12128.35,36,17.71,1151.09,0.511,0.488,2,0,2,1414.16,rent,debt_consolidation,salaried,south,0
32,36316.67,6.8,9.4,4700.22,48,17.98,329.39,0.109,0.633,1,2,3,14764.11,rent,debt_consolidation,salaried,north,0
52,39480.39,10.1,34.0,21695.84,12,21.99,1543.87,0.469,0.748,0,0,3,19625.21,rent,debt_consolidation,salaried,southeast,1
53,24849.96,6.4,18.5,12599.12,48,11.96,264.33,0.128,0.085,3,3,3,11219.42,own,debt_consolidation,salaried,southeast,0
44,32776.97,5.2,25.9,4383.32,36,17.3,1468.55,0.538,0.22,0,3,4,1083.76,own,education,salaried,southeast,0
63,26735.79,5.5,40.0,16969.67,36,6.48,421.15,0.189,0.227,1,0,5,15921.5,mortgage,small_business,salaried,southeast,0
26,90749.56,10.5,1.4,54536.74,36,17.98,3606.29,0.477,0.805,1,0,2,565.3,own,small_business,salaried,south,1
32,33266.73,11.4,7.8,10451.77,24,8.38,1107.82,0.4,0.553,1,3,4,8525.44,own,small_business,salaried,midwest,1
33,66104.86,3.8,10.9,34393.52,48,10.37,1587.82,0.288,0.586,0,0,2,943.58,mortgage,debt_consolidation,contract,southeast,0
27,31819.63,3.8,4.8,15876.1,48,15.9,595.21,0.224,0.44,1,1,0,10711.11,own,debt_consolidation,salaried,northeast,0
35,38518.77,8.0,13.1,8096.78,48,11.89,356.39,0.111,0.106,1,0,3,6852.51,own,education,contract,midwest,0
36,19831.5,12.6,18.0,4794.33,24,11.31,447.57,0.271,0.584,1,1,5,2366.14,rent,home_improvement,contract,midwest,1
57,28630.55,11.1,24.3,15758.82,36,12.46,449.23,0.188,0.465,2,1,2,4597.92,own,small_business,salaried,north,0
35,37738.07,1.5,13.0,26723.74,12,17.56,482.4,0.153,0.171,2,3,3,0.0,own,debt_consolidation,self_employed,midwest,0
63,67246.59,5.4,37.3,32484.08,36,10.58,2683.08,0.479,0.345,1,2,4,29583.0,rent,home_improvement,contract,southeast,0
58,37919.95,2.8,36.5,18115.21,12,14.27,615.43,0.195,0.206,0,2,4,10015.09,mortgage,home_improvement,salaried,southeast,0
64,61769.35,5.4,40.0,32577.74,24,12.91,1032.09,0.201,0.601,1,2,0,13825.05,rent,education,salaried,midwest,0
26,45211.48,12.9,5.0,17974.47,36,17.94,994.12,0.264,0.38,1,1,0,1297.02,rent,medical,self_employed,southeast,0
68,68426.03,0.8,40.0,10546.39,48,18.06,1880.76,0.33,0.506,2,3,2,40744.77,mortgage,small_business,self_employed,southeast,0
50,33698.29,0.0,27.7,12461.54,12,6.79,1003.66,0.357,0.569,1,0,0,7427.45,rent,education,self_employed,midwest,0
68,94267.67,3.2,40.0,64776.87,36,18.89,3447.49,0.439,0.21,0,1,5,22247.31,mortgage,small_business,salaried,south,1
38,28173.4,7.6,9.7,17668.0,36,11.93,933.95,0.398,0.136,1,0,4,1249.16,mortgage,medical,salaried,south,1
66,25036.4,9.0,40.0,17632.56,60,15.49,709.59,0.34,0.116,0,1,3,15288.74,rent,education,salaried,south,0
49,20780.66,8.2,28.6,4494.52,36,10.56,506.92,0.293,0.604,1,2,3,8317.61,mortgage,debt_consolidation,salaried,southeast,1
24,91952.77,11.2,5.0,40344.59,12,16.06,1712.81,0.224,0.762,3,2,2,0.0,own,debt_consolidation,salaried,southeast,0
40,48735.74,0.0,10.5,23801.5,12,25.22,1881.89,0.463,0.524,2,2,0,2100.7,rent,medical,salaried,north,1
27,30021.51,11.3,7.9,7573.02,36,15.03,629.08,0.251,0.278,2,4,4,7906.76,mortgage,small_business,salaried,southeast,1
66,58371.88,5.3,40.0,14395.16,24,12.57,2620.77,0.539,0.609,0,1,2,6836.68,rent,home_improvement,contract,northeast,1
35,46112.1,9.4,7.6,28252.0,60,13.52,1523.73,0.397,0.085,3,5,2,17119.03,rent,education,salaried,southeast,0
31,78887.14,1.2,8.7,42856.76,60,8.33,2776.37,0.422,0.359,0,1,2,14888.67,mortgage,debt_consolidation,salaried,southeast,0
47,18032.13,6.5,30.2,9516.06,60,20.59,533.07,0.355,0.745,3,2,2,1395.64,rent,education,contract,southeast,1
41,30901.15,7.4,24.1,8905.78,24,15.81,1497.21,0.581,0.319,0,6,5,15808.68,mortgage,small_business,salaried,southeast,0
25,28445.38,11.1,1.0,12495.05,48,10.09,729.3,0.308,0.529,2,1,1,6688.02,rent,medical,self_employed,northeast,1
60,18000.0,0.2,40.0,2500.0,36,10.23,465.84,0.311,0.908,1,1,1,1441.67,mortgage,small_business,salaried,southeast,1
61,53924.35,6.6,36.2,10885.49,12,14.56,2526.48,0.562,0.206,0,0,0,13619.11,rent,debt_consolidation,salaried,south,0
56,30835.86,2.2,32.5,13768.15,24,18.41,1044.95,0.407,0.834,0,1,3,15697.02,own,medical,self_employed,northeast,1
50,47129.06,8.5,25.3,14850.06,24,9.67,1266.75,0.323,0.373,0,2,0,24847.68,rent,home_improvement,contract,south,1
40,93069.72,9.6,14.9,67789.38,36,19.18,1718.39,0.222,0.295,1,0,4,37501.54,rent,education,salaried,southeast,0
47,29781.35,11.6,28.2,12419.88,60,14.12,526.94,0.212,0.171,1,1,4,15764.54,rent,debt_consolidation,self_employed,southeast,0
46,28943.93,4.4,27.4,4997.04,48,10.59,1236.81,0.513,0.549,2,3,4,1564.17,mortgage,home_improvement,salaried,southeast,0
28,36309.65,10.2,1.8,4765.3,24,12.54,698.69,0.231,0.155,3,3,2,2351.0,own,education,salaried,southeast,1
24,52294.36,11.9,3.8,30169.27,36,21.84,362.13,0.083,0.116,1,2,2,91.86,mortgage,education,contract,south,1
33,27227.44,0.0,22.4,6209.2,24,8.67,205.36,0.091,0.263,1,1,5,2748.46,mortgage,medical,self_employed,south,0
42,26502.55,8.9,16.1,6316.13,24,11.43,1343.54,0.608,0.609,2,2,4,15358.65,mortgage,education,self_employed,southeast,1
28,53853.33,10.3,9.7,20841.16,12,18.5,1715.73,0.382,0.333,2,0,1,0.0,rent,debt_consolidation,self_employed,southeast,0
26,40498.84,5.5,1.0,11597.17,36,15.41,1161.21,0.344,0.276,2,1,1,10300.35,mortgage,medical,salaried,northeast,0
61,18000.0,1.7,31.7,9151.98,36,11.18,863.48,0.576,0.69,0,3,1,1235.46,rent,medical,self_employed,southeast,1
38,20647.21,10.3,14.9,8795.43,48,18.55,464.41,0.27,0.101,0,1,2,9052.32,own,medical,salaried,south,0
49,64894.56,1.7,21.5,12343.85,48,18.75,2754.23,0.509,0.721,0,1,3,34091.71,own,medical,salaried,north,1
46,40896.91,5.8,22.3,25126.52,24,15.89,1601.04,0.47,0.449,1,2,1,17643.07,rent,education,contract,midwest,1
56,25081.3,6.3,25.9,9738.84,48,11.93,705.69,0.338,0.376,4,3,0,4970.38,rent,education,salaried,south,1
56,32158.37,9.4,37.8,16234.37,12,12.58,1335.38,0.498,0.254,3,2,2,15871.17,mortgage,small_business,salaried,northeast,1
35,34736.96,4.0,12.0,4254.71,36,15.7,1741.25,0.602,0.485,0,2,3,21834.13,mortgage,debt_consolidation,self_employed,north,1
61,47051.97,3.8,35.0,24214.45,36,8.99,738.43,0.188,0.217,1,1,4,17810.47,mortgage,education,salaried,midwest,0
38,19526.53,6.9,15.9,5822.72,12,20.08,150.0,0.092,0.696,0,0,0,7686.61,mortgage,debt_consolidation,self_employed,northeast,0
61,24265.27,10.5,32.8,10469.34,24,21.64,1058.75,0.524,0.555,0,1,4,2551.83,rent,home_improvement,contract,northeast,0
40,38740.52,15.6,18.9,11915.19,24,13.51,961.85,0.298,0.826,1,1,0,19379.8,mortgage,home_improvement,self_employed,north,0
26,33125.86,0.5,1.0,24766.36,12,16.0,1032.36,0.374,0.283,0,3,1,21581.1,rent,debt_consolidation,salaried,southeast,0
57,43922.45,7.8,24.5,11658.36,60,19.48,732.52,0.2,0.149,1,0,3,7745.4,mortgage,education,contract,northeast,0
22,20611.55,2.2,1.0,14327.12,24,22.71,918.19,0.535,0.23,1,0,0,1285.63,rent,home_improvement,salaried,south,0
58,40134.6,10.6,32.5,28026.75,36,21.04,1570.1,0.469,0.904,2,1,3,4863.76,rent,small_business,salaried,south,1
23,54636.92,2.7,1.0,21047.8,60,7.21,2708.25,0.595,0.502,4,2,0,33643.88,own,home_improvement,self_employed,southeast,1
30,42381.35,3.8,12.3,13202.72,36,13.17,1188.92,0.337,0.47,0,4,1,13662.01,mortgage,education,self_employed,midwest,0
49,36622.82,4.1,31.9,13186.14,36,16.6,1853.56,0.607,0.35,0,1,3,23199.0,mortgage,debt_consolidation,contract,southeast,1
66,33180.87,6.2,37.3,24662.8,60,12.42,983.98,0.356,0.703,0,3,1,10963.7,own,home_improvement,salaried,northeast,0
40,24327.5,7.8,15.8,12403.17,24,21.99,842.48,0.416,0.235,2,0,2,4725.63,mortgage,debt_consolidation,salaried,north,0
26,33515.41,8.4,4.0,15524.72,24,21.34,1240.15,0.444,0.418,2,1,1,9845.07,own,medical,salaried,southeast,0
32,58634.38,6.5,8.9,8362.92,36,11.07,1683.18,0.344,0.538,0,2,3,6231.41,own,debt_consolidation,salaried,southeast,1
64,32859.89,1.2,40.0,21495.0,36,13.82,1051.25,0.384,0.689,0,1,0,5813.61,mortgage,medical,self_employed,south,1
55,23772.44,9.4,32.9,4107.82,48,11.35,397.37,0.201,0.487,0,1,0,7021.27,rent,debt_consolidation,salaried,northeast,0
25,28092.45,6.3,5.4,4202.42,12,13.68,645.37,0.276,0.741,1,1,5,11336.74,rent,debt_consolidation,salaried,southeast,0
39,37584.88,11.1,11.9,11018.41,36,13.55,1437.86,0.459,0.201,1,4,1,7946.74,mortgage,medical,salaried,midwest,1
33,29528.88,3.7,5.5,12394.65,48,18.51,248.67,0.101,0.326,1,2,4,7919.09,rent,small_business,salaried,northeast,0
29,42354.39,0.1,3.4,28971.76,60,10.77,1617.31,0.458,0.722,1,3,0,24201.7,rent,debt_consolidation,salaried,southeast,1
61,43027.49,6.4,36.2,26580.21,12,5.5,875.03,0.244,0.418,2,1,0,0.0,rent,small_business,self_employed,south,0
50,50180.06,11.7,33.7,12269.44,24,7.76,948.37,0.227,0.697,1,2,4,28650.45,rent,debt_consolidation,contract,south,1
29,62811.6,7.1,3.3,22261.06,60,10.18,2378.9,0.454,0.398,2,0,2,18592.8,rent,debt_consolidation,salaried,south,1
52,52483.84,5.7,26.2,32096.57,36,11.75,857.54,0.196,0.515,1,2,1,17022.18,rent,debt_consolidation,salaried,north,0
40,23332.9,3.0,11.4,10548.06,12,15.29,1165.3,0.599,0.142,1,1,1,0.0,rent,debt_consolidation,salaried,south,1
23,23635.75,13.5,1.0,5434.57,12,9.96,1211.27,0.615,0.669,2,0,1,2122.2,mortgage,debt_consolidation,salaried,southeast,1
42,33462.34,2.4,26.6,12364.83,48,9.41,912.89,0.327,0.51,1,3,1,16200.48,own,home_improvement,salaried,south,1
29,28581.25,3.6,7.7,14700.47,36,10.6,706.83,0.297,0.152,2,1,4,15029.92,mortgage,medical,salaried,northeast,0
32,21416.2,8.8,12.3,15700.9,36,9.81,218.95,0.123,0.417,0,0,5,3917.85,own,home_improvement,salaried,northeast,0
63,28695.32,0.0,39.2,15407.71,48,12.17,1196.21,0.5,0.262,2,2,0,1172.66,rent,home_improvement,self_employed,southeast,0
55,28302.48,11.6,31.9,3685.07,24,11.99,395.93,0.168,0.868,3,1,0,14748.18,mortgage,debt_consolidation,salaried,southeast,0
27,26051.33,9.0,5.1,14696.99,24,17.39,1267.5,0.584,0.328,1,1,3,14777.06,rent,medical,salaried,midwest,0
61,30253.54,10.1,33.4,8411.84,36,10.34,1550.29,0.615,0.099,0,2,5,13283.85,mortgage,debt_consolidation,salaried,southeast,0
48,56667.12,8.7,30.0,37579.37,48,13.0,689.93,0.146,0.718,0,0,1,2582.95,mortgage,debt_consolidation,salaried,southeast,0
62,37559.44,5.9,40.0,13590.91,24,12.21,1404.8,0.449,0.649,0,2,5,7936.1,mortgage,medical,salaried,north,1
56,97553.85,2.2,37.6,23974.59,36,17.9,2696.03,0.332,0.374,1,1,0,64066.23,rent,home_improvement,contract,northeast,0
37,37108.95,5.9,15.6,15393.04,24,13.85,1151.05,0.372,0.426,0,2,4,3670.36,rent,debt_consolidation,salaried,southeast,0
46,30582.17,2.6,28.5,8586.7,24,18.91,451.01,0.177,0.541,2,2,5,1929.88,mortgage,education,salaried,southeast,0
46,34604.39,8.4,23.2,9293.62,60,9.66,1357.36,0.471,0.56,1,0,2,15401.39,mortgage,debt_consolidation,salaried,south,0
55,38473.56,9.7,32.7,18511.75,12,14.29,544.95,0.17,0.368,2,0,3,12970.47,rent,debt_consolidation,salaried,northeast,0
32,41473.36,12.4,12.5,25026.2,12,12.08,1928.73,0.558,0.512,0,3,1,851.02,rent,small_business,salaried,southeast,0
36,82637.49,8.0,9.1,53385.58,48,9.35,2239.11,0.325,0.647,1,1,4,19459.51,rent,medical,contract,midwest,1
32,24220.76,10.2,9.3,8974.57,36,14.22,853.44,0.423,0.124,0,1,4,14324.91,mortgage,medical,salaried,southeast,0
35,49553.06,5.3,7.2,8031.88,36,21.78,2385.84,0.578,0.188,0,0,4,27729.73,mortgage,small_business,salaried,southeast,1
28,37693.96,4.6,5.9,16016.33,48,10.92,1503.01,0.478,0.292,4,2,5,0.0,rent,home_improvement,salaried,northeast,1
22,18000.0,8.4,1.0,7079.08,24,13.96,558.09,0.372,0.221,0,2,0,9919.86,mortgage,small_business,salaried,northeast,1
66,47748.05,5.0,40.0,11655.14,36,8.99,1183.54,0.297,0.865,1,1,3,20121.37,mortgage,medical,self_employed,northeast,0
24,58829.69,7.6,1.0,40273.11,24,8.37,1615.62,0.33,0.172,4,1,3,0.0,rent,small_business,salaried,southeast,1
63,24100.45,2.3,36.8,17682.83,12,11.19,531.22,0.265,0.656,1,1,0,659.26,rent,debt_consolidation,salaried,south,1
21,34415.0,3.0,1.0,5251.75,36,12.61,1694.76,0.591,0.138,0,1,4,21675.22,own,medical,salaried,southeast,0
58,18000.0,9.0,32.7,11183.76,24,12.8,324.81,0.217,0.269,0,0,1,0.0,own,medical,self_employed,southeast,0
36,20359.47,10.0,16.7,10725.4,48,13.55,510.76,0.301,0.59,0,1,2,1092.4,own,debt_consolidation,contract,south,1
45,53646.55,2.6,18.6,15273.43,60,7.58,2236.35,0.5,0.724,0,1,0,22759.24,mortgage,small_business,salaried,northeast,1
34,28398.88,9.2,13.6,14771.63,48,11.87,654.94,0.277,0.168,0,3,4,13954.74,own,medical,self_employed,midwest,1
44,21683.41,4.4,17.2,4359.35,24,16.61,1009.67,0.559,0.562,2,0,1,4000.98,rent,debt_consolidation,salaried,north,0
42,38039.23,6.6,18.7,6228.02,24,8.8,669.68,0.211,0.086,1,2,3,19006.67,rent,medical,contract,northeast,0
46,27738.78,12.2,16.2,20690.31,48,13.01,224.05,0.097,0.181,1,0,3,9591.3,rent,debt_consolidation,contract,midwest,0
39,28346.39,9.7,21.2,14766.0,36,15.73,991.0,0.42,0.648,0,2,0,12418.27,mortgage,home_improvement,salaried,southeast,1
46,47123.02,9.7,29.6,13172.31,48,11.21,1391.92,0.354,0.852,2,1,5,20501.6,rent,medical,salaried,midwest,0
60,21206.69,14.1,39.8,8557.35,48,15.93,1031.8,0.584,0.73,1,0,0,630.45,mortgage,medical,salaried,southeast,0
41,23617.58,3.7,24.2,16970.54,24,8.11,607.15,0.308,0.727,2,2,3,10292.79,rent,debt_consolidation,salaried,south,1
38,36853.78,2.6,21.2,14608.72,12,18.23,470.56,0.153,0.496,2,1,1,13843.95,mortgage,medical,salaried,southeast,0
27,51904.05,3.6,1.2,35672.62,36,16.04,1116.21,0.258,0.329,2,4,3,9871.51,own,education,self_employed,south,0
38,58106.18,5.5,15.0,38777.15,36,14.73,1415.54,0.292,0.786,0,4,1,0.0,mortgage,medical,contract,northeast,1
27,26125.68,0.0,6.2,8799.61,24,19.22,859.73,0.395,0.512,1,0,4,8135.3,rent,home_improvement,self_employed,southeast,0
29,51210.42,5.7,7.7,28600.29,36,13.12,973.98,0.228,0.287,1,0,3,1614.94,rent,medical,salaried,midwest,0
66,24851.17,4.3,40.0,13323.06,48,11.91,781.09,0.377,0.144,1,1,3,7562.71,rent,education,salaried,north,0
25,74384.88,9.6,1.0,45067.08,36,20.26,3535.42,0.57,0.291,1,1,5,6209.71,mortgage,education,salaried,northeast,1
44,21457.21,7.9,24.3,7521.51,24,22.23,552.19,0.309,0.414,1,0,2,9284.57,rent,home_improvement,salaried,southeast,1
61,60352.71,4.1,40.0,9228.47,48,11.59,2171.93,0.432,0.355,1,1,4,4495.72,mortgage,home_improvement,salaried,northeast,0
66,26219.95,8.9,39.4,5971.72,48,14.02,444.88,0.204,0.664,1,0,4,9798.92,own,debt_consolidation,salaried,southeast,0
28,80463.87,9.4,6.0,40910.15,60,18.89,3437.93,0.513,0.172,0,0,1,28664.01,rent,debt_consolidation,salaried,southeast,0
28,44282.94,3.4,1.0,26937.89,12,14.17,832.6,0.226,0.465,0,2,1,11848.73,rent,medical,salaried,southeast,0
38,22545.1,4.5,17.4,13443.88,48,17.0,738.53,0.393,0.066,0,0,4,14029.79,rent,small_business,salaried,south,0
47,27740.81,0.0,20.2,13529.73,48,17.78,559.75,0.242,0.277,2,2,5,9100.22,own,small_business,contract,southeast,0
67,47958.73,2.1,39.1,8315.93,48,12.14,465.19,0.116,0.807,0,1,0,24058.01,rent,debt_consolidation,salaried,south,0
30,53750.63,3.5,9.3,7035.52,24,16.26,1131.53,0.253,0.248,1,0,0,16773.93,mortgage,education,salaried,south,0
28,33533.47,6.8,8.3,20547.61,12,14.47,543.51,0.194,0.584,1,1,1,17779.43,rent,home_improvement,salaried,midwest,1
33,35198.42,2.7,6.7,16406.24,36,9.39,1648.59,0.562,0.128,1,1,3,21629.96,mortgage,education,salaried,north,1
62,47501.11,4.4,36.4,29123.34,24,10.34,885.61,0.224,0.282,3,0,2,11179.86,mortgage,debt_consolidation,contract,midwest,1
22,36510.51,1.6,5.3,8125.66,24,11.76,1844.35,0.606,0.441,0,2,3,22956.42,rent,debt_consolidation,salaried,southeast,1
39,20064.91,7.2,21.1,7557.98,60,18.4,578.32,0.346,0.695,3,4,1,696.13,own,debt_consolidation,contract,midwest,1
26,24552.06,8.2,14.4,17163.77,24,18.54,407.92,0.199,0.528,1,3,2,12918.89,rent,debt_consolidation,salaried,northeast,1
28,38129.76,8.1,2.3,8697.66,60,17.65,925.68,0.291,0.481,2,3,4,13055.36,mortgage,small_business,salaried,southeast,1
65,57555.36,6.5,40.0,9137.6,36,16.35,858.79,0.179,0.196,2,1,2,4558.32,own,education,contract,south,0
21,68098.65,0.3,1.0,36206.99,48,16.23,3008.76,0.53,0.412,0,3,2,25756.64,rent,home_improvement,salaried,south,1
36,47925.47,4.0,20.6,23701.92,24,15.67,578.23,0.145,0.446,0,1,0,0.0,mortgage,education,salaried,south,0
64,38974.47,4.9,40.0,28053.01,36,16.21,1791.87,0.552,0.398,1,2,2,17498.59,mortgage,medical,salaried,midwest,0
50,47311.18,4.9,29.2,32695.58,36,16.5,413.17,0.105,0.728,0,3,4,20578.71,rent,education,contract,south,0
24,26107.15,6.8,4.0,15459.12,60,8.6,526.03,0.242,0.209,0,1,0,9444.1,mortgage,small_business,salaried,southeast,1
43,32391.23,12.2,19.5,4277.88,24,11.18,419.84,0.156,0.155,0,2,2,5043.0,rent,home_improvement,contract,midwest,0
67,24437.28,9.7,40.0,10328.26,24,10.18,916.49,0.45,0.436,3,1,1,15433.42,mortgage,small_business,salaried,midwest,0
40,20445.7,2.5,6.8,13995.99,60,19.15,607.67,0.357,0.6,0,0,2,11892.14,mortgage,debt_consolidation,salaried,northeast,0
46,39739.09,9.2,23.1,15625.42,12,21.45,1944.71,0.587,0.545,1,1,4,15539.17,rent,debt_consolidation,salaried,south,0
46,37343.55,9.1,18.0,27117.09,36,5.5,864.31,0.278,0.652,2,6,5,1431.66,mortgage,debt_consolidation,salaried,midwest,1
52,46111.33,3.3,32.7,24488.23,12,21.07,391.96,0.102,0.776,0,3,2,7751.23,mortgage,home_improvement,salaried,southeast,0
29,43450.04,9.9,13.5,8210.23,12,14.86,1778.9,0.491,0.283,2,1,3,9696.57,rent,debt_consolidation,salaried,northeast,0
61,38250.45,5.9,39.6,16862.38,36,18.75,1252.48,0.393,0.184,1,2,4,17272.27,rent,home_improvement,salaried,north,1
68,43642.16,0.9,40.0,24362.75,36,16.63,1915.95,0.527,0.704,0,0,5,4050.45,rent,education,salaried,midwest,1
27,33930.62,8.3,3.9,5469.02,36,20.55,876.87,0.31,0.361,2,1,3,5369.12,own,home_improvement,salaried,southeast,1
60,41085.66,7.4,40.0,13851.18,36,15.38,1638.69,0.479,0.407,0,2,0,2357.23,rent,debt_consolidation,contract,north,0
60,25463.96,5.6,40.0,14559.3,48,8.77,365.78,0.172,0.543,0,0,2,2520.22,rent,home_improvement,salaried,southeast,0
56,40347.17,6.4,25.2,8834.21,60,14.06,2083.74,0.62,0.52,0,0,1,16247.84,rent,home_improvement,contract,northeast,0
38,45740.32,3.6,17.4,15526.74,24,16.67,662.36,0.174,0.929,1,1,4,22545.05,rent,debt_consolidation,self_employed,northeast,1
43,26075.04,8.9,27.4,14462.35,24,13.59,1147.5,0.528,0.552,1,4,1,12986.51,mortgage,small_business,self_employed,southeast,0
61,35304.63,6.3,34.0,21486.07,24,17.26,572.87,0.195,0.154,2,0,0,0.0,mortgage,debt_consolidation,salaried,southeast,0
28,26584.59,7.2,8.3,11874.34,48,14.22,1113.35,0.503,0.873,0,3,5,0.0,rent,home_improvement,salaried,northeast,1
60,27691.12,7.9,32.1,20015.7,24,12.0,1257.81,0.545,0.691,0,0,0,6442.97,rent,small_business,self_employed,southeast,0
65,21537.04,1.9,40.0,15139.65,36,9.94,993.19,0.553,0.467,1,3,4,7006.83,mortgage,home_improvement,self_employed,south,1
53,58784.03,2.9,32.4,24587.32,36,12.85,1650.3,0.337,0.6,0,1,5,36830.71,mortgage,medical,self_employed,northeast,0
37,54045.84,0.0,12.4,11942.66,36,15.36,1403.21,0.312,0.343,2,3,5,6707.98,mortgage,debt_consolidation,contract,northeast,1
47,43291.96,8.8,21.3,26275.92,48,6.27,1912.95,0.53,0.615,0,2,2,5831.42,rent,home_improvement,salaried,north,1
23,79088.46,1.7,1.0,21605.22,36,11.22,2589.65,0.393,0.225,2,1,3,47075.65,own,debt_consolidation,contract,north,1
65,31904.96,7.0,40.0,20769.41,36,6.11,1104.68,0.415,0.395,1,3,4,11188.63,rent,medical,contract,north,0
37,123418.98,8.0,11.6,60463.08,24,11.91,2133.88,0.207,0.308,2,4,1,35031.94,mortgage,debt_consolidation,contract,south,0
23,31396.06,8.9,1.0,11562.5,36,19.53,839.65,0.321,0.533,0,3,2,2187.41,mortgage,small_business,salaried,southeast,1
59,38452.59,1.7,35.1,18092.77,24,9.52,895.63,0.28,0.475,2,1,2,470.81,rent,home_improvement,self_employed,northeast,0
52,29229.49,6.2,29.6,13318.99,48,17.45,1069.98,0.439,0.133,2,2,1,0.0,rent,medical,salaried,north,1
50,40391.58,13.2,33.5,28378.39,36,26.47,626.41,0.186,0.525,1,2,3,10601.8,mortgage,small_business,salaried,midwest,0
23,49067.8,13.4,1.0,12514.68,12,20.6,1223.04,0.299,0.141,0,2,2,22854.93,mortgage,home_improvement,contract,northeast,0
57,32930.52,10.4,33.8,23207.45,24,15.06,1477.25,0.538,0.596,1,2,0,5693.92,own,small_business,salaried,midwest,0
51,72854.7,7.8,29.9,10181.07,36,18.11,2277.2,0.375,0.571,0,1,0,30570.24,mortgage,education,self_employed,south,0
59,38194.34,2.5,30.3,23092.23,60,8.75,1794.7,0.564,0.248,0,2,3,0.0,own,debt_consolidation,salaried,south,1
60,38700.35,9.4,40.0,27066.67,24,7.89,662.95,0.206,0.127,5,1,3,0.0,mortgage,debt_consolidation,salaried,southeast,0
31,23581.58,5.9,1.0,8683.98,24,14.62,624.02,0.318,0.577,2,2,5,0.0,mortgage,debt_consolidation,salaried,northeast,1
31,41182.54,8.7,8.1,6837.63,36,16.17,1201.93,0.35,0.654,2,0,0,1431.7,own,home_improvement,salaried,south,0
65,32653.54,4.0,40.0,20471.83,60,19.1,806.29,0.296,0.272,1,4,1,20914.71,own,small_business,salaried,southeast,1
46,26756.68,5.8,24.8,17418.73,48,12.11,1002.54,0.45,0.46,0,1,2,0.0,rent,medical,self_employed,southeast,1
42,24931.34,7.2,26.5,8273.27,12,15.31,333.06,0.16,0.365,0,4,4,471.96,mortgage,small_business,salaried,northeast,1
34,106100.35,7.5,11.6,47396.49,36,15.17,3187.22,0.36,0.96,0,0,2,51965.73,rent,debt_consolidation,self_employed,northeast,1
51,30925.6,8.5,26.5,19482.06,48,13.95,399.29,0.155,0.392,1,2,2,1859.61,own,small_business,salaried,midwest,0
57,18733.45,4.2,31.0,4514.52,48,14.2,655.31,0.42,0.475,1,2,5,2070.09,mortgage,home_improvement,salaried,north,0
21,25764.35,1.1,1.0,13300.97,36,10.91,1134.35,0.528,0.853,0,3,0,2543.44,mortgage,small_business,salaried,southeast,1
47,33804.24,13.0,33.9,13227.51,48,15.67,255.78,0.091,0.25,1,0,5,3131.84,own,small_business,salaried,south,0
68,43460.17,16.5,40.0,9990.71,36,15.32,1183.37,0.327,0.497,0,1,1,685.37,rent,small_business,self_employed,southeast,0
34,43608.81,8.3,1.8,28075.67,24,12.65,1257.61,0.346,0.498,0,1,0,13434.93,mortgage,medical,salaried,southeast,1
34,45898.06,1.2,15.9,14896.17,12,17.3,1793.61,0.469,0.521,1,0,3,13571.37,rent,debt_consolidation,self_employed,midwest,0
63,26348.29,3.4,33.6,18672.73,36,18.82,264.25,0.12,0.318,1,3,1,756.38,rent,education,self_employed,northeast,0
23,39854.28,8.5,4.2,19067.42,12,17.34,993.87,0.299,0.929,0,2,4,21905.75,rent,medical,salaried,southeast,1
40,23910.07,11.9,17.8,10619.45,36,10.12,1004.54,0.504,0.627,0,3,4,0.0,mortgage,debt_consolidation,contract,northeast,0
42,26628.84,1.6,16.2,10296.91,48,14.92,815.19,0.367,0.391,0,1,2,6167.81,rent,education,self_employed,midwest,1
59,23495.45,6.0,39.7,8750.24,48,10.67,949.45,0.485,0.197,2,2,4,0.0,own,debt_consolidation,salaried,southeast,1
27,20970.6,7.3,1.0,13323.01,12,14.91,483.31,0.277,0.627,1,3,1,693.49,rent,small_business,salaried,north,1
41,54012.35,10.0,17.7,29535.33,12,10.69,2596.41,0.577,0.479,4,2,2,20068.35,rent,debt_consolidation,salaried,southeast,0
28,46129.91,5.1,2.9,28020.45,36,19.86,468.09,0.122,0.496,1,0,0,5488.68,rent,debt_consolidation,salaried,southeast,0
58,52062.46,0.2,36.2,20058.78,36,17.79,560.66,0.129,0.608,1,0,3,0.0,rent,small_business,salaried,south,0
51,35119.49,9.0,25.0,9998.71,12,19.34,1069.34,0.365,0.463,0,1,4,10341.19,mortgage,home_improvement,salaried,southeast,0
44,47870.72,11.0,13.9,8364.22,48,18.92,1333.38,0.334,0.446,2,3,4,27699.37,own,debt_consolidation,salaried,southeast,0
39,18000.0,6.2,16.6,10967.28,24,13.36,637.16,0.425,0.295,0,1,2,6230.77,rent,small_business,salaried,southeast,1
28,49637.25,8.1,1.0,18942.77,12,12.71,842.55,0.204,0.788,1,1,5,3041.42,rent,home_improvement,salaried,southeast,0
65,37212.14,4.6,40.0,16403.52,48,21.82,626.58,0.202,0.599,0,0,3,4311.17,rent,debt_consolidation,self_employed,northeast,0
52,44953.6,3.1,25.6,18686.59,36,13.81,1815.07,0.485,0.207,1,2,3,11394.23,mortgage,education,salaried,southeast,1
36,40522.38,10.6,10.8,15869.25,36,8.81,802.19,0.238,0.544,0,0,1,4478.59,rent,medical,salaried,southeast,0
40,22821.01,8.0,21.8,12571.11,36,18.73,899.03,0.473,0.475,1,2,5,4527.6,rent,home_improvement,salaried,northeast,0
55,18413.2,8.5,31.0,9271.09,60,15.1,653.64,0.426,0.702,0,0,4,5204.57,mortgage,medical,salaried,northeast,0
55,25615.1,12.5,32.0,18760.34,12,20.82,266.82,0.125,0.435,2,2,5,12832.14,mortgage,medical,salaried,northeast,0
43,43794.58,2.3,23.8,9087.79,36,15.52,1693.43,0.464,0.152,3,0,2,24169.25,rent,home_improvement,salaried,south,0
35,46158.59,4.3,10.4,22216.92,24,14.42,2134.6,0.555,0.326,1,3,3,5102.35,mortgage,medical,salaried,north,1
52,19447.31,7.1,28.3,3108.48,36,20.91,844.32,0.521,0.432,1,4,0,10619.27,mortgage,education,salaried,southeast,1
52,22878.17,4.2,29.3,14390.11,36,8.04,161.64,0.085,0.369,0,0,3,3010.57,rent,medical,salaried,midwest,1
49,25495.09,9.6,26.3,12958.54,36,12.04,789.17,0.371,0.571,1,2,3,12010.72,mortgage,debt_consolidation,salaried,south,1
24,29730.59,5.8,1.4,11591.32,24,10.77,1420.14,0.573,0.327,0,0,4,11266.53,rent,education,salaried,north,1
43,19495.49,2.5,21.7,12192.65,48,5.5,655.23,0.403,0.454,0,0,4,6970.09,rent,debt_consolidation,salaried,southeast,1
50,19010.34,6.8,26.4,7730.59,36,18.17,375.1,0.237,0.499,2,2,5,4601.71,rent,education,salaried,north,1
66,24460.85,7.2,40.0,6445.56,48,12.16,377.22,0.185,0.23,3,1,5,10518.18,mortgage,debt_consolidation,self_employed,north,1
46,35818.74,10.2,11.0,14960.61,36,18.3,1342.82,0.45,0.24,0,1,1,10538.96,mortgage,education,salaried,southeast,0
37,21039.36,8.1,20.3,3463.58,48,16.13,870.46,0.496,0.325,1,0,5,9049.92,mortgage,medical,contract,south,1
47,32904.43,8.3,26.6,22561.0,36,17.05,1570.63,0.573,0.182,1,1,0,5904.34,rent,home_improvement,contract,southeast,1
29,53884.18,7.8,8.3,31279.97,36,12.59,2555.4,0.569,0.573,2,3,2,0.0,mortgage,home_improvement,salaried,southeast,1
25,19995.3,5.7,1.0,11977.16,48,11.29,438.58,0.263,0.735,2,2,5,4904.59,own,debt_consolidation,contract,south,1
53,31675.31,3.6,35.9,21251.94,48,14.88,1071.93,0.406,0.252,0,2,3,0.0,mortgage,debt_consolidation,salaried,northeast,0
68,53124.73,7.7,40.0,32867.78,36,18.36,596.86,0.135,0.754,1,2,5,0.0,mortgage,medical,contract,south,1
61,28979.02,5.2,36.9,11361.72,36,14.29,316.38,0.131,0.636,1,3,3,9299.27,mortgage,education,contract,south,0
49,27148.0,13.3,24.5,5286.83,36,11.55,268.3,0.119,0.486,0,2,4,7550.81,own,education,salaried,southeast,0
22,56312.3,11.9,1.0,20003.24,36,9.46,2724.85,0.581,0.251,1,1,3,0.0,mortgage,education,salaried,southeast,0
68,30375.61,9.0,39.5,21520.31,36,15.36,410.86,0.162,0.443,0,2,5,0.0,mortgage,small_business,self_employed,southeast,1
42,54934.01,8.0,21.0,39438.61,48,12.17,1558.55,0.34,0.499,0,0,0,7313.14,own,home_improvement,salaried,northeast,1
34,41363.97,6.1,10.1,24973.85,36,14.2,1081.87,0.314,0.21,0,0,2,26572.87,own,home_improvement,salaried,southeast,0
63,29911.71,1.5,40.0,7441.77,36,13.5,636.56,0.255,0.578,2,0,4,8941.82,own,debt_consolidation,salaried,midwest,0
56,42254.66,5.6,32.6,10246.9,36,12.63,1304.17,0.37,0.176,0,1,2,21443.57,rent,education,salaried,midwest,0
56,39521.05,6.9,36.6,26647.31,60,15.73,268.44,0.082,0.163,0,0,5,11944.26,mortgage,medical,salaried,north,0
34,53038.36,7.4,11.8,11106.61,24,16.83,1260.9,0.285,0.103,1,0,3,7681.85,rent,home_improvement,self_employed,southeast,1
68,27438.29,8.4,40.0,13390.07,24,22.75,774.78,0.339,0.726,0,2,0,0.0,rent,home_improvement,salaried,southeast,0
42,35147.42,10.2,17.2,12593.27,24,17.68,1504.85,0.514,0.185,1,0,3,9278.44,mortgage,small_business,self_employed,southeast,0
46,33663.3,3.7,30.6,10444.61,36,21.19,1286.28,0.459,0.1,1,2,1,20729.28,rent,small_business,self_employed,south,1
57,46431.91,3.8,33.3,25386.68,36,11.06,2085.07,0.539,0.182,0,2,2,9845.31,mortgage,small_business,self_employed,north,1
52,22458.51,12.3,34.5,16271.83,36,7.78,530.02,0.283,0.667,0,1,0,2801.94,rent,debt_consolidation,salaried,northeast,0
29,52951.43,9.6,9.8,32295.57,24,14.44,688.76,0.156,0.333,1,1,5,17410.9,own,education,salaried,north,0
35,42018.2,4.9,6.8,17911.62,48,18.1,1038.45,0.297,0.303,1,1,2,20233.27,rent,education,salaried,north,1
38,19868.51,6.1,12.4,7900.68,36,17.44,993.51,0.6,0.549,3,1,4,6454.46,rent,debt_consolidation,salaried,south,1
66,57381.11,6.1,37.8,39697.88,36,19.59,935.97,0.196,0.369,1,2,2,11913.92,mortgage,small_business,salaried,south,0
55,88284.43,6.6,25.0,42747.98,12,5.5,1282.83,0.174,0.371,0,5,5,53175.22,mortgage,home_improvement,self_employed,southeast,0
38,52615.72,8.4,18.5,22776.43,12,19.76,2586.69,0.59,0.599,2,0,2,11728.49,mortgage,medical,salaried,midwest,1
56,62902.02,16.6,26.3,34607.85,12,15.91,3108.19,0.593,0.79,0,1,0,8244.97,mortgage,medical,salaried,northeast,0
56,35805.47,7.3,39.6,9646.24,36,8.02,479.16,0.161,0.708,3,1,2,17933.06,own,small_business,salaried,southeast,0
39,18000.0,9.2,12.6,2882.76,36,17.54,743.26,0.496,0.552,2,1,0,11063.72,rent,home_improvement,self_employed,north,1
40,18000.0,0.0,19.2,11856.96,24,15.21,468.09,0.312,0.756,3,2,4,11214.44,rent,medical,salaried,midwest,1
63,38450.79,4.6,40.0,19324.4,24,16.1,1108.01,0.346,0.573,0,3,5,8174.31,rent,debt_consolidation,self_employed,north,0
47,26940.04,11.4,21.2,6031.14,12,18.7,784.16,0.349,0.511,3,1,1,15028.97,rent,home_improvement,contract,southeast,0
28,23526.39,8.1,1.0,7240.72,36,16.31,1182.05,0.603,0.216,1,1,0,2258.52,mortgage,home_improvement,salaried,midwest,1
55,33645.9,0.0,27.9,25021.04,12,8.31,503.89,0.18,0.189,1,4,4,12988.56,rent,debt_consolidation,contract,northeast,0
49,44736.54,9.2,25.0,23248.99,12,13.9,1854.53,0.497,0.727,0,1,4,17752.3,rent,medical,salaried,southeast,0
45,18766.75,14.2,21.4,9772.8,12,7.71,150.0,0.096,0.106,0,1,4,2975.33,mortgage,debt_consolidation,salaried,southeast,0
55,28608.85,0.0,29.6,4733.71,36,17.23,1000.0,0.419,0.418,0,3,3,5009.1,mortgage,education,self_employed,southeast,1
64,65130.33,12.6,39.6,47575.42,60,20.37,2347.11,0.432,0.384,0,0,3,32815.67,own,education,self_employed,southeast,0
36,21990.79,0.0,10.6,15007.68,36,9.29,892.46,0.487,0.446,2,1,1,2331.84,mortgage,small_business,self_employed,northeast,1
41,49776.57,10.3,17.1,23151.23,12,11.68,2405.95,0.58,0.341,1,2,1,28608.52,rent,debt_consolidation,salaried,north,0
30,28181.28,6.5,3.2,8874.71,60,10.79,1143.86,0.487,0.576,2,2,3,14402.08,rent,home_improvement,salaried,north,1
52,43444.23,0.0,36.3,24318.99,60,12.59,1720.96,0.475,0.815,1,0,5,17702.03,rent,medical,salaried,southeast,1
40,54768.89,8.3,17.6,35327.35,36,16.23,990.61,0.217,0.891,3,0,1,2360.21,rent,home_improvement,salaried,northeast,0
37,47161.74,11.1,20.2,29016.57,12,12.64,2421.49,0.616,0.4,0,3,2,19952.18,mortgage,debt_consolidation,salaried,southeast,0
54,50607.09,8.0,29.8,37223.53,48,17.24,1404.1,0.333,0.347,0,1,3,22463.22,own,education,contract,southeast,1
40,21297.2,8.8,9.6,11100.5,60,18.97,542.05,0.305,0.245,0,1,0,5435.36,rent,education,salaried,midwest,0
43,55145.87,4.9,22.1,17777.48,48,19.13,1613.08,0.351,0.393,0,0,3,3993.75,rent,small_business,salaried,north,0
42,24145.88,0.0,18.4,10471.93,36,9.8,589.14,0.293,0.375,0,0,0,10785.78,rent,home_improvement,salaried,north,0
33,38522.88,9.3,6.6,24434.28,36,20.32,1285.91,0.401,0.351,1,1,4,4223.37,mortgage,debt_consolidation,self_employed,south,0
27,38501.92,13.5,13.3,11056.44,60,20.66,862.43,0.269,0.612,1,4,5,3802.99,own,debt_consolidation,contract,midwest,0
60,42351.18,11.0,39.3,11256.4,12,21.02,739.63,0.21,0.435,0,3,5,0.0,rent,small_business,self_employed,south,0
25,39796.0,0.0,1.0,22948.2,12,13.84,1927.18,0.581,0.213,2,1,0,6733.43,mortgage,medical,salaried,northeast,0
36,24236.13,0.4,26.0,9694.19,48,11.34,1173.49,0.581,0.685,2,1,3,7340.86,rent,education,self_employed,southeast,1
53,19595.51,3.1,34.4,12432.16,12,10.37,568.22,0.348,0.215,3,2,2,0.0,mortgage,small_business,contract,southeast,1
27,49830.7,0.1,1.0,10490.39,36,9.87,2489.71,0.6,0.482,1,3,2,18947.21,rent,small_business,salaried,north,1
52,37348.59,6.7,24.5,12380.64,24,14.55,947.68,0.304,0.618,2,0,4,20518.65,rent,education,salaried,southeast,0
56,55979.36,8.1,31.3,16172.6,24,18.06,1349.03,0.289,0.626,0,4,5,20994.17,mortgage,home_improvement,salaried,north,0
52,33901.42,0.8,25.0,18973.16,12,19.99,1624.81,0.575,0.354,2,1,3,9839.94,rent,medical,salaried,southeast,1
35,19145.65,9.6,11.0,11456.33,36,12.46,672.93,0.422,0.463,4,0,3,1764.43,rent,small_business,contract,midwest,1
21,51832.59,8.9,1.0,21110.47,36,14.34,2124.1,0.492,0.143,0,2,3,16343.28,rent,debt_consolidation,self_employed,north,0
63,29567.89,4.3,40.0,12452.77,36,14.06,746.3,0.303,0.436,0,1,3,9305.06,rent,small_business,salaried,southeast,0
36,39880.45,5.8,12.5,8102.91,24,11.83,996.28,0.3,0.696,1,3,2,21517.03,mortgage,debt_consolidation,salaried,south,0
59,26319.54,0.0,38.8,14795.58,60,17.59,274.13,0.125,0.397,2,1,4,15630.68,rent,small_business,salaried,midwest,0
30,68913.45,5.2,1.3,51351.56,36,16.02,3457.4,0.602,0.463,1,3,3,17354.0,mortgage,education,contract,southeast,1
28,23905.0,6.5,1.0,14584.22,60,15.1,404.59,0.203,0.076,2,3,3,0.0,mortgage,education,salaried,southeast,0
58,29979.81,7.2,28.8,7811.56,36,16.0,866.68,0.347,0.519,0,3,0,13082.71,rent,debt_consolidation,salaried,southeast,0
66,36139.02,8.0,40.0,18523.68,12,17.08,427.31,0.142,0.436,1,1,1,22057.23,rent,education,self_employed,southeast,0
62,21835.3,7.5,40.0,6677.73,48,17.04,781.26,0.429,0.58,1,0,1,13141.56,mortgage,debt_consolidation,salaried,southeast,1
57,39688.56,5.4,28.3,5517.16,48,10.98,962.69,0.291,0.573,1,1,3,25893.47,mortgage,small_business,salaried,southeast,0
32,67982.28,7.6,6.6,15859.48,12,18.26,2801.65,0.495,0.515,1,1,0,11800.54,mortgage,debt_consolidation,self_employed,southeast,0
64,28113.52,10.5,39.5,5190.71,36,15.57,855.88,0.365,0.883,6,2,2,15327.17,mortgage,small_business,salaried,north,1
53,40780.53,6.1,32.9,9927.51,36,12.67,509.48,0.15,0.725,3,0,2,0.0,own,medical,salaried,southeast,0
29,18000.0,7.8,4.1,11182.15,12,15.48,150.0,0.1,0.578,0,1,4,171.06,mortgage,debt_consolidation,salaried,southeast,0
27,33984.16,5.8,8.9,10347.64,36,15.95,551.46,0.195,0.791,2,3,0,12865.43,own,education,salaried,midwest,1
62,30288.47,3.9,36.1,18080.25,24,19.04,1189.19,0.471,0.388,1,1,3,0.0,mortgage,education,salaried,midwest,1
34,24495.16,8.6,4.8,17582.22,12,10.11,1076.56,0.527,0.451,3,0,3,2447.57,own,education,salaried,south,1
57,54404.88,4.3,26.7,26211.84,48,20.06,1198.36,0.264,0.478,4,2,4,0.0,own,medical,salaried,south,0
27,30120.99,8.0,1.0,12825.75,36,14.6,927.22,0.369,0.409,0,1,1,0.0,rent,home_improvement,salaried,south,1
34,32063.05,6.6,17.2,18999.92,48,12.37,560.05,0.21,0.72,0,3,3,878.48,mortgage,debt_consolidation,salaried,north,0
34,29483.29,5.3,10.1,5341.39,48,12.25,1364.68,0.555,0.375,0,2,2,11417.83,rent,education,salaried,north,1
34,18000.0,5.2,1.4,7015.93,60,10.29,901.82,0.601,0.512,0,1,1,3698.84,own,small_business,salaried,southeast,1
53,21473.3,4.5,33.9,9324.99,36,7.19,870.72,0.487,0.605,0,2,0,8333.57,rent,education,self_employed,south,1
64,51723.07,0.0,40.0,33287.02,36,17.35,551.71,0.128,0.711,0,1,2,19543.9,mortgage,education,salaried,midwest,0
64,18000.0,8.0,34.6,11393.23,24,22.82,474.07,0.316,0.321,1,3,2,0.0,rent,education,self_employed,midwest,0
56,25037.94,7.4,30.2,16385.01,36,7.71,1282.93,0.615,0.288,0,3,0,9855.32,own,home_improvement,self_employed,southeast,0
30,29205.65,9.9,1.0,16345.23,36,10.51,496.17,0.204,0.237,0,0,4,0.0,own,home_improvement,salaried,north,0
67,71848.94,4.4,40.0,32637.39,48,17.66,2646.76,0.442,0.775,0,2,4,37054.2,mortgage,medical,salaried,midwest,1
47,47706.05,14.1,28.5,30606.49,36,14.31,2332.92,0.587,0.359,3,2,1,26245.57,rent,home_improvement,contract,south,0
47,27336.78,5.0,18.5,18320.23,12,18.0,1133.41,0.498,0.341,2,2,0,14312.32,mortgage,small_business,salaried,south,0
54,59748.28,3.0,36.4,25255.92,48,14.07,2035.35,0.409,0.52,0,0,4,17086.37,rent,education,salaried,south,0
57,25310.72,2.5,34.9,18754.41,48,12.06,745.87,0.354,0.255,3,2,0,12763.23,own,debt_consolidation,salaried,midwest,1
66,52776.53,0.0,40.0,35420.2,36,13.55,2557.73,0.582,0.843,3,2,2,6324.86,rent,education,contract,northeast,1
48,19521.5,12.6,20.3,8620.61,36,5.5,476.9,0.293,0.404,0,3,1,11779.88,mortgage,debt_consolidation,salaried,midwest,0
50,54218.0,12.0,24.2,8872.84,36,9.7,2560.38,0.567,0.7,1,0,1,0.0,rent,medical,contract,north,1
56,29127.09,8.9,30.9,7614.69,48,18.48,759.17,0.313,0.378,0,0,4,8965.17,own,small_business,salaried,northeast,0
33,22427.16,2.9,11.8,13661.08,36,19.51,913.04,0.489,0.733,2,1,1,4454.93,mortgage,debt_consolidation,salaried,southeast,1
35,31533.31,13.7,6.5,5992.19,36,20.41,1509.62,0.574,0.375,1,0,1,16504.52,own,education,salaried,south,0
51,38811.99,5.1,9.9,16144.78,12,16.35,1220.47,0.377,0.45,0,2,1,16861.18,rent,medical,salaried,southeast,0
24,28062.96,5.4,1.0,14061.14,24,5.5,578.41,0.247,0.683,0,0,0,4748.87,mortgage,debt_consolidation,salaried,southeast,1
36,43593.38,12.2,12.6,29353.97,48,11.83,390.64,0.108,0.696,1,4,4,2756.56,rent,debt_consolidation,self_employed,northeast,0
55,27041.89,9.1,37.8,17676.79,36,20.06,1165.06,0.517,0.379,1,0,2,15111.96,mortgage,small_business,self_employed,northeast,1
67,44826.57,15.3,40.0,26962.96,12,21.32,1553.56,0.416,0.596,2,0,1,30510.82,rent,small_business,salaried,southeast,0
45,41594.92,7.5,23.0,15674.94,24,20.22,769.66,0.222,0.325,1,3,1,0.0,mortgage,debt_consolidation,salaried,northeast,0
40,33671.68,4.9,19.4,7058.16,36,13.51,1553.95,0.554,0.627,2,2,5,15614.78,mortgage,small_business,salaried,southeast,1
42,28699.05,4.1,19.1,15551.42,48,9.01,1379.86,0.577,0.567,0,1,3,6881.3,rent,small_business,salaried,north,1
53,36814.5,0.0,22.0,8622.39,36,14.33,1715.16,0.559,0.278,1,0,4,5998.14,mortgage,medical,self_employed,northeast,0
47,43525.69,5.4,18.4,20614.99,48,14.56,1468.34,0.405,0.466,0,0,5,0.0,own,education,salaried,southeast,0
22,82121.54,11.1,1.0,60591.51,48,21.08,4156.4,0.607,0.301,0,4,2,27917.61,mortgage,debt_consolidation,contract,north,1
46,51254.39,8.9,28.4,23920.18,24,15.46,2359.39,0.552,0.373,2,0,2,0.0,mortgage,education,salaried,southeast,0
40,52047.69,6.6,11.0,27413.56,48,14.57,591.18,0.136,0.414,2,0,5,29952.48,rent,home_improvement,salaried,southeast,1
54,126396.0,2.5,31.2,69122.5,12,14.81,6422.99,0.61,0.064,0,0,3,20729.88,mortgage,home_improvement,salaried,south,0
63,42903.24,7.4,40.0,27592.99,36,16.18,1345.57,0.376,0.49,1,1,1,12769.97,own,debt_consolidation,salaried,southeast,0
67,42342.66,10.6,40.0,16684.61,12,17.13,2035.34,0.577,0.277,0,2,5,8465.25,rent,education,salaried,midwest,0
50,46429.32,8.2,22.4,20123.92,12,11.46,1898.12,0.491,0.319,0,3,4,18455.72,own,medical,salaried,north,0
38,22611.96,7.2,25.9,5220.25,12,10.06,809.67,0.43,0.588,1,1,2,733.06,mortgage,debt_consolidation,salaried,midwest,0
42,28668.7,3.3,22.7,14542.15,12,20.26,612.56,0.256,0.296,4,1,1,2997.29,rent,debt_consolidation,salaried,south,0
29,27928.67,10.0,6.5,8555.32,48,7.61,220.16,0.095,0.329,1,1,3,9256.35,rent,small_business,salaried,southeast,0
65,45342.4,0.0,38.7,19941.75,36,21.38,866.94,0.229,0.764,2,1,3,17543.47,mortgage,medical,contract,south,1
61,32107.56,8.0,40.0,19358.64,60,6.48,1204.95,0.45,0.15,3,1,1,6800.33,own,small_business,self_employed,southeast,0
61,36609.16,16.8,40.0,4798.33,36,12.04,1665.97,0.546,0.471,1,2,0,1176.41,mortgage,debt_consolidation,salaried,north,0
36,54542.25,0.5,9.7,25922.12,36,18.58,369.37,0.081,0.324,1,0,4,0.0,mortgage,medical,salaried,southeast,0
36,49638.56,5.5,15.1,11380.65,24,14.5,795.48,0.192,0.552,2,4,5,5437.35,own,small_business,salaried,southeast,1
62,32275.93,6.5,36.6,9554.05,36,8.97,1192.75,0.443,0.268,0,2,5,0.0,rent,home_improvement,contract,midwest,0
47,26071.6,4.6,29.0,3698.76,36,16.29,506.58,0.233,0.305,0,0,2,3994.83,rent,debt_consolidation,self_employed,northeast,0
54,55648.78,10.6,37.1,12619.0,60,14.78,725.84,0.157,0.284,0,4,4,1751.32,mortgage,debt_consolidation,self_employed,north,0
44,47812.11,8.4,17.6,35456.34,60,13.59,495.04,0.124,0.71,1,3,3,6536.87,mortgage,small_business,self_employed,north,1
42,18000.0,7.1,17.9,13483.25,24,11.88,636.68,0.424,0.507,2,1,1,0.0,rent,education,self_employed,south,1
51,30287.05,9.7,23.8,17369.75,36,14.35,1012.66,0.401,0.319,0,0,5,5403.53,mortgage,education,salaried,north,0
60,37031.22,6.6,39.4,18718.16,36,12.06,1677.67,0.544,0.783,1,0,2,13876.37,rent,medical,salaried,north,0
37,47911.39,19.2,17.6,29202.68,36,24.73,998.2,0.25,0.112,1,0,0,17282.59,mortgage,home_improvement,self_employed,north,0
59,50627.12,7.1,29.9,34670.93,12,13.49,648.99,0.154,0.139,4,1,0,19459.49,own,small_business,salaried,north,0
32,38919.1,7.3,15.9,17403.15,36,12.93,1659.07,0.512,0.477,1,2,5,0.0,rent,small_business,salaried,northeast,0
40,44170.13,0.0,11.4,6282.27,48,12.23,2258.64,0.614,0.335,1,5,0,15033.98,mortgage,home_improvement,self_employed,southeast,1
64,35487.56,4.3,35.1,20118.58,24,21.96,812.1,0.275,0.447,1,2,3,6024.07,own,debt_consolidation,self_employed,north,1
66,26029.41,11.1,39.1,19269.56,36,7.62,1187.13,0.547,0.944,1,3,2,10094.26,rent,medical,salaried,southeast,1
65,30954.35,1.2,40.0,8746.88,12,16.01,1268.55,0.492,0.499,1,1,4,17110.28,rent,debt_consolidation,salaried,north,0
36,34821.01,0.0,16.7,14345.68,60,13.49,1660.54,0.572,0.707,2,3,4,10973.37,own,medical,salaried,northeast,1
61,34044.87,6.6,38.9,11834.1,12,8.52,877.11,0.309,0.511,0,2,2,21763.37,mortgage,medical,salaried,south,0
65,18000.0,12.0,40.0,6587.9,24,11.06,202.05,0.135,0.437,1,2,3,2495.85,rent,debt_consolidation,salaried,midwest,0
67,29233.1,6.7,40.0,16793.89,24,15.83,350.58,0.144,0.456,2,0,4,1024.56,rent,debt_consolidation,self_employed,south,1
22,35369.54,5.2,1.0,12676.26,48,10.87,1450.53,0.492,0.385,1,1,4,3356.8,rent,education,salaried,southeast,1
56,30694.07,0.0,30.1,21881.28,48,15.59,1397.09,0.546,0.928,1,1,5,1146.16,mortgage,small_business,self_employed,midwest,1
68,31142.66,8.3,40.0,19230.12,12,21.76,848.09,0.327,0.725,1,1,4,0.0,own,small_business,salaried,southeast,1
57,42402.24,9.1,31.0,5826.81,24,15.22,396.35,0.112,0.705,2,1,2,25961.84,mortgage,debt_consolidation,salaried,midwest,0
32,21956.93,0.0,7.0,13957.71,48,8.4,212.29,0.116,0.613,2,5,3,5211.26,rent,medical,salaried,north,1
57,18000.0,11.0,27.2,10924.2,36,10.94,604.87,0.403,0.267,3,0,4,9457.96,own,small_business,self_employed,south,0
26,29844.88,9.6,1.0,13292.64,12,13.3,1432.7,0.576,0.441,1,3,1,16129.01,rent,small_business,contract,northeast,1
44,47616.19,11.0,16.2,20617.57,60,13.02,1173.64,0.296,0.478,0,1,5,23058.87,rent,medical,salaried,southeast,0
51,70176.75,8.8,25.9,45360.98,24,15.14,2522.47,0.431,0.534,0,2,2,29536.4,own,education,salaried,midwest,0
42,47977.81,9.1,14.6,18596.91,36,15.81,1490.05,0.373,0.208,1,4,4,6021.33,rent,education,salaried,south,0
54,18644.92,8.6,36.8,4110.48,24,21.77,870.83,0.56,0.61,0,2,3,10313.27,mortgage,medical,salaried,southeast,1
32,31332.33,10.0,9.5,9936.3,48,14.48,1382.51,0.529,0.604,1,0,5,13694.45,own,medical,salaried,north,1
50,38475.86,0.0,27.2,11045.56,48,9.66,601.66,0.188,0.194,0,2,4,14519.83,rent,education,salaried,south,0
51,37219.51,0.5,29.1,20436.01,36,19.35,1382.93,0.446,0.752,1,1,4,14344.42,mortgage,education,contract,midwest,0
51,43325.99,3.6,26.0,10081.53,36,19.8,1941.19,0.538,0.425,0,0,4,26048.71,own,debt_consolidation,salaried,south,1
34,23501.97,6.0,8.1,12366.89,60,15.48,1140.5,0.582,0.586,0,1,1,12597.95,rent,medical,contract,north,1
35,35499.58,8.1,10.2,14681.18,48,13.47,1179.06,0.399,0.673,2,3,2,808.81,own,medical,self_employed,northeast,1
33,41214.1,7.8,10.8,26747.39,36,17.11,601.01,0.175,0.137,1,1,4,0.0,rent,small_business,self_employed,northeast,0
43,48863.3,11.0,23.3,20793.74,36,13.61,1553.22,0.381,0.731,1,3,2,9953.26,own,small_business,salaried,southeast,1
49,24626.99,11.1,21.1,17381.15,48,5.87,902.05,0.44,0.58,3,3,3,10806.13,rent,small_business,salaried,midwest,1
38,29882.67,3.0,13.4,20538.23,12,16.87,565.64,0.227,0.48,1,0,3,0.0,mortgage,small_business,salaried,northeast,0
40,18000.0,7.5,21.6,4261.16,12,18.25,908.13,0.605,0.917,2,3,0,7554.6,mortgage,debt_consolidation,salaried,midwest,1
34,26608.5,3.1,11.9,14695.47,24,20.55,451.98,0.204,0.839,3,1,2,3220.62,rent,small_business,salaried,north,1
31,27715.46,5.7,15.8,7073.36,48,11.43,1321.4,0.572,0.919,1,1,1,15829.75,rent,home_improvement,salaried,northeast,1
52,22511.34,7.8,28.8,14377.58,24,15.45,580.79,0.31,0.331,2,1,0,11338.55,mortgage,small_business,self_employed,south,0
60,37032.72,0.0,37.9,19275.74,24,15.54,247.81,0.08,0.598,1,1,1,8541.3,own,medical,salaried,north,1
34,33742.14,16.1,13.6,10301.28,36,14.86,1049.88,0.373,0.764,2,0,1,9043.6,rent,debt_consolidation,salaried,midwest,1
62,18000.0,8.8,31.9,4985.06,24,14.98,628.91,0.419,0.432,0,1,4,10352.04,mortgage,medical,salaried,midwest,1
48,37816.97,4.1,30.2,14772.59,24,14.66,1731.56,0.549,0.421,1,1,1,5873.62,rent,small_business,salaried,north,1
29,23390.94,14.2,2.8,14606.6,36,15.39,724.93,0.372,0.927,1,3,4,7066.7,mortgage,medical,salaried,southeast,1
38,42361.25,5.1,5.2,26330.98,24,17.61,461.84,0.131,0.381,3,1,1,22978.07,mortgage,debt_consolidation,salaried,south,0
21,20163.36,7.0,1.0,2843.58,60,19.63,975.37,0.58,0.368,1,2,4,8284.68,mortgage,debt_consolidation,contract,southeast,1
22,34982.48,4.6,1.0,10860.0,24,11.32,1123.2,0.385,0.414,0,1,3,20438.37,mortgage,small_business,self_employed,midwest,0
37,30670.96,13.1,19.1,11851.14,48,13.78,579.24,0.227,0.391,2,1,0,9317.0,rent,small_business,contract,south,0
42,39234.15,6.1,25.1,19182.23,36,12.73,1848.53,0.565,0.323,1,1,0,14072.74,rent,education,salaried,midwest,0
59,36401.78,7.1,37.9,7797.33,12,12.12,440.74,0.145,0.302,0,1,0,23262.44,rent,small_business,self_employed,southeast,0
27,31033.76,11.3,7.1,10279.26,12,7.71,343.03,0.133,0.518,2,2,2,14867.5,mortgage,home_improvement,self_employed,northeast,0
61,18119.89,8.8,40.0,12283.95,36,14.6,557.04,0.369,0.315,1,1,1,9332.85,rent,medical,contract,southeast,0
32,18575.01,6.3,10.5,7805.68,36,16.51,646.16,0.417,0.323,0,2,0,10518.61,rent,debt_consolidation,salaried,south,0
27,27031.75,10.9,4.5,15916.57,24,13.85,801.76,0.356,0.534,1,1,4,0.0,rent,debt_consolidation,self_employed,northeast,1
54,34424.45,16.7,28.8,14644.52,60,14.46,1668.6,0.582,0.484,1,2,5,2839.65,rent,education,salaried,northeast,1
58,26756.58,7.8,40.0,11048.84,36,16.26,494.83,0.222,0.158,2,4,5,12952.63,mortgage,home_improvement,salaried,south,0
50,44917.78,7.0,30.1,22989.51,60,20.43,2301.01,0.615,0.829,1,4,0,21931.87,own,small_business,salaried,midwest,1
26,30721.78,7.2,3.7,8706.54,24,12.74,231.56,0.09,0.45,2,0,5,16671.69,rent,small_business,salaried,southeast,1
26,23033.26,11.7,3.9,6388.86,24,9.58,276.42,0.144,0.629,1,1,2,3679.15,rent,debt_consolidation,contract,northeast,0
39,30736.3,4.1,7.7,22846.07,36,14.12,461.72,0.18,0.511,2,1,1,12040.53,rent,home_improvement,contract,south,0
42,37981.75,5.4,18.0,25351.49,24,22.41,389.22,0.123,0.633,2,2,0,9401.61,mortgage,debt_consolidation,salaried,southeast,0
68,39594.74,0.4,40.0,23154.43,24,9.62,1044.77,0.317,0.557,0,2,4,11320.17,mortgage,debt_consolidation,salaried,north,0
34,76032.73,1.8,9.1,15693.24,12,17.23,3467.73,0.547,0.254,2,1,1,26414.21,rent,debt_consolidation,salaried,north,0
30,26083.5,4.4,4.5,3626.69,12,19.36,1137.26,0.523,0.582,2,1,3,17719.4,rent,debt_consolidation,salaried,southeast,1
66,33494.58,6.3,40.0,7720.83,48,5.5,1345.84,0.482,0.121,1,0,3,11156.64,own,education,salaried,southeast,0
28,41314.63,13.6,10.5,29365.22,24,16.22,289.21,0.084,0.724,0,1,5,3150.76,mortgage,medical,salaried,midwest,0
22,34206.21,8.6,1.0,21695.72,60,17.03,1560.6,0.547,0.686,1,1,4,11785.64,mortgage,debt_consolidation,salaried,north,1
41,27993.86,2.9,22.8,12584.3,24,13.38,686.1,0.294,0.557,0,1,4,3795.81,rent,small_business,salaried,south,1
40,18021.34,3.6,14.0,13161.56,36,11.78,713.47,0.475,0.711,2,0,2,8115.6,own,home_improvement,salaried,midwest,1
50,27874.0,12.0,26.1,5918.95,36,12.02,1097.62,0.473,0.551,1,1,3,16807.04,mortgage,debt_consolidation,salaried,southeast,0
63,22005.44,11.0,37.3,10392.39,36,13.12,322.49,0.176,0.945,2,4,0,8443.15,rent,debt_consolidation,salaried,southeast,1
65,18000.0,6.6,34.3,4237.74,48,13.23,537.47,0.358,0.59,2,0,4,10392.47,rent,small_business,contract,southeast,0
34,24731.05,4.7,8.5,7742.06,48,12.44,1195.62,0.58,0.903,3,2,4,11023.9,rent,debt_consolidation,salaried,northeast,1
68,22252.76,11.0,40.0,15850.31,12,13.05,411.76,0.222,0.492,3,5,1,6533.0,own,medical,salaried,northeast,0
51,44143.03,2.5,23.0,29444.08,36,19.5,1714.64,0.466,0.198,1,0,0,10067.16,rent,education,salaried,northeast,0
24,44465.04,8.1,3.8,8187.49,48,9.4,2213.42,0.597,0.691,2,1,4,14741.86,rent,education,self_employed,southeast,0
66,23632.32,15.6,40.0,6551.18,12,7.15,541.06,0.275,0.179,0,2,4,6251.15,mortgage,medical,salaried,southeast,0
27,30967.82,7.3,9.8,15314.82,36,19.57,746.64,0.289,0.605,1,0,4,0.0,mortgage,debt_consolidation,salaried,northeast,1
49,18000.0,3.4,30.6,2855.74,24,13.69,486.58,0.324,0.815,1,3,0,8700.34,mortgage,small_business,salaried,northeast,0
58,28067.77,8.1,34.8,13095.11,36,12.87,1208.98,0.517,0.154,2,0,5,0.0,mortgage,debt_consolidation,salaried,south,1
32,40846.34,4.6,7.3,19942.39,36,14.03,1079.75,0.317,0.664,2,1,2,860.05,rent,home_improvement,self_employed,northeast,1
33,48848.25,0.9,17.7,14816.13,36,15.38,1394.51,0.343,0.264,1,1,1,12489.59,rent,home_improvement,self_employed,south,1
43,25604.42,9.3,17.8,7800.83,48,12.3,426.85,0.2,0.873,1,2,3,16322.9,rent,debt_consolidation,salaried,north,0
63,53732.81,11.0,40.0,14202.65,36,16.62,2748.01,0.614,0.473,2,1,5,10449.4,own,education,salaried,midwest,1
31,18277.2,5.3,2.2,12967.23,60,10.46,855.79,0.562,0.124,1,1,4,7684.32,own,debt_consolidation,salaried,south,1
52,20455.28,5.0,30.6,7465.95,48,13.23,688.9,0.404,0.618,1,1,1,4885.56,own,debt_consolidation,self_employed,north,0
42,46539.56,2.7,24.1,22744.79,36,5.5,2321.95,0.599,0.226,0,2,5,209.0,rent,medical,salaried,south,1
26,69694.1,5.9,2.7,21604.61,36,19.42,2619.21,0.451,0.036,1,2,4,0.0,rent,debt_consolidation,self_employed,south,0
55,42499.24,4.3,36.1,23913.4,36,13.76,2117.58,0.598,0.357,0,0,5,2431.59,mortgage,debt_consolidation,self_employed,midwest,0
60,33963.99,2.5,31.3,6246.25,48,17.31,473.31,0.167,0.714,0,2,5,9402.43,rent,debt_consolidation,salaried,north,0
48,18000.0,14.1,25.0,2972.42,24,16.5,302.62,0.202,0.193,0,4,3,4647.26,own,home_improvement,salaried,southeast,0
29,18000.0,8.4,6.7,10600.18,60,16.81,837.0,0.558,0.73,0,3,0,5409.67,mortgage,education,salaried,southeast,0
28,36473.89,8.8,2.3,21074.64,36,14.47,932.31,0.307,0.756,1,1,0,964.4,own,medical,salaried,midwest,1
41,29721.13,10.0,22.5,8528.5,36,16.13,694.55,0.28,0.726,1,0,3,3853.01,own,education,contract,south,1
45,21710.46,9.6,27.8,7461.44,36,10.46,881.7,0.487,0.636,0,0,0,0.0,rent,home_improvement,salaried,north,0
47,35508.37,4.8,22.2,25675.18,36,9.58,1243.91,0.42,0.747,3,0,3,21157.08,rent,medical,salaried,south,1
32,36255.82,7.6,13.9,6733.72,36,14.08,803.06,0.266,0.697,0,1,0,10386.87,own,education,salaried,north,1
45,51362.04,5.4,27.0,12089.73,36,11.64,1261.99,0.295,0.422,2,3,4,18530.62,mortgage,medical,salaried,southeast,0
35,36584.24,8.3,8.2,14301.67,24,20.49,916.21,0.301,0.818,1,1,1,14626.46,own,debt_consolidation,salaried,north,1
53,57868.34,7.9,27.6,17228.69,36,16.08,714.77,0.148,0.663,1,1,0,9830.27,rent,small_business,contract,midwest,0
59,34660.55,5.0,40.0,18331.11,36,11.49,589.11,0.204,0.884,1,5,2,2834.76,mortgage,debt_consolidation,salaried,north,0
52,32910.9,1.2,31.8,18268.15,36,13.36,1015.48,0.37,0.378,3,2,5,12238.75,mortgage,small_business,salaried,southeast,0
21,54014.68,7.1,2.1,24394.35,36,15.06,2260.45,0.502,0.559,1,1,3,30911.79,rent,medical,contract,south,1
68,22903.72,5.7,37.0,11567.62,24,14.21,584.59,0.306,0.452,1,1,5,11801.33,mortgage,education,salaried,southeast,0
22,112653.04,0.0,1.0,44278.85,48,15.64,2694.38,0.287,0.298,0,2,1,22956.26,rent,education,salaried,midwest,1
68,40441.35,8.5,40.0,24226.15,36,14.79,1453.46,0.431,0.539,0,2,4,1418.56,rent,debt_consolidation,contract,southeast,1
22,40536.1,10.4,1.0,5939.43,36,8.66,557.09,0.165,0.407,1,4,1,10039.01,mortgage,home_improvement,salaried,northeast,0
45,43068.21,16.6,28.1,13657.86,36,5.5,1025.04,0.286,0.09,2,0,2,4173.84,rent,medical,contract,southeast,0
26,75993.06,4.9,6.0,41886.69,36,12.93,1218.38,0.192,0.569,0,3,2,37814.7,mortgage,debt_consolidation,self_employed,northeast,0
25,48187.41,4.3,1.5,15789.88,48,16.85,1734.3,0.432,0.263,3,0,3,1192.48,rent,debt_consolidation,salaried,midwest,0
53,18000.0,2.1,28.0,3050.59,24,12.98,211.01,0.141,0.444,3,3,4,1721.96,mortgage,home_improvement,self_employed,southeast,0
55,62283.86,7.3,32.4,21011.99,12,19.69,1670.37,0.322,0.48,0,1,0,0.0,rent,education,self_employed,northeast,0
26,29936.19,7.3,1.9,17010.99,36,14.3,1002.71,0.402,0.58,2,1,4,12700.68,mortgage,small_business,salaried,southeast,1
67,36134.56,3.3,40.0,7113.11,24,20.2,1596.5,0.53,0.274,0,4,4,11444.91,rent,debt_consolidation,contract,north,1
36,20185.37,5.8,13.7,11637.22,12,19.34,792.71,0.471,0.341,1,2,2,16.25,mortgage,small_business,self_employed,north,0
36,43088.22,0.0,14.3,26220.78,12,18.92,2115.44,0.589,0.744,3,2,0,8071.25,mortgage,education,salaried,southeast,1
35,26276.3,10.2,13.9,13669.97,24,9.45,979.09,0.447,0.384,0,1,2,1513.57,rent,small_business,salaried,south,1
43,36028.7,3.4,19.0,9867.09,60,14.57,806.33,0.269,0.628,0,1,1,0.0,mortgage,debt_consolidation,salaried,northeast,0
29,30658.9,6.4,4.2,19233.44,24,19.64,524.09,0.205,0.185,4,4,4,13971.72,rent,debt_consolidation,salaried,midwest,1
41,77536.6,0.8,17.1,19779.49,24,15.64,714.34,0.111,0.423,0,2,0,37387.18,rent,home_improvement,salaried,north,0
31,79423.48,4.2,13.3,54855.19,60,16.83,1521.6,0.23,0.032,1,1,1,27324.29,mortgage,home_improvement,salaried,south,0
23,35225.85,5.4,4.5,19909.19,60,8.67,451.77,0.154,0.816,1,2,4,5156.71,mortgage,debt_consolidation,salaried,south,1
38,35485.19,6.5,13.2,5481.52,24,22.56,826.16,0.279,0.445,1,1,5,11476.78,mortgage,medical,salaried,southeast,0
53,29529.76,8.4,23.4,18413.31,48,11.18,1130.48,0.459,0.832,0,0,3,12889.87,own,medical,salaried,south,1
57,54968.89,12.3,33.3,24134.26,12,6.12,2078.27,0.454,0.634,1,4,0,1407.51,rent,debt_consolidation,contract,north,1
37,30087.16,9.4,15.9,12190.38,48,13.03,631.35,0.252,0.16,1,2,4,12467.16,rent,small_business,self_employed,north,0
36,28941.69,10.3,12.0,11140.29,12,5.5,855.27,0.355,0.843,2,0,0,9470.41,mortgage,home_improvement,salaried,south,1
58,52104.63,12.3,40.0,26165.74,36,9.94,855.63,0.197,0.107,0,0,0,5369.54,mortgage,home_improvement,salaried,southeast,0
53,27554.31,8.8,24.1,15884.63,24,25.25,807.36,0.352,0.603,1,3,4,2090.09,rent,small_business,contract,northeast,1
60,34000.92,6.4,36.2,23272.45,48,12.9,1007.12,0.355,0.48,0,1,2,15432.13,rent,home_improvement,salaried,south,1
64,18000.0,10.5,40.0,5255.19,12,8.5,364.05,0.243,0.431,0,3,0,11575.54,own,home_improvement,self_employed,midwest,0
60,46432.73,10.8,37.8,24023.79,36,14.61,851.7,0.22,0.217,2,1,2,0.0,rent,debt_consolidation,salaried,northeast,0
65,78054.62,9.1,40.0,43117.05,36,10.73,3961.08,0.609,0.891,0,1,2,10525.72,rent,education,salaried,northeast,1
40,46766.14,0.7,11.1,25493.26,12,18.13,1442.14,0.37,0.79,1,1,3,16420.33,rent,small_business,salaried,south,1
39,63828.54,3.1,16.9,27483.96,48,10.76,2039.97,0.384,0.612,1,2,5,26922.76,rent,debt_consolidation,salaried,northeast,1
36,24212.81,5.4,12.3,8870.22,36,15.64,169.91,0.084,0.79,2,2,0,6193.45,rent,home_improvement,self_employed,northeast,1
32,38149.05,9.6,6.4,22900.82,24,9.68,566.49,0.178,0.341,4,3,3,23627.04,rent,debt_consolidation,contract,northeast,0
56,23245.64,6.4,36.3,7183.05,24,25.42,528.02,0.273,0.378,0,2,3,12142.46,rent,home_improvement,salaried,northeast,0
55,31392.95,11.0,31.1,7881.94,24,16.62,1573.91,0.602,0.261,2,0,5,3104.55,rent,debt_consolidation,salaried,north,0
59,47778.39,11.8,34.8,22163.08,24,13.89,695.3,0.175,0.764,4,3,2,5068.82,rent,small_business,self_employed,southeast,1
29,36053.7,11.3,13.0,10404.91,36,13.27,732.42,0.244,0.696,0,2,0,0.0,rent,small_business,self_employed,southeast,0
44,19085.63,11.3,19.9,2689.87,36,12.17,977.64,0.615,0.889,0,0,5,11571.29,own,small_business,salaried,southeast,1
31,19884.34,2.4,8.2,3032.22,36,11.3,563.06,0.34,0.514,1,4,0,7463.15,rent,home_improvement,salaried,northeast,0
63,19339.62,8.4,39.4,10788.74,36,11.19,406.04,0.252,0.444,2,1,2,9230.21,rent,education,salaried,south,0
33,42463.92,4.1,9.8,31129.53,48,21.55,1495.27,0.423,0.238,3,2,3,19629.52,mortgage,medical,salaried,south,1
27,82193.85,0.0,2.8,33407.99,24,12.18,2383.64,0.348,0.838,1,2,0,33429.49,own,home_improvement,self_employed,southeast,1
48,61220.2,5.4,19.0,13018.38,36,5.56,3045.82,0.597,0.126,3,1,1,3771.4,mortgage,home_improvement,contract,north,1
63,18000.0,11.8,40.0,11437.06,48,9.6,187.39,0.125,0.768,1,2,0,76.55,rent,medical,self_employed,northeast,1
64,62746.11,8.3,40.0,17864.11,24,18.4,2650.48,0.507,0.32,0,1,5,38105.08,own,small_business,salaried,southeast,0
25,51189.42,14.6,1.0,38251.02,36,13.44,984.14,0.231,0.497,4,4,1,12329.38,mortgage,home_improvement,self_employed,south,1
36,18051.32,7.2,10.8,8571.78,60,13.94,775.61,0.516,0.413,1,1,3,10079.37,rent,education,salaried,southeast,0
28,30413.91,16.3,2.9,8107.09,36,19.41,1362.97,0.538,0.44,2,1,1,4979.43,rent,debt_consolidation,salaried,north,0
35,54727.38,7.2,1.0,23668.66,60,11.24,2456.26,0.539,0.713,1,0,4,21126.9,rent,debt_consolidation,salaried,north,1
46,43528.97,6.6,20.2,14420.72,24,17.16,1987.88,0.548,0.051,2,5,4,14306.34,rent,education,salaried,midwest,1
34,19933.96,1.4,5.9,12180.99,36,11.69,777.07,0.468,0.354,0,0,0,0.0,rent,small_business,contract,south,0
24,44645.63,10.9,2.4,8333.73,24,16.92,583.74,0.157,0.176,2,2,4,14462.45,rent,home_improvement,self_employed,north,0
45,18000.0,4.5,26.5,11878.41,12,12.86,162.04,0.108,0.164,0,1,3,11466.37,own,debt_consolidation,salaried,southeast,0
23,31458.19,3.9,1.4,18982.57,60,13.49,692.11,0.264,0.554,1,0,0,8105.58,own,medical,salaried,northeast,1
31,55711.5,11.6,4.8,36917.74,24,17.94,1612.56,0.347,0.33,0,2,1,14680.2,rent,education,salaried,northeast,0
21,34812.28,11.1,1.0,23806.24,60,17.64,706.15,0.243,0.124,3,0,5,12314.21,rent,home_improvement,salaried,south,1
25,28013.62,11.0,1.0,7416.89,36,13.81,1122.39,0.481,0.18,1,2,2,14893.2,mortgage,debt_consolidation,salaried,southeast,1
41,50187.71,5.1,19.0,22495.82,60,12.52,1966.18,0.47,0.425,2,2,0,25073.79,rent,small_business,contract,southeast,1
61,52020.64,6.3,39.7,34096.98,60,21.22,2622.01,0.605,0.109,0,1,3,5334.72,own,debt_consolidation,salaried,midwest,1
58,59887.12,6.3,35.8,21424.88,36,16.98,1478.76,0.296,0.664,0,1,4,18953.19,own,home_improvement,self_employed,northeast,0
25,49872.44,9.6,1.0,7882.68,60,12.86,2095.86,0.504,0.924,0,1,2,15661.53,mortgage,medical,self_employed,north,1
22,54403.15,12.7,1.0,16523.85,48,11.76,2177.25,0.48,0.233,0,1,0,36135.18,rent,education,salaried,northeast,0
37,46996.18,8.0,18.5,12802.22,36,18.8,2404.34,0.614,0.215,1,3,0,28024.58,own,medical,salaried,southeast,0
52,38619.86,14.4,25.6,25803.45,36,14.98,1601.93,0.498,0.335,0,2,2,14951.44,mortgage,home_improvement,salaried,southeast,0
56,35867.75,10.1,35.9,14785.52,24,13.81,696.82,0.233,0.204,1,0,2,2981.75,rent,debt_consolidation,salaried,midwest,1
60,31268.01,5.6,34.9,17217.2,12,14.98,229.94,0.088,0.181,2,2,4,17854.01,mortgage,medical,self_employed,southeast,0
37,20760.46,9.8,14.9,15074.9,24,15.92,1042.88,0.603,0.152,0,2,4,0.0,rent,medical,salaried,southeast,0
29,23127.3,13.3,1.0,7134.5,36,14.26,899.42,0.467,0.194,0,2,1,2131.04,rent,small_business,self_employed,south,0
22,30685.76,14.5,1.0,18397.82,24,19.56,1326.67,0.519,0.759,2,3,4,3905.98,mortgage,debt_consolidation,salaried,midwest,1
28,38231.3,11.2,4.2,5136.05,36,19.79,1619.58,0.508,0.461,1,3,0,18110.25,rent,education,salaried,northeast,0
24,63268.4,6.6,1.0,11742.18,36,16.73,2516.56,0.477,0.672,0,0,1,2699.28,rent,debt_consolidation,salaried,southeast,0
62,33943.25,5.6,40.0,7534.55,36,20.27,1374.13,0.486,0.374,0,2,4,5569.22,mortgage,medical,self_employed,north,1
33,52652.03,8.8,10.3,16681.4,48,14.54,2553.22,0.582,0.437,1,2,5,27351.09,rent,education,salaried,north,1
60,54356.12,13.2,38.2,20322.77,60,17.4,2598.31,0.574,0.339,1,3,4,21300.19,mortgage,debt_consolidation,contract,midwest,0
47,31344.45,8.2,26.3,13180.97,48,18.72,743.86,0.285,0.389,2,0,2,0.0,own,debt_consolidation,salaried,southeast,1
46,44345.65,8.3,25.0,12175.49,36,18.78,357.42,0.097,0.448,1,1,5,5186.15,own,debt_consolidation,salaried,midwest,0
42,31185.8,6.7,14.0,5043.23,24,18.35,262.19,0.101,0.678,0,2,2,15823.06,rent,education,salaried,northeast,0
60,60192.14,5.2,39.7,32915.44,60,17.15,1611.07,0.321,0.353,2,3,3,0.0,own,debt_consolidation,salaried,southeast,0
23,45118.8,5.9,1.0,6086.83,24,22.72,1996.09,0.531,0.393,0,0,4,0.0,rent,small_business,self_employed,northeast,0
25,20952.16,7.0,1.0,13199.16,24,12.23,938.85,0.538,0.417,1,2,0,10439.62,rent,home_improvement,salaried,north,1
41,36969.2,13.4,24.3,26076.87,24,13.85,919.21,0.298,0.661,3,1,5,9166.13,rent,small_business,salaried,south,1
39,69023.83,5.5,13.7,39173.26,36,13.6,1396.99,0.243,0.739,2,0,3,10902.12,own,education,salaried,southeast,1
47,32012.54,6.7,30.4,15860.78,36,12.95,943.21,0.354,0.459,1,1,1,10363.16,rent,debt_consolidation,salaried,southeast,0
56,41690.99,3.0,30.2,22259.72,12,6.15,1839.87,0.53,0.697,1,1,4,19785.18,mortgage,debt_consolidation,salaried,northeast,0
49,43445.78,9.4,28.3,23065.36,48,20.27,1534.03,0.424,0.499,4,2,2,8381.99,mortgage,debt_consolidation,salaried,midwest,0
33,22350.82,12.0,10.0,15801.46,24,10.19,289.62,0.155,0.191,2,0,0,5853.27,rent,medical,salaried,southeast,0
36,42808.73,13.0,18.8,31143.89,24,15.21,983.2,0.276,0.4,0,0,4,13557.94,mortgage,home_improvement,salaried,southeast,0
57,19236.97,7.3,33.4,7479.88,24,8.53,609.06,0.38,0.603,2,0,0,433.25,rent,debt_consolidation,salaried,north,1
30,26562.03,8.8,2.8,13513.69,24,17.11,820.46,0.371,0.205,1,1,3,7313.09,rent,home_improvement,contract,north,1
45,54274.17,5.9,25.6,33963.06,48,11.2,2390.52,0.529,0.573,1,3,4,8977.05,mortgage,debt_consolidation,salaried,north,1
46,40128.32,8.6,25.7,4841.64,12,9.73,1950.81,0.583,0.444,0,4,0,22293.78,mortgage,education,salaried,southeast,1
57,30397.61,7.8,32.0,13740.33,24,15.32,340.07,0.134,0.726,1,0,4,13412.54,rent,debt_consolidation,salaried,north,0
55,41669.04,6.7,29.8,22139.26,12,11.56,698.58,0.201,0.155,1,3,2,20404.86,own,medical,salaried,south,0
43,33683.43,7.1,31.0,19261.51,48,12.09,818.97,0.292,0.233,1,0,2,10002.04,rent,small_business,self_employed,northeast,0
35,34727.35,8.3,2.9,12235.74,60,15.22,694.71,0.24,0.542,1,2,0,11815.57,mortgage,small_business,salaried,south,1
38,45518.03,5.3,12.6,13940.17,36,17.86,1139.76,0.3,0.664,1,2,4,21096.63,rent,debt_consolidation,salaried,north,1
40,25450.88,5.5,13.9,5974.59,36,11.06,216.31,0.102,0.659,0,2,0,5057.98,rent,debt_consolidation,salaried,southeast,0
31,35134.59,13.3,8.6,16563.28,60,10.34,338.6,0.116,0.722,1,1,1,22545.83,mortgage,debt_consolidation,salaried,north,1
51,30298.31,17.3,36.3,21183.4,24,14.6,1345.03,0.533,0.668,2,1,1,7211.91,mortgage,medical,salaried,north,1
31,18000.0,1.7,5.0,12320.39,12,16.76,203.09,0.135,0.825,1,5,2,4989.09,rent,medical,salaried,north,1
52,23468.36,1.5,31.5,8138.32,36,20.64,1026.74,0.525,0.251,1,3,5,13019.57,mortgage,debt_consolidation,salaried,south,1
57,66745.8,2.7,31.6,18852.27,24,10.0,1365.6,0.246,0.76,2,0,4,32570.67,rent,medical,self_employed,south,1
67,40602.45,6.1,40.0,25049.28,36,13.16,835.67,0.247,0.551,1,0,4,11308.92,rent,small_business,salaried,southeast,0
26,19812.99,10.1,1.9,11426.89,36,19.44,221.91,0.134,0.501,1,0,1,2136.43,rent,education,salaried,south,0
57,18088.85,8.9,37.5,7929.5,24,22.79,150.0,0.1,0.246,0,0,3,7679.52,own,medical,salaried,southeast,0
25,32954.77,7.2,1.0,12031.42,36,10.33,746.58,0.272,0.767,0,2,2,9216.88,rent,medical,salaried,northeast,1
37,66549.3,8.6,19.3,13176.27,36,11.4,2945.32,0.531,0.25,5,0,2,24469.62,rent,small_business,salaried,north,1
29,31938.31,3.7,1.0,19630.48,12,16.1,1535.1,0.577,0.615,1,1,3,15980.0,rent,small_business,salaried,north,1
28,59810.7,5.5,1.0,30443.8,48,12.07,564.49,0.113,0.219,1,0,0,1031.88,mortgage,small_business,salaried,south,0
29,40047.08,6.4,1.0,14314.24,48,11.31,322.68,0.097,0.24,2,2,2,15973.81,rent,debt_consolidation,salaried,south,0
23,42105.14,0.2,1.0,29424.61,12,15.53,581.59,0.166,0.404,1,0,2,2338.25,rent,home_improvement,salaried,northeast,1
60,19712.29,1.9,37.4,10557.78,12,21.01,811.15,0.494,0.711,4,2,5,6698.48,own,education,salaried,north,1
23,51213.56,2.0,1.0,36127.09,12,9.0,813.6,0.191,0.664,2,1,5,2455.84,own,debt_consolidation,salaried,southeast,1
40,30011.28,9.6,17.4,12571.12,12,20.79,511.79,0.205,0.069,0,3,5,7327.36,rent,home_improvement,salaried,southeast,0
54,49637.35,7.5,38.0,20173.08,12,12.09,2316.53,0.56,0.705,1,0,3,3503.21,mortgage,debt_consolidation,contract,southeast,0
68,24539.73,8.9,38.2,17434.51,24,15.95,1129.79,0.552,0.635,1,0,3,512.16,own,small_business,salaried,midwest,1
61,37211.04,0.0,32.9,26965.67,48,21.18,1370.47,0.442,0.353,0,0,4,14573.21,own,debt_consolidation,self_employed,south,0
27,40048.29,0.6,4.1,29046.36,48,15.87,562.57,0.169,0.415,1,1,4,6898.9,rent,medical,salaried,north,0
68,32380.32,9.2,40.0,20590.82,48,13.25,771.25,0.286,0.281,0,3,4,8423.72,mortgage,education,salaried,north,1
52,40941.89,0.0,31.6,16840.05,36,17.52,708.08,0.208,0.715,0,3,5,25492.08,rent,debt_consolidation,self_employed,north,1
29,30887.7,11.4,14.2,7798.79,48,13.77,1139.75,0.443,0.256,1,2,2,1044.02,mortgage,debt_consolidation,salaried,south,0
42,26301.86,0.0,14.7,9509.9,48,16.69,1098.46,0.501,0.554,0,1,4,6218.94,mortgage,debt_consolidation,self_employed,north,1
65,67799.02,9.9,40.0,48213.74,48,13.64,885.64,0.157,0.696,1,7,3,17747.59,mortgage,debt_consolidation,self_employed,south,0
39,53667.36,2.9,14.7,18732.01,48,18.12,2526.37,0.565,0.649,3,1,4,26782.55,own,home_improvement,salaried,south,1
29,25095.32,10.7,9.8,14975.18,48,8.64,689.97,0.33,0.63,0,2,5,3902.77,rent,debt_consolidation,salaried,south,0
63,43859.5,19.3,40.0,30767.12,48,10.24,1861.48,0.509,0.903,1,2,0,6091.24,rent,small_business,salaried,northeast,1
66,25287.74,0.0,40.0,18494.11,36,8.58,227.35,0.108,0.571,1,2,5,13663.99,mortgage,debt_consolidation,salaried,southeast,1
67,21003.25,9.3,40.0,15060.06,24,14.26,480.82,0.275,0.423,1,2,4,4718.22,rent,debt_consolidation,self_employed,northeast,0
66,53327.1,0.0,39.2,25047.01,12,8.08,390.98,0.088,0.341,1,0,5,30853.93,mortgage,medical,salaried,north,0
62,18000.0,8.2,40.0,7737.92,36,11.59,701.97,0.468,0.375,0,1,1,0.0,mortgage,medical,salaried,southeast,0
42,50984.63,5.7,22.4,37841.48,12,9.85,522.18,0.123,0.713,1,1,3,8402.9,mortgage,debt_consolidation,salaried,southeast,1
30,31065.61,7.0,17.7,7997.93,24,20.71,680.01,0.263,0.184,2,2,0,10594.97,mortgage,small_business,self_employed,north,1
50,31607.52,2.9,36.8,7527.14,12,10.34,1322.63,0.502,0.314,1,0,0,1722.85,rent,debt_consolidation,salaried,midwest,1
31,41031.51,9.6,1.0,29821.9,24,9.1,1656.45,0.484,0.629,1,0,3,9823.71,rent,education,salaried,southeast,0
43,44095.08,0.7,10.6,24437.17,60,15.54,1564.48,0.426,0.417,2,1,5,0.0,own,medical,salaried,south,1
52,24414.58,11.5,28.6,11178.74,36,21.58,925.25,0.455,0.439,1,0,1,5554.6,mortgage,small_business,self_employed,southeast,1
66,46697.45,4.9,40.0,9488.52,24,14.01,1679.8,0.432,0.354,1,3,4,29758.81,mortgage,small_business,salaried,southeast,1
34,36229.02,0.9,12.3,16061.82,36,14.34,1287.0,0.426,0.393,2,2,0,20284.45,rent,medical,self_employed,southeast,1
33,20383.01,12.9,6.1,14570.98,24,19.92,456.6,0.269,0.929,2,4,0,2739.13,mortgage,debt_consolidation,salaried,southeast,1
56,32165.6,6.2,35.3,16077.06,36,18.19,255.21,0.095,0.826,1,1,3,0.0,rent,education,contract,northeast,0
