customer_id,age,annual_income,purchase_frequency_monthly,average_ticket,digital_engagement_score,return_rate_pct,support_tickets_quarter,loyalty_months,discount_sensitivity_score,web_visits_monthly,app_sessions_weekly,tenure_months,segment_label
C0001,36.8,100267.16,6.21,475.16,92.41,2.96,0.72,28.2,12.73,13.03,6.16,26.2,premium_repeaters
C0002,37.9,62856.31,6.38,192.82,72.17,2.62,1.71,26.0,59.7,9.68,7.07,22.5,loyal_midmarket
C0003,25.7,97194.48,4.64,271.27,83.07,4.39,1.38,31.5,65.6,14.84,6.07,29.8,high_potential
C0004,60.8,94194.26,6.77,363.11,77.18,2.65,0.56,33.5,20.96,12.8,6.33,36.6,premium_repeaters
C0005,37.6,40326.39,2.79,23.71,28.46,3.47,0.0,6.8,92.6,4.89,3.68,14.0,value_seekers
C0006,26.2,74486.55,5.38,239.15,68.81,5.7,1.28,14.2,34.77,10.48,5.15,16.5,high_potential
C0007,48.4,118478.54,8.36,374.0,90.42,5.16,0.4,62.2,23.75,12.09,5.69,64.5,premium_repeaters
C0008,45.7,114911.84,5.16,393.2,90.13,2.46,1.05,33.3,22.97,16.36,7.52,35.1,premium_repeaters
C0009,44.5,50994.03,3.6,109.89,39.63,7.88,1.71,9.0,87.3,8.74,5.63,13.4,value_seekers
C0010,49.9,67500.66,6.65,158.17,68.23,3.92,2.17,37.6,52.04,5.72,7.32,31.0,loyal_midmarket
C0011,34.1,72725.62,6.5,133.58,67.77,8.61,1.69,35.7,50.05,10.2,7.34,29.2,loyal_midmarket
C0012,35.5,64365.71,4.07,163.7,65.31,4.89,0.0,22.3,53.54,7.34,7.66,14.4,high_potential
C0013,36.0,67996.1,6.98,275.1,84.44,2.62,1.1,48.8,42.69,9.09,9.34,52.3,premium_repeaters
C0014,36.8,76592.37,4.18,209.11,59.93,5.17,1.48,20.1,30.11,4.81,3.94,25.0,high_potential
C0015,30.0,82518.52,6.52,194.42,86.59,5.84,1.59,61.1,52.08,13.25,7.13,64.8,loyal_midmarket
C0016,25.1,32708.43,5.81,98.17,36.21,10.29,1.71,12.5,86.5,9.0,3.94,15.9,value_seekers
C0017,34.2,67485.45,5.59,165.64,65.46,4.32,1.75,16.7,61.76,7.1,7.81,20.2,loyal_midmarket
C0018,43.6,53210.71,4.46,52.13,54.95,9.01,0.52,13.9,84.92,8.43,7.06,16.6,value_seekers
C0019,41.4,106390.51,1.65,197.3,72.52,2.0,1.05,26.7,35.13,9.02,8.66,25.1,high_potential
C0020,49.8,108233.96,8.19,237.08,92.9,4.28,0.81,48.9,16.72,12.86,7.76,49.6,premium_repeaters
C0021,22.3,107548.27,8.54,354.07,83.21,3.49,1.16,37.0,45.84,14.62,6.37,44.0,premium_repeaters
C0022,39.8,98751.28,7.39,213.99,68.28,4.61,1.07,37.9,66.61,11.4,7.5,36.3,loyal_midmarket
C0023,33.6,97819.89,5.62,199.16,65.64,3.41,0.18,19.7,45.17,6.88,7.54,9.8,high_potential
C0024,34.9,78030.61,5.2,154.37,86.95,4.57,1.15,34.3,61.16,11.77,8.62,33.9,high_potential
C0025,47.6,116105.97,6.91,420.69,77.09,6.49,0.95,63.4,30.86,9.3,7.65,62.5,premium_repeaters
C0026,37.9,50896.98,3.54,57.84,28.68,4.43,0.39,14.7,91.0,3.72,2.38,7.6,value_seekers
C0027,45.8,97151.99,4.45,166.33,85.06,5.81,1.54,35.1,56.97,13.91,5.81,33.9,loyal_midmarket
C0028,41.2,44955.31,3.68,74.59,44.73,6.44,0.94,11.9,73.17,7.81,2.41,9.3,value_seekers
C0029,58.0,36903.35,2.88,123.13,48.96,7.47,2.2,1.4,81.65,7.13,5.22,3.9,value_seekers
C0030,25.3,134120.89,4.5,247.47,79.68,2.57,1.56,38.2,12.52,10.91,6.98,29.2,premium_repeaters
C0031,47.8,110359.67,9.12,405.92,76.64,0.72,1.21,48.7,30.48,14.97,5.62,46.0,premium_repeaters
C0032,51.6,99238.34,2.94,172.79,87.65,4.38,1.42,19.7,44.95,8.96,6.84,20.7,high_potential
C0033,30.7,78614.3,6.67,125.15,60.76,3.95,0.98,20.2,48.34,10.3,5.32,25.3,loyal_midmarket
C0034,45.3,67295.52,6.37,151.42,56.53,3.31,0.82,22.4,55.46,8.13,4.83,18.0,loyal_midmarket
C0035,49.9,76098.1,6.18,129.12,55.38,5.05,1.82,11.9,57.11,9.01,4.05,13.2,loyal_midmarket
C0036,36.3,40925.7,1.88,31.39,56.31,5.54,1.44,5.7,70.72,8.8,5.75,4.8,value_seekers
C0037,34.9,44887.65,3.74,129.44,32.19,7.86,2.71,21.6,70.63,5.61,3.2,29.0,value_seekers
C0038,67.1,69387.78,5.74,190.09,65.48,4.92,1.25,27.2,58.79,10.0,4.89,22.1,loyal_midmarket
C0039,41.8,47196.62,3.55,109.05,59.11,8.48,2.71,1.0,94.72,6.0,4.21,6.2,value_seekers
C0040,23.3,120626.89,7.47,355.57,86.68,1.21,1.39,42.1,26.37,7.55,8.79,46.1,premium_repeaters
C0041,43.4,54094.73,6.26,175.83,79.7,4.68,0.78,28.9,65.46,10.91,5.05,29.4,loyal_midmarket
C0042,49.9,93827.11,2.86,240.07,75.16,8.62,0.45,17.3,63.98,11.18,6.84,16.5,high_potential
C0043,47.9,123075.21,6.45,335.09,65.22,3.68,1.13,39.3,15.08,7.86,5.54,42.7,premium_repeaters
C0044,36.6,53991.97,4.97,161.18,80.28,3.85,1.58,28.6,56.23,10.4,5.1,34.1,loyal_midmarket
C0045,26.7,67270.76,4.21,160.04,77.69,4.05,2.19,5.8,48.04,11.38,3.81,5.9,high_potential
C0046,44.4,91552.39,6.89,191.86,76.34,6.44,0.92,13.9,23.24,8.88,7.12,15.5,high_potential
C0047,49.3,64995.84,5.57,201.22,54.62,6.89,0.36,27.4,71.31,5.92,4.22,29.8,loyal_midmarket
C0048,24.3,72879.3,6.25,176.82,67.69,4.61,0.33,28.8,62.23,8.03,6.31,30.1,loyal_midmarket
C0049,33.1,111004.6,9.72,367.86,67.51,4.37,0.51,35.1,30.51,8.09,5.27,40.6,premium_repeaters
C0050,26.2,36092.66,2.93,117.48,52.55,12.27,3.61,7.8,82.56,6.25,3.3,6.7,value_seekers
C0051,25.0,32533.01,3.36,59.58,55.11,5.71,4.05,11.3,82.58,10.11,5.43,20.1,value_seekers
C0052,44.9,29878.78,3.71,61.96,62.55,10.02,1.88,1.0,74.13,11.15,3.46,6.2,value_seekers
C0053,34.7,123427.94,9.02,248.79,77.94,3.86,0.75,19.8,25.39,10.01,6.46,21.2,premium_repeaters
C0054,38.4,117285.29,8.16,323.26,74.72,3.62,0.0,47.7,28.0,6.77,4.03,53.6,premium_repeaters
C0055,20.0,122928.47,7.49,349.36,74.3,4.36,1.37,47.8,25.91,13.06,7.66,52.9,premium_repeaters
C0056,26.8,102166.44,8.51,387.33,90.47,2.36,0.79,51.0,28.46,14.08,8.35,54.6,premium_repeaters
C0057,24.9,74635.02,5.89,231.74,58.99,3.94,1.21,42.8,40.52,8.49,3.8,36.6,loyal_midmarket
C0058,36.3,67385.4,6.99,157.55,70.31,4.46,1.6,38.8,47.77,10.83,4.44,44.9,loyal_midmarket
C0059,34.3,47900.56,2.42,125.31,57.29,8.72,1.93,12.7,87.43,9.93,4.42,15.7,value_seekers
C0060,45.2,36454.27,2.31,63.39,23.06,9.82,3.25,22.6,68.99,2.38,2.24,30.2,value_seekers
C0061,26.6,81857.93,7.9,281.5,79.6,1.47,1.17,54.3,21.73,10.84,6.42,47.7,premium_repeaters
C0062,44.2,53387.77,6.74,164.25,57.24,4.0,1.84,40.0,52.83,8.24,5.41,37.4,loyal_midmarket
C0063,31.8,66361.96,6.72,152.68,73.1,5.99,0.0,45.9,26.57,9.81,4.59,52.0,loyal_midmarket
C0064,46.7,98312.73,9.04,234.32,87.03,3.43,0.3,35.0,19.86,8.99,7.35,39.9,premium_repeaters
C0065,25.3,102462.66,9.44,265.74,90.83,3.46,0.32,33.9,21.59,10.52,5.21,36.3,premium_repeaters
C0066,20.2,67443.88,4.04,153.67,58.91,3.43,2.4,34.6,56.21,8.85,3.92,33.9,loyal_midmarket
C0067,30.7,82896.75,4.76,169.98,62.14,5.3,0.82,31.3,51.87,9.35,5.52,35.2,loyal_midmarket
C0068,20.0,66834.5,7.16,171.75,64.93,5.19,2.22,20.6,60.93,12.43,6.59,23.5,loyal_midmarket
C0069,29.9,43535.63,2.94,90.78,41.98,6.04,1.57,15.2,75.86,6.78,4.58,11.7,value_seekers
C0070,33.5,74779.93,7.36,183.08,71.92,5.55,1.15,28.7,73.93,11.14,6.89,28.0,loyal_midmarket
C0071,44.6,29356.88,4.62,87.65,31.67,10.97,2.3,6.4,96.22,7.7,3.1,8.4,value_seekers
C0072,24.7,71663.0,5.41,200.36,72.77,5.03,0.73,35.3,53.37,11.53,2.97,31.4,loyal_midmarket
C0073,33.4,91081.16,4.27,262.33,69.56,5.86,0.8,18.8,53.37,7.95,6.74,24.8,high_potential
C0074,39.0,50303.76,4.16,137.91,35.84,4.55,1.0,18.0,85.98,6.65,1.54,15.5,value_seekers
C0075,23.5,52430.55,6.36,99.16,52.0,6.77,0.35,10.4,73.26,7.97,5.26,19.3,value_seekers
C0076,20.0,68291.73,5.99,213.76,67.68,5.96,1.08,30.6,41.34,9.78,4.35,31.5,loyal_midmarket
C0077,48.2,71586.3,6.26,104.54,58.85,5.73,1.43,22.5,55.43,8.22,4.69,27.6,loyal_midmarket
C0078,46.7,106671.8,8.2,350.73,83.04,3.67,1.31,43.1,34.28,8.25,9.71,41.9,premium_repeaters
C0079,30.0,75079.9,4.14,155.02,75.72,4.5,0.89,48.0,44.57,11.6,7.58,50.9,loyal_midmarket
C0080,43.6,134402.28,7.8,366.92,75.93,3.58,0.95,44.6,34.18,9.23,7.0,46.8,premium_repeaters
C0081,34.2,117495.68,7.79,461.36,73.81,4.05,1.43,43.2,46.7,8.95,6.22,46.5,premium_repeaters
C0082,30.8,74987.21,7.22,191.17,80.59,4.83,1.0,61.0,57.55,9.63,8.64,60.3,loyal_midmarket
C0083,41.3,82534.34,4.94,207.46,80.58,3.45,0.46,19.6,52.01,12.87,6.28,18.3,high_potential
C0084,30.6,37306.15,2.56,122.53,52.6,9.51,2.8,30.9,68.33,5.81,3.27,30.4,value_seekers
C0085,59.2,39303.12,2.28,98.38,45.62,9.2,2.21,17.6,79.01,2.79,2.74,20.6,value_seekers
C0086,28.0,26335.47,3.52,86.95,39.38,13.03,2.24,18.4,74.55,5.97,1.0,20.5,value_seekers
C0087,48.8,114754.47,7.52,328.17,71.49,2.8,0.81,43.1,32.84,9.3,7.11,43.9,premium_repeaters
C0088,38.1,79330.14,5.68,207.66,77.8,7.33,2.27,25.3,54.13,9.82,4.99,26.9,loyal_midmarket
C0089,59.9,42834.12,2.73,92.15,35.47,5.25,1.99,14.9,86.63,6.04,1.72,18.0,value_seekers
C0090,50.3,56557.11,8.1,147.68,57.56,4.93,1.15,25.0,51.26,5.44,6.55,23.8,loyal_midmarket
C0091,44.8,46430.67,2.88,50.45,36.06,7.86,2.73,7.8,81.32,7.22,1.62,1.0,value_seekers
C0092,42.8,123975.92,7.87,399.65,82.41,0.41,0.51,43.7,26.44,12.99,7.19,48.8,premium_repeaters
C0093,25.2,49843.96,5.65,194.57,57.1,6.14,1.75,35.3,26.43,7.06,2.41,44.8,loyal_midmarket
C0094,47.7,86822.97,6.22,218.67,70.77,5.83,1.42,41.0,74.5,11.0,8.03,36.7,loyal_midmarket
C0095,33.1,86432.41,5.69,220.77,77.28,9.63,0.75,28.9,51.24,5.51,6.42,27.4,loyal_midmarket
C0096,51.7,124648.45,6.76,446.45,78.11,5.18,1.03,51.9,30.23,12.15,7.61,54.1,premium_repeaters
C0097,20.0,68540.57,6.69,258.2,65.3,5.76,1.95,45.4,54.11,4.89,7.99,49.5,loyal_midmarket
C0098,65.7,43525.26,4.5,67.45,26.37,8.65,1.77,11.1,82.68,5.87,3.58,16.4,value_seekers
C0099,53.0,55315.16,3.31,38.63,42.74,10.03,1.02,12.9,76.47,7.41,4.76,17.9,value_seekers
C0100,53.7,87441.26,5.02,162.59,54.32,5.04,1.16,26.5,61.71,7.06,5.61,24.5,high_potential
C0101,36.9,125978.57,6.43,254.78,70.51,3.39,1.39,10.3,43.62,9.36,3.0,18.7,high_potential
C0102,44.8,127080.0,6.45,342.34,77.31,3.14,1.3,23.6,23.86,7.83,7.96,23.1,premium_repeaters
C0103,33.6,52107.85,3.46,40.98,53.47,3.85,2.05,8.7,72.72,6.35,5.69,9.9,value_seekers
C0104,20.0,81308.96,5.88,221.25,67.72,3.41,0.18,20.0,42.45,7.87,8.36,19.9,high_potential
C0105,20.0,87349.98,5.34,401.05,88.85,2.53,0.58,49.4,9.38,15.79,7.47,50.3,premium_repeaters
C0106,27.8,119816.86,9.2,455.88,73.39,3.48,1.81,23.7,36.22,10.0,5.33,26.1,premium_repeaters
C0107,46.2,60202.78,6.53,214.84,66.7,5.13,1.54,24.3,60.66,8.78,5.42,36.7,loyal_midmarket
C0108,48.0,48920.69,4.32,76.62,40.16,9.35,1.14,11.5,82.72,2.05,1.0,11.1,value_seekers
C0109,44.6,30665.28,2.19,86.13,30.73,6.24,1.18,11.4,92.58,3.47,2.19,13.4,value_seekers
C0110,56.2,92916.2,5.44,173.7,74.33,1.55,1.11,23.3,43.2,11.05,6.71,21.8,high_potential
C0111,45.7,70796.43,6.06,183.75,76.48,7.48,1.2,42.2,47.68,13.11,10.05,41.1,loyal_midmarket
C0112,50.2,40901.25,1.31,76.3,59.78,9.38,2.0,20.1,85.88,11.58,5.94,25.7,value_seekers
C0113,38.1,82863.11,5.83,158.95,85.07,5.39,1.68,35.2,48.72,13.26,5.34,43.0,loyal_midmarket
C0114,48.8,69417.07,8.34,172.52,50.0,8.41,1.61,33.3,50.66,9.44,5.3,33.1,loyal_midmarket
C0115,42.8,44202.14,3.65,85.63,57.55,5.84,0.5,17.7,87.05,7.58,6.33,21.3,value_seekers
C0116,33.7,87316.63,4.26,197.52,92.19,2.02,1.25,6.2,44.92,13.95,7.85,1.0,high_potential
C0117,49.3,80214.29,8.76,418.93,89.92,3.97,0.92,57.9,41.46,13.25,8.79,56.2,premium_repeaters
C0118,29.8,85426.89,8.2,465.01,83.12,5.42,0.99,41.1,31.05,14.41,9.48,39.3,premium_repeaters
C0119,41.1,60106.72,7.36,176.96,71.4,5.83,1.8,34.8,66.69,8.53,9.51,39.3,loyal_midmarket
C0120,32.6,126456.85,8.57,251.55,71.42,5.11,1.04,19.0,36.31,10.03,6.78,26.7,premium_repeaters
C0121,32.0,139221.18,6.15,285.39,76.43,4.58,0.23,22.0,34.59,7.2,6.0,22.4,premium_repeaters
C0122,32.5,117863.79,8.9,297.58,91.26,2.61,0.56,60.4,29.69,15.74,10.35,61.8,premium_repeaters
C0123,34.7,34648.86,3.46,92.25,33.17,7.86,1.8,20.8,91.66,6.07,2.2,22.0,value_seekers
C0124,40.9,79063.68,6.09,146.07,58.43,7.6,1.11,50.4,49.38,6.23,2.66,62.0,loyal_midmarket
C0125,27.9,53579.31,2.67,89.48,37.97,8.67,1.04,12.9,85.6,4.73,1.45,12.1,value_seekers
C0126,33.4,66929.27,6.34,166.02,65.29,4.96,0.81,40.9,66.92,8.85,6.45,44.9,loyal_midmarket
C0127,23.1,90789.35,6.81,117.93,72.54,7.22,1.07,44.0,47.79,6.85,6.26,46.5,loyal_midmarket
C0128,43.0,53581.58,1.59,58.01,32.62,7.84,1.51,22.4,89.63,5.45,1.76,25.0,value_seekers
C0129,41.0,49714.89,2.39,110.88,59.23,8.53,1.66,16.4,59.11,8.36,6.37,17.9,value_seekers
C0130,39.8,116654.16,5.79,332.22,78.54,3.65,0.98,54.5,19.31,7.75,7.39,61.6,premium_repeaters
C0131,55.3,36731.59,3.13,67.38,42.97,12.6,0.79,7.0,71.58,6.09,3.34,7.1,value_seekers
C0132,48.2,73833.66,4.54,308.33,86.53,3.44,1.32,12.2,28.24,14.45,7.21,18.8,high_potential
C0133,44.4,114998.04,8.62,361.53,74.85,1.4,0.96,54.9,18.42,12.19,8.03,58.3,premium_repeaters
C0134,46.3,63666.42,4.26,161.33,76.89,4.02,0.78,15.8,69.77,12.92,7.8,20.9,loyal_midmarket
C0135,53.0,113602.08,7.25,316.48,99.08,4.22,0.67,47.6,19.91,15.16,10.5,46.9,premium_repeaters
C0136,30.1,45462.92,3.59,90.27,44.32,6.56,1.44,22.9,81.13,8.53,4.98,22.8,value_seekers
C0137,29.4,96404.94,4.52,232.93,68.21,4.38,1.48,24.1,36.18,13.2,3.52,26.6,high_potential
C0138,23.4,75340.0,4.55,157.8,64.36,4.24,0.88,34.1,49.18,10.7,7.03,39.2,loyal_midmarket
C0139,21.4,90266.78,7.95,377.18,69.75,3.51,0.84,64.1,43.4,8.13,7.71,72.0,premium_repeaters
C0140,36.3,50734.48,2.5,102.33,43.71,9.39,1.98,21.2,82.6,7.41,5.0,27.6,value_seekers
C0141,51.7,64024.96,4.95,160.13,61.79,6.42,1.79,32.4,66.88,7.18,7.82,35.4,loyal_midmarket
C0142,27.1,71267.79,6.35,168.11,59.1,2.36,1.58,26.2,81.54,9.46,7.51,23.1,loyal_midmarket
C0143,24.8,88968.84,5.43,136.26,67.9,3.08,0.05,18.8,23.57,8.04,6.73,18.7,high_potential
C0144,34.0,75666.96,7.27,206.33,79.41,5.0,1.38,39.1,55.27,9.71,7.81,39.8,loyal_midmarket
C0145,32.4,70871.82,5.4,156.82,55.9,6.76,1.25,25.4,61.28,10.03,4.33,21.7,loyal_midmarket
C0146,38.0,38319.91,3.54,118.56,45.24,5.0,2.24,11.1,97.1,7.18,6.84,4.1,value_seekers
C0147,31.2,90911.04,8.4,144.31,77.12,3.7,1.33,21.3,48.2,12.62,7.4,26.9,loyal_midmarket
C0148,20.3,55794.94,5.83,153.89,76.7,7.12,1.83,26.4,29.34,10.15,5.92,34.1,loyal_midmarket
C0149,45.3,91711.92,7.72,180.86,65.07,4.76,1.34,50.0,57.8,6.96,6.97,56.7,loyal_midmarket
C0150,25.3,39348.88,0.98,36.8,32.78,9.33,1.89,15.1,97.61,5.29,1.95,17.0,value_seekers
C0151,37.7,88424.9,3.04,266.4,67.87,8.05,0.98,25.2,45.47,9.93,6.61,24.9,high_potential
C0152,24.8,76236.12,4.66,185.6,94.7,4.66,1.77,16.6,48.59,13.95,10.83,16.8,high_potential
C0153,25.9,43997.84,4.88,106.02,64.53,7.85,3.71,11.1,75.87,10.86,5.4,22.4,value_seekers
C0154,35.3,86988.27,7.03,248.81,52.52,4.52,0.92,14.3,63.54,12.22,4.28,19.2,loyal_midmarket
C0155,25.7,38209.62,3.62,114.68,38.2,6.42,2.65,16.3,65.64,6.26,2.41,24.3,value_seekers
C0156,25.7,114932.63,7.52,380.47,67.13,2.41,1.04,40.8,32.57,11.77,6.78,44.2,premium_repeaters
C0157,40.0,73669.34,6.08,150.78,67.28,7.27,1.13,25.1,49.57,10.58,6.85,25.6,loyal_midmarket
C0158,33.6,134001.7,9.64,394.77,70.53,2.33,0.86,36.6,18.89,8.73,5.97,36.7,premium_repeaters
C0159,58.8,139212.12,7.8,475.95,79.36,3.12,0.9,45.1,31.48,13.06,7.51,43.7,premium_repeaters
C0160,33.3,89720.24,8.66,409.72,71.14,3.49,0.04,26.9,36.38,10.62,5.74,24.5,premium_repeaters
C0161,47.4,37762.61,4.24,60.96,34.14,8.39,2.58,21.4,76.68,8.53,1.52,20.3,value_seekers
C0162,37.3,107927.18,4.08,290.53,79.32,3.17,0.74,23.5,56.53,12.85,7.4,25.6,high_potential
C0163,31.3,30358.46,2.69,95.88,59.59,12.04,2.42,15.7,87.99,6.86,3.67,17.1,value_seekers
C0164,30.7,45001.94,3.69,107.19,51.55,8.61,2.25,13.7,85.3,8.7,3.75,17.2,value_seekers
C0165,36.1,72621.99,5.45,161.57,56.75,7.28,1.84,39.4,71.75,7.65,5.52,53.5,loyal_midmarket
C0166,42.2,67226.67,6.65,209.25,66.86,8.2,1.34,36.7,45.82,8.34,4.99,38.2,loyal_midmarket
C0167,31.6,128076.45,4.51,151.72,67.72,4.72,1.27,21.9,52.77,7.92,5.29,25.2,high_potential
C0168,46.6,74234.37,3.49,252.57,80.2,6.36,1.02,23.4,28.39,12.71,7.82,26.1,high_potential
C0169,34.4,60155.34,4.4,155.08,73.65,6.24,0.38,24.2,47.49,7.68,5.54,20.7,loyal_midmarket
C0170,32.3,89293.81,3.5,205.37,83.53,2.72,0.9,25.2,41.82,11.32,9.14,31.8,high_potential
C0171,45.0,77147.58,5.79,196.79,71.2,6.84,0.87,34.4,53.45,12.21,7.13,32.3,loyal_midmarket
C0172,40.6,56196.9,7.65,258.19,78.02,7.57,1.25,17.4,37.4,9.32,7.0,17.0,loyal_midmarket
C0173,49.0,47540.27,2.05,78.78,63.12,5.31,2.5,11.1,86.37,10.84,4.13,16.1,value_seekers
C0174,46.7,104704.9,3.86,220.38,76.32,5.58,1.17,12.1,32.5,13.2,6.88,14.8,high_potential
C0175,39.1,29353.52,4.47,80.74,49.1,6.38,3.12,8.7,79.3,7.68,6.72,6.4,value_seekers
C0176,36.2,37585.84,3.9,21.26,44.53,7.22,1.15,20.5,79.39,2.53,2.46,21.0,value_seekers
C0177,30.6,83533.12,3.67,153.18,64.0,8.14,1.66,28.4,65.74,6.43,7.32,34.5,loyal_midmarket
C0178,42.4,81908.0,3.67,201.31,76.5,4.01,1.28,13.9,52.2,10.05,7.17,15.7,high_potential
C0179,27.9,96253.81,7.07,247.58,82.78,9.74,1.26,21.4,53.04,10.81,8.43,21.6,high_potential
C0180,21.9,114864.86,7.71,399.81,84.91,3.29,0.57,55.6,34.19,12.46,8.81,56.4,premium_repeaters
C0181,20.0,101651.52,5.11,233.41,74.58,3.72,0.87,18.1,45.65,10.77,6.39,18.5,high_potential
C0182,23.3,84297.64,5.34,166.84,59.35,4.24,1.38,29.8,53.82,8.99,5.64,30.9,high_potential
C0183,31.8,78471.65,5.1,182.27,72.2,6.49,0.72,30.5,29.67,8.28,6.8,30.5,loyal_midmarket
C0184,41.0,71328.65,3.49,187.54,58.72,5.87,0.43,34.3,51.45,7.88,3.19,36.8,loyal_midmarket
C0185,40.3,91410.26,6.62,339.54,73.13,4.31,0.76,30.4,25.78,14.2,5.71,33.7,premium_repeaters
C0186,30.0,116677.38,8.14,338.71,74.0,1.49,0.64,29.1,14.19,11.74,7.57,26.9,premium_repeaters
C0187,22.8,61153.45,5.89,114.96,63.06,5.72,1.69,26.9,63.47,10.43,8.07,23.9,loyal_midmarket
C0188,39.2,46440.89,3.46,35.12,20.73,8.32,1.51,7.4,82.52,3.23,3.6,13.1,value_seekers
C0189,56.8,118143.89,7.33,398.54,70.17,7.16,1.09,46.6,32.2,6.81,8.34,51.7,premium_repeaters
C0190,57.8,38931.93,3.61,58.02,51.31,6.37,1.88,12.3,97.4,7.46,4.14,14.5,value_seekers
C0191,57.4,104590.09,4.44,193.15,82.81,3.94,0.98,6.9,53.04,14.75,6.34,11.8,high_potential
C0192,42.9,44126.92,2.56,84.31,54.27,8.25,0.67,6.1,70.95,10.48,2.28,16.4,value_seekers
C0193,20.0,54789.68,4.44,51.37,41.36,10.74,2.24,6.1,86.89,8.18,3.79,7.3,value_seekers
C0194,38.9,80515.94,5.78,248.99,85.79,6.2,1.54,23.1,48.66,9.83,6.46,24.2,high_potential
C0195,35.6,39461.87,3.74,126.02,44.5,10.51,2.66,12.6,86.76,7.63,2.38,19.9,value_seekers
C0196,31.7,43453.72,5.15,85.47,50.37,9.36,0.97,17.1,70.85,7.91,4.15,23.4,value_seekers
C0197,28.8,126036.3,7.41,340.69,83.25,2.55,0.92,38.3,15.32,12.66,5.72,46.5,premium_repeaters
C0198,47.4,64894.68,4.68,272.45,72.32,6.89,1.18,21.3,32.64,12.06,5.43,22.0,high_potential
C0199,30.4,43593.44,3.85,86.15,49.85,7.33,1.28,23.6,90.39,5.64,2.87,27.9,value_seekers
C0200,45.2,84405.71,4.16,212.44,65.47,4.62,1.45,39.8,46.56,6.84,5.71,42.3,loyal_midmarket
C0201,41.6,142863.02,10.01,379.45,68.48,4.14,1.33,50.7,34.28,8.57,3.57,52.4,premium_repeaters
C0202,41.1,93094.63,5.0,232.3,61.96,5.83,2.03,18.5,45.38,6.8,5.92,28.7,high_potential
C0203,33.7,62404.11,5.54,178.26,81.47,8.24,1.47,30.2,76.43,8.09,9.36,29.9,loyal_midmarket
C0204,45.9,50714.21,5.92,55.26,62.5,8.18,2.44,4.1,93.74,10.22,4.61,6.0,value_seekers
C0205,41.3,36785.04,3.04,43.68,55.34,10.98,1.24,16.1,79.88,6.14,6.5,15.6,value_seekers
C0206,31.5,41425.16,5.52,91.16,33.89,11.07,2.3,18.4,91.52,4.5,1.27,19.9,value_seekers
C0207,35.3,39627.69,4.84,95.93,28.85,4.11,3.13,13.5,76.82,6.97,2.07,9.5,value_seekers
C0208,35.7,142613.23,7.58,418.62,80.05,4.61,1.26,49.5,30.78,9.62,7.28,59.1,premium_repeaters
C0209,20.7,42133.97,3.9,79.26,48.78,7.58,0.53,14.1,73.2,7.94,5.17,16.6,value_seekers
C0210,31.7,78806.05,3.88,132.36,87.74,3.12,1.57,27.1,54.72,12.81,7.35,31.4,loyal_midmarket
C0211,20.0,99096.9,7.9,273.3,81.42,6.91,1.58,50.6,27.32,14.2,6.3,47.3,premium_repeaters
C0212,43.2,105413.46,7.25,281.59,68.19,3.43,0.45,33.1,21.75,9.38,7.03,34.2,premium_repeaters
C0213,45.7,40721.64,3.22,101.76,53.02,7.63,1.86,9.3,75.11,8.48,5.21,13.1,value_seekers
C0214,40.8,88693.05,5.57,247.4,82.2,4.64,1.69,19.6,52.32,10.27,8.45,22.6,high_potential
C0215,22.1,169215.3,6.94,343.9,74.43,2.87,1.67,33.9,24.21,7.22,7.65,32.9,premium_repeaters
C0216,36.2,168394.55,6.95,248.33,85.2,2.55,1.55,38.6,22.95,11.72,7.05,43.6,premium_repeaters
C0217,37.3,40210.52,2.23,99.93,23.56,6.89,2.41,15.8,86.72,5.22,2.77,22.5,value_seekers
C0218,28.9,50347.91,4.25,79.01,28.87,9.05,2.24,20.5,74.51,3.98,1.0,24.4,value_seekers
C0219,55.8,93626.62,2.76,172.19,86.17,7.72,0.39,15.7,46.43,11.36,10.0,15.7,high_potential
C0220,34.8,67502.53,7.07,128.3,66.29,2.01,0.57,42.4,53.55,9.03,6.45,41.4,loyal_midmarket
C0221,32.7,83794.99,3.05,150.89,69.59,4.82,1.44,36.7,51.26,12.24,5.3,37.7,loyal_midmarket
C0222,34.7,71246.32,6.42,234.61,65.0,6.73,1.94,33.4,52.1,10.99,6.23,34.3,loyal_midmarket
C0223,43.8,122235.21,5.81,286.79,95.15,3.27,0.51,59.2,30.25,12.96,8.41,60.6,premium_repeaters
C0224,46.7,67258.93,4.7,221.84,90.65,4.94,0.0,17.3,73.4,14.13,7.2,16.1,high_potential
C0225,25.9,55754.31,5.78,183.2,49.28,2.93,1.21,29.9,57.55,4.67,6.78,34.8,loyal_midmarket
C0226,33.1,62263.63,3.6,226.69,88.98,5.3,1.28,18.1,35.74,10.15,8.65,15.3,high_potential
C0227,30.4,31891.4,3.82,57.45,48.56,6.78,2.93,15.9,91.89,4.97,3.84,18.2,value_seekers
C0228,24.3,68854.75,5.33,137.46,53.86,0.79,0.57,40.3,39.61,6.42,5.35,49.4,loyal_midmarket
C0229,27.6,129561.71,8.49,256.27,76.15,1.4,2.12,22.9,19.62,13.58,10.31,18.9,premium_repeaters
C0230,41.2,37718.26,2.18,34.08,42.07,7.21,1.28,15.3,85.16,3.81,4.76,16.1,value_seekers
C0231,41.5,42112.62,4.39,109.75,27.94,4.41,1.2,7.7,88.04,4.78,2.83,14.1,value_seekers
C0232,50.4,86396.76,6.76,182.38,82.8,5.21,1.02,25.6,60.33,14.45,4.77,27.4,loyal_midmarket
C0233,30.4,87168.2,4.76,180.92,95.45,4.69,0.8,18.2,25.97,12.38,7.52,24.1,high_potential
C0234,31.8,141571.46,9.51,368.43,74.36,3.19,0.5,30.1,19.64,7.5,7.07,27.9,premium_repeaters
C0235,41.3,91518.93,6.67,183.27,76.66,5.3,0.87,23.2,53.75,10.24,5.05,24.2,high_potential
C0236,35.0,75911.23,4.12,165.04,77.96,6.71,0.55,20.0,35.66,12.34,6.14,19.2,high_potential
C0237,52.3,84139.92,5.91,157.26,55.47,5.46,1.74,36.7,74.15,7.29,5.7,37.5,loyal_midmarket
C0238,53.1,102915.65,9.25,359.89,80.05,4.39,1.76,44.1,27.1,10.79,7.28,49.9,premium_repeaters
C0239,36.3,43758.43,3.86,56.09,26.49,5.78,1.03,10.1,87.08,1.34,1.76,12.9,value_seekers
C0240,38.9,47285.32,4.09,71.89,46.94,13.5,1.79,9.8,80.61,6.64,2.25,11.2,value_seekers
C0241,42.0,73560.54,4.64,203.39,68.9,4.52,1.03,24.2,45.01,10.99,6.79,24.1,high_potential
C0242,39.8,133584.71,8.57,372.38,77.21,3.82,1.43,34.2,22.97,9.38,6.91,37.8,premium_repeaters
C0243,20.0,41154.01,1.28,84.51,43.11,7.6,2.93,6.7,75.4,5.37,3.21,6.8,value_seekers
C0244,33.6,85292.13,7.23,182.72,64.29,6.85,1.19,25.8,38.55,13.74,5.93,30.8,loyal_midmarket
C0245,43.6,104223.6,5.72,370.36,63.88,4.22,1.31,47.2,26.24,7.57,8.4,49.9,premium_repeaters
C0246,31.6,82724.81,5.65,113.26,85.49,7.15,1.01,21.9,51.59,10.6,6.92,26.1,high_potential
C0247,45.5,138284.98,8.96,301.15,72.13,2.66,1.27,30.0,30.85,12.32,6.13,31.6,premium_repeaters
C0248,51.8,69433.73,5.03,215.6,60.33,5.63,1.16,23.5,48.52,6.6,5.91,26.3,loyal_midmarket
C0249,36.8,70246.63,10.34,189.98,64.19,7.56,0.1,34.9,71.95,8.38,7.87,30.0,loyal_midmarket
C0250,24.7,76512.84,5.19,156.02,62.4,5.65,2.0,44.5,58.1,9.98,3.79,41.2,loyal_midmarket
C0251,38.7,113939.79,7.96,277.43,69.81,3.38,1.15,54.7,32.86,7.83,5.63,53.8,premium_repeaters
C0252,37.7,94149.03,5.17,126.0,66.93,6.73,1.04,8.1,69.56,10.36,5.57,11.6,high_potential
C0253,40.8,63269.12,8.75,215.11,76.22,6.04,0.6,46.8,46.41,6.81,7.37,42.2,loyal_midmarket
C0254,49.2,34718.11,1.51,103.52,70.44,11.47,1.59,14.1,89.1,10.13,6.82,14.7,value_seekers
C0255,54.2,46984.89,3.37,87.0,61.56,11.02,2.18,24.3,78.91,15.34,3.93,28.5,value_seekers
C0256,28.4,105591.79,8.13,361.85,93.6,2.63,1.35,55.9,33.64,15.83,9.35,63.6,premium_repeaters
C0257,40.2,91065.22,5.05,206.85,79.77,4.85,0.58,10.7,38.48,11.83,7.95,12.6,high_potential
C0258,20.6,36354.11,4.97,83.31,39.8,9.21,0.33,9.3,89.85,8.71,3.1,15.7,value_seekers
C0259,49.6,44626.31,4.62,78.33,55.41,6.32,1.42,9.2,84.74,5.37,3.52,10.5,value_seekers
C0260,52.1,125102.79,10.27,361.65,74.9,4.5,0.78,37.5,20.33,12.3,6.16,29.3,premium_repeaters
C0261,29.3,38306.93,5.19,72.15,36.84,7.67,2.13,11.3,69.41,5.41,3.98,18.5,value_seekers
C0262,38.1,84078.68,4.07,277.1,72.31,4.09,1.55,12.9,40.05,10.85,9.5,14.9,high_potential
C0263,44.1,76034.98,3.35,191.42,68.38,5.08,1.35,33.7,53.53,7.87,10.45,33.5,loyal_midmarket
C0264,43.7,35557.28,3.6,52.61,46.4,5.67,1.45,20.3,85.78,10.3,2.55,15.2,value_seekers
C0265,20.0,110928.41,5.92,233.09,66.31,5.04,0.76,18.2,43.5,9.31,5.35,24.7,high_potential
C0266,38.9,36957.05,3.86,67.66,17.94,9.02,2.22,12.8,72.82,1.0,1.0,8.9,value_seekers
C0267,20.0,82127.27,5.76,164.32,87.55,5.63,1.4,30.3,48.63,13.4,7.71,36.2,loyal_midmarket
C0268,22.9,40764.96,4.24,51.13,37.92,5.16,3.22,19.3,64.38,4.47,1.59,20.7,value_seekers
C0269,21.7,59502.86,3.81,101.87,36.7,9.81,1.5,12.3,86.89,5.61,5.13,20.7,value_seekers
C0270,37.5,32321.22,2.58,60.95,48.0,8.16,1.43,7.9,71.87,5.49,6.53,8.1,value_seekers
C0271,45.5,41259.07,4.77,76.67,47.94,7.86,0.44,22.6,80.92,6.52,3.14,21.6,value_seekers
C0272,28.0,53123.99,3.81,99.18,61.3,10.89,2.41,5.5,76.43,9.1,3.63,10.4,value_seekers
C0273,33.8,40301.3,2.01,88.67,25.14,9.32,2.1,25.4,88.78,1.0,1.0,30.7,value_seekers
C0274,52.0,123996.57,4.26,337.96,69.84,3.63,0.36,47.1,28.15,8.44,6.0,49.1,premium_repeaters
C0275,41.8,93803.74,8.11,372.44,97.75,2.69,0.77,35.1,29.7,16.14,8.02,36.9,premium_repeaters
C0276,55.9,83834.09,6.85,179.58,64.85,9.37,0.71,37.0,47.25,7.91,6.61,42.5,loyal_midmarket
C0277,38.6,75092.35,5.58,206.54,71.89,5.39,1.17,38.3,56.06,13.66,5.07,37.7,loyal_midmarket
C0278,33.2,77131.63,5.82,241.58,58.97,3.68,0.62,37.2,41.64,8.9,4.66,30.6,loyal_midmarket
C0279,28.8,65679.15,5.99,157.69,81.17,3.68,1.8,23.2,35.92,11.07,7.14,27.7,high_potential
C0280,27.4,107083.58,3.98,213.65,82.59,6.09,0.92,16.0,28.61,11.52,7.61,19.3,high_potential
C0281,55.9,51353.28,2.31,84.1,47.26,6.24,2.95,19.5,84.32,6.74,4.81,15.5,value_seekers
C0282,43.6,33769.0,3.8,62.34,53.29,10.64,2.02,2.9,74.27,2.22,6.58,5.0,value_seekers
C0283,41.6,43229.91,2.68,114.87,36.87,6.28,2.09,24.7,94.99,6.85,1.59,28.5,value_seekers
C0284,44.4,47797.34,2.77,97.96,42.27,9.25,1.89,1.0,83.43,5.83,6.14,1.0,value_seekers
C0285,34.5,75736.48,6.73,216.56,71.63,3.38,0.0,29.2,60.85,10.53,8.31,34.4,loyal_midmarket
C0286,40.4,68457.4,6.76,197.71,83.02,1.93,0.92,42.5,67.91,13.37,8.76,43.3,loyal_midmarket
C0287,36.8,38763.04,3.83,119.51,67.69,9.86,1.84,13.7,86.46,7.55,7.97,16.4,value_seekers
C0288,20.0,58317.78,5.68,183.42,87.91,4.24,0.8,28.5,68.93,18.02,8.82,26.5,loyal_midmarket
C0289,31.0,58728.18,6.15,182.36,76.46,8.31,1.43,28.6,61.08,7.4,4.76,26.5,loyal_midmarket
C0290,53.2,33931.99,2.32,97.83,30.61,0.14,0.96,11.2,77.16,6.13,2.76,10.7,value_seekers
C0291,42.3,87365.43,3.88,207.65,67.11,5.07,0.88,11.4,55.92,9.88,5.98,11.6,high_potential
C0292,63.2,34191.68,3.57,74.47,33.66,3.94,1.51,17.4,76.44,7.42,4.17,22.9,value_seekers
C0293,41.8,115792.97,3.93,107.57,69.98,5.69,1.08,19.9,59.21,8.12,4.83,25.1,high_potential
C0294,36.0,56527.03,3.6,74.42,37.54,6.38,1.23,6.3,70.0,7.58,3.82,5.9,value_seekers
C0295,45.9,91979.77,3.98,205.16,77.25,5.95,0.95,25.6,46.08,7.41,7.4,25.6,high_potential
C0296,49.1,98879.86,5.43,226.89,70.86,3.51,1.28,21.0,40.39,8.96,8.73,19.5,high_potential
C0297,40.5,101028.73,4.41,221.5,75.39,0.41,0.55,17.6,42.43,10.13,5.37,24.2,high_potential
C0298,30.2,92872.77,4.44,203.76,71.37,8.39,0.0,15.3,45.96,11.82,6.42,20.9,high_potential
C0299,27.5,113127.87,7.33,334.24,77.37,3.26,1.03,51.0,18.16,12.79,7.38,46.0,premium_repeaters
C0300,39.8,127094.82,5.36,438.17,73.13,3.72,1.33,30.2,23.63,11.05,8.9,43.6,premium_repeaters
C0301,34.6,139702.12,8.05,285.59,86.48,1.55,1.7,44.4,6.8,11.88,8.86,49.0,premium_repeaters
C0302,38.7,34349.78,2.19,88.21,45.38,7.13,2.78,8.9,84.51,3.84,4.14,4.7,value_seekers
C0303,41.5,95774.4,6.9,119.6,36.9,6.32,1.14,45.4,46.07,4.38,2.76,50.8,loyal_midmarket
C0304,32.3,72303.15,6.85,179.5,77.74,4.17,0.4,53.8,48.56,11.24,6.53,55.5,loyal_midmarket
C0305,33.3,87738.49,4.76,216.99,52.78,7.81,0.93,22.1,32.22,10.48,3.98,21.4,high_potential
C0306,27.1,81096.96,5.42,164.16,65.54,7.31,0.07,20.8,36.47,6.13,4.93,19.6,loyal_midmarket
C0307,37.6,47823.43,4.98,222.01,72.04,5.34,0.6,18.6,43.75,12.1,7.43,24.1,loyal_midmarket
C0308,23.3,104723.98,7.54,322.33,76.39,6.15,0.02,39.2,37.69,9.85,6.63,38.6,premium_repeaters
C0309,59.5,27636.39,4.1,106.66,51.1,5.82,1.87,8.6,79.34,4.93,4.9,11.0,value_seekers
C0310,32.6,29833.84,2.3,63.97,39.67,10.34,2.26,17.1,73.21,4.41,3.22,20.2,value_seekers
C0311,27.0,77296.3,5.78,187.91,83.93,4.69,1.91,39.6,40.79,10.28,7.5,38.3,loyal_midmarket
C0312,59.1,79375.73,7.71,190.79,63.54,1.25,1.24,34.3,55.65,10.65,4.43,41.2,loyal_midmarket
C0313,20.7,37383.05,3.41,70.61,51.01,8.89,0.93,21.2,82.82,7.85,6.0,23.0,value_seekers
C0314,53.0,67950.28,7.19,186.55,54.85,2.45,1.87,46.0,56.91,9.2,3.71,52.2,loyal_midmarket
C0315,41.7,92777.15,6.84,166.5,61.32,5.46,0.2,41.0,45.42,8.23,4.51,40.9,loyal_midmarket
C0316,37.2,70065.25,8.47,228.48,71.54,4.95,1.71,45.3,46.53,12.47,9.4,40.0,loyal_midmarket
C0317,31.5,72960.99,3.65,201.31,58.96,3.81,1.58,36.5,49.61,7.6,3.81,39.0,loyal_midmarket
C0318,39.5,112013.86,8.01,330.2,66.69,4.79,0.0,36.6,23.04,11.78,5.07,40.9,premium_repeaters
C0319,33.1,79038.99,6.43,120.1,87.01,2.41,1.45,37.9,56.48,9.31,7.82,43.2,loyal_midmarket
C0320,35.4,79541.88,4.05,227.15,83.7,4.25,1.39,18.3,37.07,10.56,8.21,19.2,high_potential
C0321,23.9,91519.69,3.05,143.94,77.82,3.5,1.15,23.5,33.29,11.82,6.49,32.2,high_potential
C0322,33.7,60792.71,5.59,138.33,76.83,3.6,1.86,30.0,44.61,10.73,6.75,21.5,loyal_midmarket
C0323,45.1,81896.91,3.94,220.67,76.21,7.25,1.17,44.1,40.76,7.58,5.35,43.1,loyal_midmarket
C0324,38.0,72066.37,5.21,193.16,49.92,1.17,2.02,43.0,44.56,7.97,4.75,49.1,loyal_midmarket
C0325,27.5,104427.31,4.0,211.25,73.84,4.36,0.81,18.5,46.34,8.6,6.41,23.7,high_potential
C0326,57.1,112684.95,8.04,223.45,85.13,2.62,1.51,36.3,27.61,14.64,7.79,37.2,premium_repeaters
C0327,45.1,94231.28,4.88,243.91,67.83,3.23,0.68,18.7,43.79,7.74,5.14,25.9,high_potential
C0328,48.8,54765.13,8.64,190.66,72.8,2.59,1.2,39.1,51.73,8.51,5.19,50.3,loyal_midmarket
C0329,35.4,102200.39,9.91,397.33,76.92,3.55,0.49,52.7,24.96,10.61,6.66,57.1,premium_repeaters
C0330,39.7,72126.9,7.15,237.63,73.85,6.45,1.08,26.9,59.89,9.89,6.6,23.2,loyal_midmarket
C0331,38.1,108811.76,9.72,366.39,88.99,3.84,0.94,30.8,28.1,11.63,7.64,27.3,premium_repeaters
C0332,21.2,45721.32,3.96,75.47,50.63,7.54,0.0,11.1,90.63,10.4,3.54,13.5,value_seekers
C0333,31.5,118038.68,5.54,429.5,77.33,3.56,1.58,49.9,20.99,9.8,4.07,53.9,premium_repeaters
C0334,48.2,87201.39,3.17,274.65,75.59,3.35,0.65,4.8,35.01,12.25,6.74,15.7,high_potential
C0335,31.3,38112.37,2.54,141.49,42.74,13.29,2.91,3.6,76.67,5.98,8.08,5.2,value_seekers
C0336,41.3,98609.9,7.84,373.91,77.99,3.64,0.38,43.3,32.09,13.97,8.4,47.6,premium_repeaters
C0337,21.5,42641.65,2.33,75.0,42.36,8.63,1.42,8.4,72.49,3.11,2.45,9.4,value_seekers
C0338,30.2,110909.77,5.5,360.89,83.92,2.79,0.68,48.4,22.29,13.76,8.47,55.2,premium_repeaters
C0339,41.7,50330.8,1.52,123.85,49.7,10.53,2.11,14.3,79.8,8.84,2.3,15.0,value_seekers
C0340,46.5,79876.36,7.05,184.96,71.85,3.39,1.17,12.8,44.14,11.84,7.68,12.1,high_potential
C0341,55.1,51494.6,3.64,171.03,57.65,8.81,1.1,13.4,93.41,9.81,3.48,21.3,value_seekers
C0342,28.2,95307.43,3.43,150.5,76.15,5.64,1.45,21.5,51.32,7.86,4.12,23.1,high_potential
C0343,39.2,99109.64,3.97,244.9,83.98,3.81,1.3,13.4,27.54,11.12,10.4,13.5,high_potential
C0344,47.3,90534.57,8.07,285.29,85.27,3.89,1.09,30.7,21.88,13.14,6.5,39.7,premium_repeaters
C0345,30.3,124100.89,11.14,345.63,89.69,2.54,0.88,49.4,31.18,14.79,9.82,48.2,premium_repeaters
C0346,42.9,145218.58,10.21,347.4,75.51,5.26,1.26,30.2,19.73,10.73,8.37,31.5,premium_repeaters
C0347,38.2,99385.56,6.26,132.74,76.28,5.91,0.24,13.4,37.6,14.94,5.79,21.9,high_potential
C0348,46.0,46739.02,4.06,99.69,49.79,8.76,3.15,20.6,73.52,7.74,6.11,26.2,value_seekers
C0349,43.0,121385.33,7.8,346.67,61.85,3.4,0.57,27.8,39.47,7.71,6.04,29.6,premium_repeaters
C0350,33.0,50922.92,2.67,89.88,55.42,3.16,1.75,11.4,80.93,11.76,4.58,14.0,value_seekers
C0351,37.3,123250.8,10.49,309.75,92.52,3.51,1.79,51.0,30.46,13.37,9.67,50.5,premium_repeaters
C0352,53.3,41882.0,3.18,83.73,56.91,11.06,1.27,10.0,85.03,5.63,4.8,16.6,value_seekers
C0353,42.4,60832.76,5.88,236.15,53.77,2.09,0.7,36.9,59.59,4.16,6.55,43.6,loyal_midmarket
C0354,27.1,68254.86,7.08,133.68,68.05,5.43,1.89,18.1,54.28,11.28,7.99,22.2,loyal_midmarket
C0355,47.4,65579.65,7.31,227.63,51.57,6.1,1.78,31.4,43.1,7.01,4.63,28.6,loyal_midmarket
C0356,27.1,80586.46,5.45,156.04,68.99,6.81,2.57,18.9,56.84,7.98,5.33,25.0,loyal_midmarket
C0357,49.6,107393.12,7.39,357.78,81.87,3.49,0.24,50.7,27.58,8.49,7.4,49.9,premium_repeaters
C0358,20.0,141327.15,7.74,329.02,71.04,5.79,0.39,33.3,32.56,11.4,7.72,40.4,premium_repeaters
C0359,41.7,78697.4,6.01,142.79,66.6,3.24,1.49,42.1,67.29,8.92,5.38,47.8,loyal_midmarket
C0360,44.7,126526.09,6.92,354.81,69.51,2.35,1.22,52.6,20.11,9.96,8.3,52.5,premium_repeaters
C0361,35.9,100112.31,5.68,286.35,67.67,3.22,0.64,16.2,22.45,11.23,6.64,16.0,high_potential
C0362,38.7,36593.73,4.09,108.08,35.78,6.77,0.02,7.5,76.06,4.08,1.54,5.7,value_seekers
C0363,38.7,43540.03,3.93,100.06,45.15,4.15,1.3,11.6,78.77,8.07,2.72,19.3,value_seekers
C0364,35.7,48105.63,4.14,69.85,55.19,7.6,0.67,16.7,83.74,6.45,5.87,18.6,value_seekers
C0365,39.3,117217.89,7.75,359.64,68.76,2.34,0.0,48.8,18.3,11.03,4.57,52.3,premium_repeaters
C0366,43.6,71218.06,8.2,240.0,77.87,5.61,0.6,41.2,52.58,10.78,7.31,40.7,loyal_midmarket
C0367,30.3,122433.01,8.24,308.14,67.25,5.61,2.14,47.4,17.41,12.29,4.42,51.4,premium_repeaters
C0368,42.1,115762.01,7.79,387.55,75.25,1.47,1.21,55.5,27.34,9.06,8.28,55.6,premium_repeaters
C0369,36.1,76649.95,6.79,232.57,57.45,4.01,1.29,28.4,61.05,8.34,5.46,26.4,loyal_midmarket
C0370,54.9,102020.23,5.23,228.45,76.88,4.5,0.64,20.0,42.67,12.25,7.52,27.4,high_potential
C0371,31.2,116416.74,5.61,328.11,78.81,3.8,1.13,53.1,22.46,12.8,6.62,60.9,premium_repeaters
C0372,33.2,41035.1,3.4,90.79,50.67,14.34,1.95,18.0,68.51,8.04,1.0,24.9,value_seekers
C0373,42.5,80088.28,8.5,110.14,83.19,0.01,1.76,33.9,32.85,12.61,8.38,40.5,loyal_midmarket
C0374,22.1,67059.89,3.97,204.22,85.5,7.03,0.01,18.9,46.39,13.0,5.77,21.0,loyal_midmarket
C0375,41.8,48994.16,4.1,76.3,42.93,3.13,1.53,14.0,83.35,5.6,4.3,17.0,value_seekers
C0376,38.3,51018.29,3.4,97.94,42.77,6.38,2.22,10.7,85.09,5.45,3.18,11.5,value_seekers
C0377,28.1,63312.98,5.22,219.26,81.65,3.95,1.95,15.3,37.25,14.73,9.34,10.4,high_potential
C0378,40.5,79208.94,5.12,243.39,64.48,4.52,2.06,40.6,73.81,7.99,3.28,41.0,loyal_midmarket
C0379,39.7,68656.85,7.57,200.96,68.2,3.21,1.34,44.1,57.88,11.48,1.82,42.9,loyal_midmarket
C0380,39.5,124891.22,11.36,257.04,76.07,3.49,0.67,54.4,31.78,10.9,11.37,59.6,premium_repeaters
C0381,51.7,73816.16,6.43,120.13,62.57,7.07,0.4,12.4,54.29,8.27,3.09,14.6,loyal_midmarket
C0382,43.2,94783.81,5.53,138.73,84.21,6.03,1.57,22.1,52.54,8.39,5.55,27.6,high_potential
C0383,29.5,104751.86,7.31,361.35,80.6,4.95,1.47,31.5,29.91,12.16,2.55,32.8,premium_repeaters
C0384,37.0,100934.93,6.88,159.15,87.27,4.37,1.28,29.1,68.87,14.88,8.75,31.7,loyal_midmarket
C0385,35.2,71347.82,7.53,268.85,71.17,5.21,1.3,47.1,48.61,7.8,5.75,43.0,loyal_midmarket
C0386,33.6,87160.95,6.75,231.44,65.79,3.64,1.69,25.9,46.28,7.41,6.53,32.4,high_potential
C0387,34.9,158907.86,7.81,297.34,81.28,2.89,0.2,50.4,36.94,9.69,7.18,50.9,premium_repeaters
C0388,40.7,79564.47,3.69,285.69,78.2,5.72,1.44,23.4,41.87,12.05,7.59,24.3,high_potential
C0389,34.1,38556.06,2.17,93.66,42.55,3.27,2.21,19.8,100.0,3.86,4.16,19.6,value_seekers
C0390,32.2,91034.77,3.91,203.0,56.19,6.28,0.61,17.8,31.73,8.0,5.78,18.6,high_potential
C0391,44.5,143903.35,8.6,392.92,89.57,4.24,0.88,54.1,36.58,11.11,7.76,50.3,premium_repeaters
C0392,31.9,49016.59,3.48,118.42,60.78,11.0,2.76,7.8,85.86,8.11,7.38,3.2,value_seekers
C0393,33.0,126293.36,10.53,349.75,97.58,3.73,0.91,26.6,36.88,16.5,10.49,26.1,premium_repeaters
C0394,47.0,138376.92,6.96,337.2,77.52,4.52,1.68,46.4,43.8,12.73,9.44,47.5,premium_repeaters
C0395,38.5,59984.6,4.69,90.64,42.4,9.44,3.14,16.6,85.64,5.73,4.04,17.3,value_seekers
C0396,43.7,92617.2,5.91,181.84,59.35,6.29,2.02,50.2,55.83,9.53,5.83,51.6,loyal_midmarket
C0397,25.4,88873.97,4.95,228.08,71.35,4.41,1.85,37.0,33.96,9.99,7.74,35.1,high_potential
C0398,26.8,79095.04,6.41,198.51,61.08,4.56,1.19,18.2,43.55,9.22,6.41,23.2,loyal_midmarket
C0399,48.5,49924.14,4.42,203.21,40.21,7.2,0.11,42.4,46.0,1.2,4.63,57.3,loyal_midmarket
C0400,33.9,50302.05,6.71,172.76,69.3,3.36,1.67,19.5,65.17,13.09,6.21,15.9,loyal_midmarket
C0401,36.0,94891.63,7.67,152.06,67.15,5.22,2.12,38.4,55.59,12.2,6.11,40.2,loyal_midmarket
C0402,20.0,82075.04,4.18,187.85,61.38,3.6,1.75,16.6,53.04,8.45,4.91,20.8,high_potential
C0403,40.2,121257.28,6.76,223.19,85.38,3.82,0.74,30.4,16.24,12.6,5.83,38.9,premium_repeaters
C0404,36.1,44026.05,3.45,111.6,52.28,0.54,2.24,8.0,70.63,4.19,5.74,11.6,value_seekers
C0405,37.0,99450.08,4.85,175.3,65.19,6.44,0.24,25.5,44.35,9.02,6.78,20.6,high_potential
C0406,52.4,67953.85,5.35,213.56,68.21,6.17,0.0,20.4,62.19,9.14,5.31,24.0,high_potential
C0407,45.8,68364.89,6.85,151.75,75.57,8.84,1.16,20.6,41.9,12.55,6.12,22.3,loyal_midmarket
C0408,32.6,100459.35,4.63,180.7,70.39,2.88,1.99,17.3,52.45,9.59,7.94,15.1,high_potential
C0409,26.5,37313.41,2.63,93.89,50.99,12.11,2.08,17.9,87.75,5.12,2.77,16.0,value_seekers
C0410,29.9,99931.9,5.12,213.18,50.67,8.09,0.55,32.4,31.51,7.96,3.06,25.6,high_potential
C0411,34.6,98686.0,5.44,382.75,83.69,5.86,0.56,44.6,17.69,12.88,9.03,44.6,premium_repeaters
C0412,41.1,135839.2,6.24,394.92,77.65,3.08,0.55,35.3,41.94,10.57,10.48,38.0,premium_repeaters
C0413,24.9,53745.09,2.78,83.16,42.43,8.36,1.24,16.6,93.62,5.09,3.25,14.1,value_seekers
C0414,50.9,117976.99,5.9,247.77,71.62,4.34,0.27,23.5,50.91,9.95,6.75,24.6,high_potential
C0415,54.7,50027.08,2.03,108.4,44.75,5.35,0.13,13.2,93.58,10.32,4.01,16.6,value_seekers
C0416,26.2,50579.73,3.05,77.14,36.87,2.85,2.83,10.2,75.59,8.79,6.28,11.3,value_seekers
C0417,54.1,27052.2,3.15,64.14,56.86,8.72,1.29,14.4,78.18,9.46,1.44,18.6,value_seekers
C0418,30.3,116797.8,10.62,412.94,63.22,3.09,0.3,62.5,29.95,3.82,4.23,64.7,premium_repeaters
C0419,55.1,42327.99,4.35,41.47,40.43,10.52,0.64,15.4,82.53,5.43,4.87,16.5,value_seekers
C0420,52.9,68104.77,4.56,191.77,72.75,6.16,1.28,12.8,47.37,10.68,6.34,11.4,high_potential
C0421,47.9,116865.91,5.05,417.59,71.81,4.83,0.59,34.5,37.7,11.78,6.12,37.3,premium_repeaters
C0422,38.2,41924.69,2.84,112.6,36.68,11.71,1.55,14.1,88.07,5.18,4.59,14.9,value_seekers
C0423,36.3,36034.33,3.37,90.26,55.38,7.75,3.25,13.1,80.1,5.84,4.29,9.8,value_seekers
C0424,56.1,52222.47,3.47,77.88,59.72,11.88,2.8,8.9,78.04,8.0,6.43,11.8,value_seekers
C0425,32.4,136131.38,6.64,352.07,85.41,1.99,0.91,28.6,20.13,11.56,6.86,32.5,premium_repeaters
C0426,43.4,88773.32,3.54,227.15,84.18,4.67,0.9,20.6,25.72,11.78,7.49,35.0,high_potential
C0427,40.8,48692.46,5.15,114.37,19.13,9.41,3.86,17.7,72.76,5.2,1.0,14.6,value_seekers
C0428,25.5,89113.65,3.86,188.14,87.38,4.97,0.72,10.0,27.28,14.44,7.16,12.4,high_potential
C0429,50.6,56134.89,2.78,84.05,32.05,10.48,3.48,3.4,79.23,5.71,4.62,1.0,value_seekers
C0430,24.3,89173.43,5.41,280.44,91.54,4.7,0.73,11.6,55.77,13.28,7.62,12.5,high_potential
C0431,35.5,92197.3,7.62,205.14,70.08,6.42,1.12,28.1,47.65,6.77,3.8,22.9,high_potential
C0432,28.1,124828.1,5.46,409.06,78.24,3.18,0.48,49.5,21.56,11.89,6.78,56.2,premium_repeaters
C0433,46.1,129545.79,7.51,361.07,71.47,6.19,0.61,60.7,26.49,12.5,5.32,65.6,premium_repeaters
C0434,28.6,104134.53,6.83,199.65,74.31,3.96,0.83,30.0,35.96,11.87,9.72,38.4,high_potential
C0435,34.1,37946.05,3.63,73.48,46.72,3.56,2.35,15.9,81.54,8.13,2.61,14.4,value_seekers
C0436,41.9,46607.06,5.57,127.14,26.94,6.66,2.14,13.6,70.8,7.68,2.09,15.5,value_seekers
C0437,36.2,52512.03,2.23,64.3,53.66,10.71,1.03,14.1,70.95,6.8,4.53,19.5,value_seekers
C0438,51.6,58442.46,5.42,241.53,68.73,3.2,1.01,18.0,44.87,13.6,6.11,19.5,loyal_midmarket
C0439,50.4,117352.38,8.46,193.01,79.64,3.44,1.64,53.6,18.93,9.57,7.52,54.5,premium_repeaters
C0440,44.1,114350.15,9.81,358.73,79.65,4.67,1.45,51.4,39.36,13.86,7.11,54.1,premium_repeaters
C0441,34.8,88498.7,6.69,274.88,73.93,4.07,1.73,23.6,49.16,10.52,5.79,26.9,high_potential
C0442,38.8,43161.38,3.77,80.62,55.85,11.22,2.58,12.3,88.05,9.32,5.28,9.4,value_seekers
C0443,37.5,164683.86,9.69,379.11,79.99,3.71,0.4,21.1,21.02,10.34,6.93,14.7,premium_repeaters
C0444,30.3,40061.16,2.84,81.46,65.69,9.66,1.35,13.6,81.77,11.4,5.38,12.5,value_seekers
C0445,50.5,32147.73,3.46,92.95,21.33,7.9,2.49,16.7,99.84,8.65,3.0,24.5,value_seekers
C0446,42.1,120935.26,8.96,309.24,78.86,2.66,1.1,34.2,22.5,7.41,5.13,35.6,premium_repeaters
C0447,40.1,70791.0,3.83,226.58,75.97,6.5,1.38,25.5,52.08,12.69,7.43,31.9,high_potential
C0448,26.3,140879.29,3.98,324.02,75.55,5.0,1.69,24.6,39.29,10.32,6.42,22.0,premium_repeaters
C0449,20.0,27974.24,4.15,106.99,57.65,6.92,1.77,13.8,95.5,8.25,3.72,12.0,value_seekers
C0450,37.9,113350.23,7.31,303.83,78.52,4.32,0.78,36.6,26.67,12.14,6.51,31.6,premium_repeaters
C0451,52.9,53353.82,4.09,119.25,32.87,7.07,0.81,9.8,92.02,3.78,2.88,7.2,value_seekers
C0452,36.6,96784.08,2.86,145.88,78.41,1.68,0.78,19.1,50.16,12.89,7.53,19.7,high_potential
C0453,35.6,106353.7,7.56,361.07,91.75,4.52,1.51,34.7,23.81,11.09,10.11,36.1,premium_repeaters
C0454,44.2,49950.16,3.19,106.04,47.67,9.8,0.72,13.1,81.54,1.81,2.82,12.6,value_seekers
C0455,36.6,41450.57,3.56,132.09,51.99,8.2,1.77,20.6,77.28,10.27,5.28,18.3,value_seekers
C0456,33.5,35632.29,3.39,102.74,41.99,6.66,1.28,16.0,79.14,6.15,3.56,12.7,value_seekers
C0457,32.1,83175.27,5.02,239.92,80.31,5.68,0.88,14.0,35.56,9.9,7.44,16.1,high_potential
C0458,34.0,60414.52,4.21,208.68,63.26,3.49,0.54,38.2,66.37,11.18,3.22,39.4,loyal_midmarket
C0459,36.9,153403.64,11.17,191.15,77.22,2.57,0.77,37.0,34.49,10.69,7.74,35.3,premium_repeaters
C0460,43.8,96693.02,5.03,449.6,72.86,3.32,0.7,48.6,42.18,7.64,6.07,44.5,premium_repeaters
C0461,25.7,68781.2,4.13,208.68,57.14,7.69,2.29,31.5,57.95,7.17,3.67,36.0,loyal_midmarket
C0462,27.8,39395.99,3.03,81.87,56.4,6.04,3.19,6.0,94.92,7.08,4.65,8.0,value_seekers
C0463,33.6,100020.36,6.45,257.62,70.36,5.09,0.61,11.1,34.54,6.23,6.33,14.1,high_potential
C0464,56.3,90192.3,7.55,159.52,54.03,5.83,0.0,45.1,52.08,9.56,4.77,40.2,loyal_midmarket
C0465,24.3,68027.39,4.56,200.85,74.76,8.21,1.8,28.1,44.97,9.12,8.87,36.0,loyal_midmarket
C0466,30.0,127451.3,7.99,323.12,83.29,3.48,0.72,50.4,26.85,11.77,8.26,54.8,premium_repeaters
C0467,34.5,109830.52,5.69,435.43,90.37,4.65,0.71,38.4,39.06,16.65,8.15,37.9,premium_repeaters
C0468,30.3,114526.38,3.26,230.73,92.64,4.85,0.87,9.8,56.82,10.77,10.6,11.4,high_potential
C0469,23.5,52393.97,3.47,61.15,63.43,7.09,0.92,3.4,76.83,10.55,5.24,2.9,value_seekers
C0470,33.2,76268.32,5.33,182.28,87.21,4.37,1.43,18.3,67.68,12.21,8.78,24.5,loyal_midmarket
C0471,38.5,80052.15,5.66,218.22,60.41,6.4,0.97,37.5,49.84,9.13,5.55,35.2,loyal_midmarket
C0472,40.7,65518.16,6.13,184.69,61.84,4.77,0.6,57.5,63.53,4.88,2.04,64.1,loyal_midmarket
C0473,41.5,38406.38,2.12,84.08,47.47,10.3,0.89,16.4,82.12,9.55,4.17,16.3,value_seekers
C0474,20.0,57967.64,2.71,108.57,44.28,7.18,2.31,12.2,60.7,8.79,6.67,19.3,value_seekers
C0475,37.9,41842.25,2.21,79.51,45.14,5.48,3.12,27.4,85.83,9.54,4.21,24.3,value_seekers
C0476,36.0,68530.03,6.78,159.5,69.47,2.4,1.85,33.0,64.43,7.5,7.38,34.4,loyal_midmarket
C0477,35.8,61489.92,5.62,180.04,69.21,1.93,1.06,42.0,50.59,9.64,4.85,44.6,loyal_midmarket
C0478,38.9,117345.77,8.99,282.19,75.0,1.7,1.37,40.9,21.2,8.65,4.77,38.1,premium_repeaters
C0479,38.5,98797.97,9.54,299.68,81.73,2.41,1.28,29.7,28.31,12.94,6.6,41.0,premium_repeaters
C0480,52.0,80220.59,8.77,122.96,59.58,4.57,0.95,30.7,42.26,8.11,6.88,27.0,loyal_midmarket
C0481,39.2,71637.78,5.02,132.8,65.7,3.64,1.32,20.0,61.32,12.27,5.36,22.7,loyal_midmarket
C0482,39.4,35467.65,2.95,85.19,43.91,5.92,0.18,10.6,84.88,10.18,5.05,17.4,value_seekers
C0483,34.6,142885.37,8.65,434.04,92.81,4.74,1.25,39.5,27.67,11.82,8.17,44.0,premium_repeaters
C0484,62.0,43737.96,8.27,172.28,72.56,7.62,1.38,48.4,42.82,10.78,8.59,54.8,loyal_midmarket
C0485,54.1,31482.29,3.21,126.11,22.6,9.4,2.23,25.8,69.34,2.33,1.0,25.6,value_seekers
C0486,35.2,58945.78,6.68,141.07,75.4,3.81,0.47,28.7,57.03,12.16,8.37,30.9,loyal_midmarket
C0487,30.4,68278.86,4.95,182.66,72.71,2.37,0.67,26.8,52.13,7.18,4.4,31.6,loyal_midmarket
C0488,52.8,38995.0,3.32,53.63,37.72,7.0,1.49,14.9,76.71,3.77,3.56,18.9,value_seekers
C0489,35.4,73488.18,7.66,158.99,75.67,5.08,2.09,46.9,55.77,10.45,9.23,50.9,loyal_midmarket
C0490,39.3,72941.64,5.71,163.91,55.87,6.0,0.71,45.0,42.36,3.68,7.9,51.6,loyal_midmarket
C0491,43.2,110344.87,7.71,371.43,83.81,3.86,1.4,48.2,42.09,13.77,5.09,58.1,premium_repeaters
C0492,53.8,164999.85,6.64,422.25,78.21,4.88,0.56,49.5,25.97,13.05,4.08,53.3,premium_repeaters
C0493,43.9,116459.69,8.12,352.3,85.69,3.02,0.92,56.2,9.77,10.42,8.26,56.8,premium_repeaters
C0494,46.4,86729.42,7.45,175.27,76.76,6.56,1.15,27.1,48.28,8.87,4.62,28.9,loyal_midmarket
C0495,50.4,132972.97,6.68,358.17,87.92,1.8,0.88,40.0,31.04,13.7,9.44,36.6,premium_repeaters
C0496,49.7,69763.48,6.04,194.65,71.45,6.05,1.54,24.2,62.91,7.22,6.33,26.9,loyal_midmarket
C0497,37.4,74332.87,4.83,167.4,53.91,6.09,1.3,17.5,57.16,6.92,3.78,21.6,loyal_midmarket
C0498,30.3,104124.8,6.69,341.04,79.18,3.25,0.69,37.8,48.06,17.9,7.79,37.6,premium_repeaters
C0499,47.7,55440.23,7.21,148.15,77.09,4.62,0.94,50.1,59.1,10.12,7.86,53.8,loyal_midmarket
C0500,37.1,86510.58,6.36,243.06,76.5,5.38,1.35,35.4,42.74,10.1,7.43,38.3,loyal_midmarket
C0501,34.6,118383.53,8.66,376.47,79.34,1.72,1.8,40.3,27.35,14.42,9.15,40.3,premium_repeaters
C0502,40.0,94665.9,4.68,234.76,74.66,4.5,1.17,14.9,48.52,9.43,7.78,19.3,high_potential
C0503,32.3,74405.33,4.17,188.84,64.35,6.43,0.52,13.1,58.55,7.17,7.02,14.4,high_potential
C0504,31.1,82160.83,7.09,198.81,68.74,4.06,0.71,46.9,60.88,9.22,4.67,49.1,loyal_midmarket
C0505,44.5,74131.82,5.7,146.66,53.21,2.19,0.98,33.1,46.12,8.76,4.58,34.9,loyal_midmarket
C0506,26.8,103831.88,7.67,270.55,82.32,2.28,1.36,37.9,36.5,12.52,9.12,37.2,premium_repeaters
C0507,26.8,91999.31,6.25,244.32,65.1,6.98,0.63,38.2,32.92,6.68,6.52,42.1,loyal_midmarket
C0508,54.7,101596.87,4.25,171.24,69.73,3.25,0.95,18.7,42.94,12.74,4.88,17.8,high_potential
C0509,56.6,72873.33,7.62,219.6,63.8,6.0,1.45,28.6,59.54,10.25,6.74,32.5,loyal_midmarket
C0510,28.5,28851.21,3.96,64.58,37.92,13.4,1.6,9.6,91.22,7.92,3.51,9.8,value_seekers
C0511,36.1,27945.63,4.04,80.09,63.48,6.48,2.64,24.7,75.19,7.35,6.15,28.2,value_seekers
C0512,37.6,84626.2,4.53,211.96,74.64,5.06,0.7,14.1,44.81,11.31,4.24,14.4,high_potential
C0513,25.8,35425.8,3.22,68.6,64.55,8.05,1.94,11.1,81.87,7.35,5.48,12.4,value_seekers
C0514,27.6,41281.0,4.85,231.24,76.3,7.37,2.03,40.7,49.92,11.03,10.43,47.3,loyal_midmarket
C0515,25.7,67618.82,8.57,174.51,81.36,8.05,0.59,29.2,44.7,11.23,7.47,33.8,loyal_midmarket
C0516,20.0,47006.15,1.64,122.17,40.81,9.33,2.3,22.2,81.16,6.23,2.26,24.5,value_seekers
C0517,37.6,73769.89,5.77,133.0,74.71,3.99,0.96,29.4,65.12,9.79,7.44,31.7,loyal_midmarket
C0518,27.4,142287.72,8.47,377.78,82.85,1.71,0.46,39.5,22.19,9.14,7.17,34.1,premium_repeaters
C0519,24.0,41375.16,2.71,91.97,39.79,10.73,1.67,18.2,83.63,3.21,3.47,19.8,value_seekers
C0520,39.8,76823.04,5.22,156.31,74.13,5.72,1.45,12.7,46.18,7.63,5.46,20.8,high_potential
C0521,33.3,130066.94,4.5,134.36,68.76,0.37,1.12,23.7,36.88,6.32,4.4,29.4,high_potential
C0522,40.1,69262.62,5.3,169.71,55.36,5.39,1.11,39.5,55.8,8.89,4.57,35.7,loyal_midmarket
C0523,48.8,40500.62,4.55,72.01,61.21,11.61,2.4,8.1,64.51,7.25,7.21,10.6,value_seekers
C0524,49.3,102491.94,6.86,368.87,69.09,3.36,1.44,44.5,37.98,5.2,4.73,46.6,premium_repeaters
C0525,41.5,48870.01,1.95,81.83,49.06,11.67,1.34,10.1,81.58,9.11,3.34,11.5,value_seekers
C0526,31.7,73441.93,6.73,165.99,76.4,5.27,1.67,35.9,57.39,13.36,7.83,35.4,loyal_midmarket
C0527,34.1,72655.52,5.0,115.05,68.83,6.34,0.94,18.8,15.84,10.76,7.6,22.2,high_potential
C0528,35.3,84846.13,4.62,156.72,72.16,2.78,0.08,10.4,61.09,9.28,4.05,13.3,high_potential
C0529,30.5,134850.04,4.24,309.49,77.56,3.8,0.54,19.9,21.59,13.02,5.35,18.9,premium_repeaters
C0530,20.0,75611.75,6.39,213.62,66.67,6.42,1.1,38.3,40.47,10.39,6.73,41.9,loyal_midmarket
C0531,23.0,108551.21,9.73,314.71,81.37,4.27,1.76,38.2,22.77,12.47,8.03,46.4,premium_repeaters
C0532,24.1,174100.68,7.99,268.37,76.43,2.23,0.7,37.2,23.3,11.52,6.63,45.5,premium_repeaters
C0533,35.8,81091.65,6.77,189.65,74.85,5.24,1.6,41.5,55.46,9.74,7.35,49.7,loyal_midmarket
C0534,50.7,125450.35,6.59,295.57,75.17,2.86,0.17,34.2,30.13,5.54,7.73,38.4,premium_repeaters
C0535,48.9,36976.63,3.95,89.65,42.69,7.74,1.78,22.1,81.84,7.43,1.38,27.8,value_seekers
C0536,39.2,52049.69,3.04,107.89,33.33,5.04,3.38,8.3,91.17,4.67,1.21,8.6,value_seekers
C0537,32.6,71834.95,4.9,166.16,77.25,5.46,0.31,42.5,53.94,10.7,5.39,47.5,loyal_midmarket
C0538,51.3,58630.29,3.48,87.97,40.14,10.95,1.38,4.7,76.57,5.22,5.57,10.1,value_seekers
C0539,36.1,48731.48,3.23,85.85,48.95,5.92,1.8,15.9,68.5,9.05,1.87,16.6,value_seekers
C0540,34.5,82277.41,4.27,248.4,73.61,7.67,1.33,15.1,48.4,7.85,5.54,20.6,high_potential
C0541,37.8,94835.35,6.15,121.92,86.37,4.58,0.06,1.0,30.71,13.61,7.08,1.0,high_potential
C0542,32.6,58703.51,5.7,181.18,70.31,3.58,1.74,27.8,46.17,9.78,5.42,34.1,loyal_midmarket
C0543,36.0,101891.62,7.16,218.39,85.1,6.46,0.7,18.2,33.17,11.35,6.69,17.7,high_potential
C0544,40.6,83693.55,5.39,205.22,57.22,3.61,0.24,19.7,51.03,8.67,4.54,18.6,high_potential
C0545,32.9,31755.97,4.24,110.45,56.39,6.48,2.74,11.0,87.23,3.21,4.7,12.1,value_seekers
C0546,52.8,73093.08,5.71,241.47,56.38,3.99,0.66,28.4,63.28,6.61,3.51,27.6,loyal_midmarket
C0547,34.8,87675.42,7.55,176.29,54.04,2.65,1.3,39.5,35.4,7.28,7.0,48.0,loyal_midmarket
C0548,48.8,47841.42,2.42,82.68,43.46,5.62,1.02,23.0,74.18,6.16,4.74,23.3,value_seekers
C0549,25.0,107225.94,8.35,227.45,81.52,0.29,0.79,52.3,32.98,10.27,7.67,49.6,premium_repeaters
C0550,39.3,47616.8,6.18,190.9,65.17,5.95,1.33,28.6,36.57,8.15,6.6,26.8,loyal_midmarket
C0551,35.6,89008.0,6.15,199.39,53.56,5.44,1.16,46.3,49.14,7.47,3.32,52.5,loyal_midmarket
C0552,26.8,64964.7,2.42,88.38,49.16,8.67,1.65,12.9,80.12,6.58,5.3,23.5,value_seekers
C0553,32.2,38988.12,3.15,78.61,26.4,7.6,1.47,21.0,72.43,6.66,1.18,19.4,value_seekers
C0554,39.1,96434.5,5.87,204.16,61.61,2.62,1.43,9.2,49.92,9.74,4.29,12.7,high_potential
C0555,38.2,33220.25,4.21,74.27,12.0,9.62,0.97,16.8,93.14,2.02,3.31,22.8,value_seekers
C0556,40.8,32441.04,3.49,106.83,42.72,10.88,1.45,26.4,98.98,8.49,2.22,30.6,value_seekers
C0557,47.2,56256.0,7.71,189.59,65.73,5.02,0.0,32.1,47.22,10.54,6.53,38.1,loyal_midmarket
C0558,39.7,54031.84,6.91,202.03,80.45,8.81,0.18,30.1,47.32,11.02,8.75,32.2,loyal_midmarket
C0559,46.7,98174.54,5.94,283.67,75.12,1.9,0.88,40.0,21.71,12.86,6.56,41.8,premium_repeaters
C0560,32.2,71709.66,5.52,179.75,75.12,4.26,1.51,25.9,60.83,10.85,8.96,31.3,loyal_midmarket
C0561,34.1,31613.39,2.02,74.59,28.38,4.54,2.3,14.0,78.16,7.36,1.55,13.6,value_seekers
C0562,30.6,30100.79,4.3,84.61,69.47,6.68,2.48,20.5,77.83,11.07,4.34,25.5,value_seekers
C0563,31.3,71073.47,2.01,233.82,71.64,4.54,0.15,10.3,41.22,11.4,9.69,12.8,high_potential
C0564,20.0,117639.69,9.17,294.35,64.6,3.04,0.1,42.2,21.76,8.15,3.58,51.1,premium_repeaters
C0565,37.1,134167.09,6.41,399.96,72.13,2.8,1.07,49.1,34.15,11.8,6.84,53.2,premium_repeaters
C0566,37.8,115432.15,5.33,372.95,78.34,2.96,1.54,24.9,41.15,10.4,4.79,28.1,premium_repeaters
C0567,52.3,115487.02,8.0,377.19,76.42,0.65,0.13,66.6,19.26,10.55,7.82,64.9,premium_repeaters
C0568,55.3,34618.25,5.09,91.89,50.53,7.33,2.33,23.5,80.95,8.75,5.28,23.0,value_seekers
C0569,37.1,59177.02,6.46,180.26,59.47,5.64,1.29,33.3,53.38,8.78,4.5,33.8,loyal_midmarket
C0570,41.3,103881.71,4.51,159.53,62.94,8.67,0.41,38.3,56.24,11.42,5.09,45.2,loyal_midmarket
C0571,39.5,74328.21,3.96,183.47,60.06,4.66,0.19,38.0,38.73,6.88,7.08,35.1,loyal_midmarket
C0572,28.7,96818.77,6.06,272.39,67.04,7.2,0.27,23.2,41.07,11.47,7.38,27.7,high_potential
C0573,36.7,74578.32,6.36,198.44,71.04,5.97,1.32,42.4,39.36,10.7,8.76,38.9,loyal_midmarket
C0574,49.0,109466.47,7.69,381.61,61.46,2.82,1.08,7.2,20.19,9.53,6.82,13.2,premium_repeaters
C0575,33.9,91226.56,5.41,197.37,75.04,3.79,1.63,28.7,59.8,13.27,7.58,26.8,high_potential
C0576,24.2,75943.01,5.44,194.9,57.15,6.14,2.03,50.3,60.38,12.44,3.98,53.1,loyal_midmarket
C0577,36.0,87112.28,6.35,234.69,96.32,3.63,0.51,26.6,34.04,15.83,9.62,28.3,high_potential
C0578,35.9,126227.17,6.9,406.83,100.0,4.4,0.95,26.4,22.9,15.71,12.51,26.3,premium_repeaters
C0579,20.0,106707.5,4.63,161.67,86.04,4.72,0.14,23.0,56.26,12.07,8.85,21.7,high_potential
C0580,40.5,65811.04,5.2,205.45,63.32,5.98,0.53,20.5,60.8,7.98,4.64,26.2,loyal_midmarket
C0581,25.0,88328.63,4.37,223.8,81.21,6.55,0.79,25.8,52.11,12.89,8.29,24.0,loyal_midmarket
C0582,25.1,59405.1,7.01,195.9,83.1,6.02,1.84,38.8,62.82,11.79,7.21,40.3,loyal_midmarket
C0583,36.1,45994.98,4.13,99.81,42.88,6.16,2.68,16.1,73.85,6.2,3.62,11.1,value_seekers
C0584,24.4,65106.4,8.1,139.53,75.06,8.94,1.85,33.7,43.79,9.35,5.82,34.0,loyal_midmarket
C0585,40.3,83105.3,4.69,229.41,62.86,3.71,0.92,16.6,64.36,9.82,6.48,12.2,high_potential
C0586,43.6,115747.7,5.68,436.69,69.44,4.36,1.0,49.2,41.65,12.13,5.43,49.0,premium_repeaters
C0587,50.8,43472.02,2.21,64.17,45.62,8.92,0.44,17.0,75.44,4.27,4.25,17.6,value_seekers
C0588,27.0,61005.18,7.72,180.02,66.48,6.07,0.6,21.1,57.68,11.17,6.78,18.7,loyal_midmarket
C0589,31.3,30715.53,2.88,67.41,66.32,10.27,1.46,17.5,71.15,10.38,5.89,19.9,value_seekers
C0590,26.2,44232.12,3.58,85.91,41.45,6.93,1.99,16.5,83.59,6.72,5.83,14.5,value_seekers
C0591,32.7,90286.23,4.35,218.97,63.77,6.89,1.09,13.3,44.33,8.71,6.01,20.6,high_potential
C0592,38.4,78884.72,5.31,186.78,70.74,2.2,1.35,33.5,55.17,12.78,4.78,36.6,loyal_midmarket
C0593,28.1,67894.17,7.0,196.83,72.59,9.96,1.57,45.3,51.24,11.79,7.17,46.1,loyal_midmarket
C0594,31.5,125258.52,7.18,319.44,76.56,4.44,1.32,29.9,34.1,10.55,9.15,33.8,premium_repeaters
C0595,49.1,38237.33,3.68,105.16,34.51,7.82,1.59,10.9,78.48,6.06,3.58,10.5,value_seekers
C0596,47.3,29427.18,4.02,54.66,52.54,6.73,1.81,6.2,82.98,6.29,5.41,5.0,value_seekers
C0597,32.3,126633.13,3.85,450.85,82.23,4.41,0.83,19.7,33.4,11.31,7.81,23.9,premium_repeaters
C0598,49.7,104050.07,8.8,274.64,95.96,6.41,1.72,57.3,27.32,10.6,10.83,58.9,premium_repeaters
C0599,29.6,104932.37,4.77,160.99,68.72,1.89,1.47,6.8,48.87,10.29,5.78,3.1,high_potential
C0600,29.8,133087.4,5.6,298.35,58.9,0.66,1.8,67.0,28.74,10.16,4.63,67.8,premium_repeaters
C0601,39.3,74851.61,6.18,160.09,62.74,5.53,0.61,38.5,49.76,8.63,6.99,46.1,loyal_midmarket
C0602,35.9,85743.41,6.79,341.52,93.39,0.95,0.85,59.5,21.72,13.71,10.68,62.8,premium_repeaters
C0603,31.3,94727.11,6.26,195.6,67.34,4.44,0.42,21.4,42.14,7.33,7.2,25.4,high_potential
C0604,48.1,109389.93,9.24,318.4,83.06,3.73,1.27,43.3,14.69,13.44,8.52,45.0,premium_repeaters
C0605,40.9,76400.55,3.79,236.21,71.27,6.3,0.91,25.2,50.23,10.65,8.15,25.7,high_potential
C0606,31.0,117024.12,8.3,342.55,79.0,5.74,1.5,43.0,29.72,11.9,8.37,44.3,premium_repeaters
C0607,45.1,99238.31,3.58,249.08,73.2,3.22,1.67,28.2,48.64,13.25,7.67,33.3,high_potential
C0608,45.4,30050.81,5.51,116.64,38.89,5.43,2.2,12.3,84.64,3.32,4.08,12.1,value_seekers
C0609,38.2,108399.02,7.72,266.12,75.98,4.43,1.2,32.5,18.65,11.66,6.19,36.8,premium_repeaters
C0610,35.7,75573.89,8.0,187.18,51.67,5.37,2.43,21.1,54.27,7.77,6.29,23.5,loyal_midmarket
C0611,42.6,73017.4,7.73,175.88,64.5,3.8,0.11,36.8,72.49,8.39,5.52,41.5,loyal_midmarket
C0612,26.7,135723.55,10.51,421.84,84.44,3.55,1.0,33.0,16.41,11.48,5.62,35.2,premium_repeaters
C0613,20.0,87440.15,4.45,163.09,70.67,4.29,0.69,24.5,26.97,10.29,6.99,26.5,high_potential
C0614,36.1,79915.4,3.79,209.71,70.03,7.28,0.84,17.6,70.75,11.3,7.39,21.9,high_potential
C0615,46.6,75473.85,6.43,183.51,62.24,5.59,2.42,46.1,56.74,8.37,6.99,44.6,loyal_midmarket
C0616,34.9,144769.01,6.34,313.4,95.45,3.63,1.81,44.5,29.97,16.35,7.23,50.3,premium_repeaters
C0617,25.9,111655.89,8.87,332.87,74.05,4.81,1.45,36.6,29.7,10.83,6.78,35.0,premium_repeaters
C0618,20.0,60397.49,5.34,142.72,72.55,1.46,0.59,15.4,57.77,13.64,8.94,17.5,loyal_midmarket
C0619,45.1,25746.83,3.8,65.28,30.68,7.72,2.78,17.6,76.28,2.88,1.64,10.6,value_seekers
C0620,42.0,42704.89,3.3,86.46,42.9,8.06,2.23,14.9,79.73,5.02,3.82,20.2,value_seekers
C0621,33.0,138914.32,5.85,439.26,67.29,3.05,0.42,68.3,23.97,9.8,5.66,68.8,premium_repeaters
C0622,27.0,70405.36,1.96,182.0,68.18,6.87,1.99,32.1,61.35,8.59,4.54,37.2,loyal_midmarket
C0623,40.2,85216.17,6.34,217.24,87.47,3.6,1.52,13.4,48.25,13.0,6.92,18.1,high_potential
C0624,33.4,82563.68,8.28,159.57,49.65,5.9,1.0,32.7,59.01,6.89,6.57,33.6,loyal_midmarket
C0625,34.3,88451.04,3.44,162.16,75.25,2.99,0.22,22.4,52.84,11.13,7.68,25.6,high_potential
C0626,53.1,79257.0,3.07,171.58,73.18,4.26,1.22,41.5,54.73,10.22,6.38,48.0,loyal_midmarket
C0627,60.8,66694.17,7.01,265.57,79.77,3.7,1.25,58.8,27.79,8.78,6.46,61.7,premium_repeaters
C0628,49.7,38645.28,4.09,66.32,41.42,7.6,1.44,18.9,87.13,8.32,1.86,19.5,value_seekers
C0629,33.2,55339.39,4.74,180.32,80.02,3.92,0.91,31.8,59.16,8.74,6.47,31.7,loyal_midmarket
C0630,23.0,105661.93,4.9,180.41,85.13,3.86,1.71,27.8,46.56,12.94,7.29,39.0,high_potential
C0631,40.8,102341.92,5.57,262.44,68.04,5.31,0.41,22.7,45.77,9.22,4.97,24.1,high_potential
C0632,30.2,99856.45,6.44,187.73,78.98,5.49,1.0,7.3,32.98,14.1,7.69,1.0,high_potential
C0633,38.6,41730.35,1.31,44.4,44.97,12.93,1.24,19.2,78.16,5.73,3.12,26.0,value_seekers
C0634,32.9,89016.85,6.25,218.19,61.15,7.53,1.36,38.3,55.18,7.85,6.9,40.3,loyal_midmarket
C0635,37.4,40172.49,2.0,48.01,24.28,9.54,0.88,15.8,83.09,3.79,1.0,19.6,value_seekers
C0636,48.1,39087.37,3.93,131.01,65.24,4.59,1.52,4.6,94.16,9.65,7.86,8.0,value_seekers
C0637,49.3,139803.85,9.24,365.12,75.21,4.5,1.31,39.7,25.19,9.24,6.47,48.4,premium_repeaters
C0638,37.1,124316.8,8.23,311.27,93.07,4.05,1.17,63.1,24.41,12.95,6.38,60.1,premium_repeaters
C0639,20.2,131461.29,8.13,324.76,77.2,4.49,0.33,44.5,33.6,7.68,6.85,49.2,premium_repeaters
C0640,20.0,70549.13,6.37,163.72,59.15,5.01,0.79,7.5,51.26,7.3,6.5,5.3,high_potential
C0641,26.1,141318.43,9.15,331.57,58.58,4.01,1.64,56.8,31.7,12.24,3.34,56.7,premium_repeaters
C0642,58.5,70782.38,5.84,192.75,63.36,7.24,1.23,15.3,34.54,11.85,7.01,17.2,high_potential
C0643,40.6,37311.89,2.99,126.16,62.55,3.31,2.24,13.3,73.73,8.0,4.57,9.9,value_seekers
C0644,55.6,37501.88,3.43,64.61,63.88,9.23,3.24,13.0,77.61,8.77,6.82,12.7,value_seekers
C0645,59.1,95720.94,8.57,372.08,88.15,4.66,1.55,40.7,21.1,9.74,8.81,36.6,premium_repeaters
C0646,25.2,112374.79,5.01,249.97,56.04,4.0,0.06,23.5,30.53,10.13,4.87,27.5,high_potential
C0647,26.3,47131.55,4.04,84.61,31.86,9.41,2.29,19.4,84.5,4.55,2.22,24.1,value_seekers
C0648,21.6,68464.37,5.37,211.11,53.82,3.21,1.0,50.1,63.49,10.39,3.25,57.5,loyal_midmarket
C0649,33.8,72613.75,7.39,401.73,90.73,2.37,1.78,15.3,25.06,15.56,9.58,21.9,premium_repeaters
C0650,35.9,29845.05,4.36,102.73,24.95,2.83,2.63,12.9,71.72,3.4,1.0,16.4,value_seekers
C0651,37.3,94626.68,7.41,168.26,65.05,5.65,0.52,37.2,42.02,7.06,8.22,34.6,loyal_midmarket
C0652,41.7,88888.39,5.03,129.54,68.63,5.54,1.1,2.9,48.07,8.49,3.1,10.1,high_potential
C0653,21.6,100058.13,5.85,380.52,56.27,2.92,1.61,42.1,35.17,10.91,5.26,37.7,premium_repeaters
C0654,20.0,42929.47,2.38,92.52,31.25,10.97,3.98,16.9,76.92,7.57,1.4,12.2,value_seekers
C0655,42.1,82437.48,5.52,269.29,72.2,4.15,1.04,13.6,40.26,14.58,7.18,16.3,high_potential
C0656,52.3,85813.75,4.91,198.38,60.77,5.71,1.61,34.5,75.67,10.21,7.99,41.2,loyal_midmarket
C0657,39.0,66445.46,6.31,170.35,68.92,5.7,1.62,9.9,40.87,11.55,11.08,11.2,high_potential
C0658,57.8,77031.85,5.32,134.62,64.75,3.31,1.48,38.5,49.83,9.01,6.78,37.6,loyal_midmarket
C0659,21.3,134056.99,9.42,363.57,86.41,2.64,1.36,52.9,40.1,13.99,4.14,51.2,premium_repeaters
C0660,30.6,77904.07,7.47,159.83,63.7,3.07,0.89,29.1,47.85,8.53,8.41,30.0,loyal_midmarket
C0661,48.8,38452.33,3.84,75.58,37.92,3.74,0.54,6.8,83.47,4.32,1.53,1.6,value_seekers
C0662,29.7,84035.84,5.98,192.12,73.57,7.13,1.23,12.7,47.59,11.54,4.77,16.4,high_potential
C0663,24.8,43576.34,3.38,103.62,54.98,9.19,1.56,19.6,75.02,7.71,3.85,8.8,value_seekers
C0664,44.0,45579.79,1.53,73.82,50.64,5.43,2.13,10.7,81.74,7.42,3.46,16.5,value_seekers
C0665,43.2,66503.53,6.96,144.26,66.22,4.31,1.14,23.9,37.33,5.88,6.54,29.8,loyal_midmarket
C0666,27.2,137497.29,8.39,317.08,70.45,3.61,1.02,43.1,26.56,11.01,6.69,46.8,premium_repeaters
C0667,54.6,89664.9,6.65,185.02,85.53,3.63,1.55,26.6,43.07,10.46,7.25,30.5,high_potential
C0668,37.4,104991.43,5.82,167.68,72.75,5.13,0.75,34.5,48.34,9.66,8.02,41.3,high_potential
C0669,35.3,51987.21,5.66,216.72,83.7,3.61,0.67,39.7,48.39,10.87,4.86,45.2,loyal_midmarket
C0670,40.6,56386.99,6.21,114.78,65.03,2.49,2.18,55.7,44.48,8.67,8.44,53.8,loyal_midmarket
C0671,46.6,37799.8,3.21,66.44,58.75,0.0,1.45,13.7,76.71,5.57,8.27,20.5,value_seekers
C0672,35.7,54920.89,7.75,185.24,62.96,4.26,1.18,36.1,45.72,6.56,4.58,35.0,loyal_midmarket
C0673,46.2,70750.38,4.34,227.3,75.09,7.96,0.0,21.3,46.06,10.4,7.07,26.2,high_potential
C0674,51.0,104606.75,8.42,236.66,84.21,3.47,0.66,39.2,26.73,14.47,6.86,54.1,premium_repeaters
C0675,43.7,129336.07,8.51,289.12,67.91,3.42,1.3,22.7,22.23,12.53,4.2,24.8,premium_repeaters
C0676,29.6,100225.98,4.35,108.98,67.41,2.96,1.18,33.3,52.24,9.0,7.67,37.0,loyal_midmarket
C0677,52.1,85294.42,3.74,142.49,72.45,2.77,0.33,21.7,28.22,10.26,5.14,24.3,high_potential
C0678,38.0,81172.47,6.2,155.99,70.0,1.97,0.22,22.8,57.15,8.16,7.17,29.0,loyal_midmarket
C0679,33.9,40975.17,2.56,99.63,44.21,6.43,1.83,13.2,80.77,6.46,2.9,10.0,value_seekers
C0680,46.0,59756.05,5.91,205.69,69.86,4.04,0.86,40.4,32.43,7.15,5.63,34.9,loyal_midmarket
C0681,39.5,61531.12,5.18,107.66,49.28,3.34,1.93,10.7,75.47,8.78,1.77,10.8,value_seekers
C0682,33.3,42675.1,2.62,79.76,48.66,5.21,1.93,12.7,76.72,5.42,4.43,14.1,value_seekers
C0683,34.8,39496.41,2.89,129.75,49.98,7.04,1.92,7.8,78.51,7.92,3.84,4.9,value_seekers
C0684,31.2,67734.4,5.52,283.57,61.37,1.28,0.24,41.6,66.03,10.25,5.31,48.7,loyal_midmarket
C0685,46.7,113311.97,7.77,388.26,81.18,2.62,0.81,65.8,30.01,12.14,7.53,69.9,premium_repeaters
C0686,22.6,82768.69,7.06,189.24,61.06,5.69,1.16,30.9,78.11,7.0,5.73,36.8,loyal_midmarket
C0687,24.7,102823.05,5.05,154.66,67.82,3.48,1.73,28.7,59.89,9.23,3.97,23.4,loyal_midmarket
C0688,36.0,110774.03,3.12,168.49,77.72,3.86,0.24,32.3,35.98,12.52,7.71,33.4,high_potential
C0689,26.4,103117.58,7.01,327.52,83.99,1.98,1.91,32.9,27.93,10.25,6.28,29.7,premium_repeaters
C0690,37.0,67028.92,5.03,204.34,60.17,3.39,0.96,43.9,55.93,6.31,3.68,40.2,loyal_midmarket
C0691,58.8,87682.21,6.84,149.84,62.36,3.51,0.67,38.6,51.41,11.53,6.61,45.6,loyal_midmarket
C0692,23.7,81660.11,5.46,196.05,88.67,5.45,1.13,18.9,63.4,12.3,6.09,28.2,high_potential
C0693,25.0,35230.11,1.85,106.34,32.54,8.42,2.71,10.0,79.86,9.8,4.05,10.4,value_seekers
C0694,41.7,68823.23,5.47,178.51,69.3,4.25,1.52,24.5,45.37,11.36,6.28,21.8,loyal_midmarket
C0695,20.0,60581.36,4.92,142.59,80.24,4.4,1.93,25.5,35.39,9.02,9.85,24.5,high_potential
C0696,54.2,71876.22,7.32,170.02,66.2,4.94,1.86,37.1,44.48,8.55,2.06,37.9,loyal_midmarket
C0697,35.7,129419.19,7.65,345.5,74.78,2.75,0.72,47.6,33.11,10.52,6.09,53.4,premium_repeaters
C0698,36.8,121571.48,5.46,352.8,65.66,2.16,0.0,39.9,40.88,14.08,6.54,44.5,premium_repeaters
C0699,29.8,104226.18,6.56,340.04,72.94,2.77,1.39,54.3,14.82,11.62,8.23,54.5,premium_repeaters
C0700,39.2,104423.62,5.64,165.45,73.89,3.77,1.12,29.8,30.41,13.1,6.72,31.1,loyal_midmarket
C0701,35.6,30707.27,3.24,37.72,30.47,9.59,1.6,19.5,66.26,6.26,3.71,19.6,value_seekers
C0702,43.7,79707.03,8.05,167.12,81.35,3.12,0.55,41.5,40.46,13.77,7.31,43.9,loyal_midmarket
C0703,53.9,42504.44,4.01,73.43,36.53,9.19,1.78,11.6,81.34,4.27,1.0,11.8,value_seekers
C0704,53.7,87364.71,5.52,243.45,74.97,6.33,1.37,25.8,55.84,8.06,7.75,27.1,high_potential
C0705,32.5,81366.64,8.08,224.85,87.45,6.12,1.34,20.2,56.77,12.6,8.61,23.0,loyal_midmarket
C0706,39.7,70832.03,7.32,84.69,69.9,7.16,2.32,41.3,69.16,11.04,6.35,43.3,loyal_midmarket
C0707,45.8,103917.57,6.73,278.83,82.23,3.51,0.72,35.2,32.04,9.17,8.81,32.7,premium_repeaters
C0708,33.4,93247.6,8.32,428.93,90.95,4.46,1.25,69.0,9.32,12.32,10.0,72.0,premium_repeaters
C0709,44.5,71527.75,6.36,170.39,62.77,4.02,1.36,26.3,62.58,6.71,3.33,32.7,loyal_midmarket
C0710,36.3,71949.77,9.68,224.32,62.46,5.76,1.64,20.3,66.33,8.97,7.28,22.0,loyal_midmarket
C0711,44.2,76672.27,2.92,222.92,55.61,4.32,1.59,22.1,56.42,6.77,5.61,33.7,high_potential
C0712,43.4,110113.83,8.94,336.61,91.75,2.81,1.6,49.1,27.74,13.82,8.05,52.2,premium_repeaters
C0713,20.3,77476.17,4.43,142.67,81.58,2.82,0.89,22.5,54.39,12.57,7.49,24.2,high_potential
C0714,25.4,108161.12,3.9,128.04,81.29,3.94,0.12,16.9,58.31,9.94,7.51,28.2,high_potential
C0715,56.1,96055.62,7.56,332.64,66.08,7.17,0.65,36.1,35.75,7.04,6.31,42.6,premium_repeaters
C0716,45.2,25067.65,4.4,49.12,35.36,7.99,2.16,12.4,94.15,2.59,5.59,17.0,value_seekers
C0717,47.2,62363.22,8.29,250.78,73.13,6.86,0.0,32.0,63.92,9.86,3.1,29.2,loyal_midmarket
C0718,26.5,45716.94,1.62,118.26,59.19,6.81,2.22,12.7,83.94,5.17,2.82,17.2,value_seekers
C0719,48.0,115805.29,7.18,354.98,72.8,5.95,0.98,44.8,29.58,11.28,7.65,49.1,premium_repeaters
C0720,37.9,60630.78,2.83,206.96,72.22,5.73,1.01,22.1,33.54,11.09,3.94,18.7,high_potential
C0721,21.1,76179.72,4.44,166.58,76.95,5.41,0.21,27.3,40.49,12.11,7.61,29.7,loyal_midmarket
C0722,36.8,79231.52,6.19,170.43,57.27,4.21,0.41,25.5,54.8,5.49,5.03,39.8,loyal_midmarket
C0723,31.5,29186.41,3.11,81.32,55.14,6.88,1.65,11.4,70.79,8.02,5.8,11.9,value_seekers
C0724,27.8,84481.05,4.52,141.17,78.86,3.69,1.37,27.2,44.12,11.96,6.73,29.1,high_potential
C0725,39.5,36923.65,4.06,102.44,40.84,3.86,2.17,9.4,83.71,6.0,4.43,3.8,value_seekers
C0726,44.8,47734.37,3.62,40.57,60.32,9.03,0.84,9.3,83.85,10.27,2.97,9.3,value_seekers
C0727,42.7,32617.87,1.44,67.56,63.1,13.14,1.99,10.2,80.23,7.87,7.74,5.9,value_seekers
C0728,36.7,32588.61,2.75,90.33,48.4,6.44,1.86,17.6,97.69,9.97,3.63,19.5,value_seekers
C0729,25.7,56107.76,6.5,217.67,71.61,4.83,0.33,33.4,65.1,9.46,5.53,34.4,loyal_midmarket
C0730,56.8,74975.08,6.73,195.15,58.23,2.04,1.36,28.9,70.54,6.44,6.09,38.9,loyal_midmarket
C0731,35.4,82451.43,7.11,167.6,80.79,5.0,1.28,18.6,59.8,12.01,7.6,22.5,loyal_midmarket
C0732,40.8,41588.58,4.29,85.03,27.54,9.42,1.15,6.1,73.82,1.0,1.97,7.7,value_seekers
C0733,44.4,52523.08,3.05,85.86,57.52,9.99,2.62,1.0,95.87,6.65,2.76,9.2,value_seekers
C0734,34.6,72086.62,5.87,202.88,78.75,4.84,1.06,39.2,51.69,13.77,8.68,45.4,loyal_midmarket
C0735,25.2,40485.93,1.36,86.29,35.9,7.68,1.26,13.9,73.69,3.19,3.26,20.8,value_seekers
C0736,32.7,135181.27,8.87,383.72,80.42,4.44,1.59,47.1,13.3,10.23,9.58,51.9,premium_repeaters
C0737,46.3,41431.38,3.59,118.12,42.81,8.44,2.52,5.2,79.72,9.05,1.69,7.4,value_seekers
C0738,39.9,51719.98,7.12,210.3,66.07,5.72,1.65,25.9,47.64,7.11,5.73,31.5,loyal_midmarket
C0739,30.9,69069.16,6.7,179.7,62.54,7.25,0.88,31.1,39.68,9.58,6.52,35.1,loyal_midmarket
C0740,50.5,78611.79,8.71,153.82,51.81,3.11,0.78,24.3,54.84,8.41,7.71,32.4,loyal_midmarket
C0741,26.2,38792.64,1.87,116.33,22.94,6.11,2.22,13.4,80.47,5.28,2.11,15.3,value_seekers
C0742,29.0,34527.97,2.25,69.76,49.71,8.86,1.16,1.0,85.36,5.59,3.14,5.5,value_seekers
C0743,55.3,90297.58,7.39,239.96,75.23,5.37,0.12,10.1,20.89,11.53,7.03,18.3,high_potential
C0744,20.4,28035.69,3.28,134.81,46.58,6.59,0.39,22.3,81.44,4.1,4.05,20.6,value_seekers
C0745,29.0,74488.07,5.6,207.2,68.79,6.91,0.99,64.5,48.92,9.4,3.85,62.3,loyal_midmarket
C0746,36.5,75534.75,3.91,185.66,54.49,4.31,1.56,57.0,44.3,6.04,3.95,56.1,loyal_midmarket
C0747,21.6,81888.8,5.61,258.73,72.16,3.18,0.98,26.0,61.2,9.13,7.52,22.6,loyal_midmarket
C0748,27.9,86796.72,7.86,198.54,67.17,6.43,0.51,15.6,57.93,9.84,6.45,17.3,loyal_midmarket
C0749,39.8,134880.25,8.75,350.73,74.46,3.64,0.6,39.6,48.95,9.23,8.2,43.4,premium_repeaters
C0750,29.0,99404.09,5.64,218.6,83.31,6.83,1.14,17.2,54.95,11.79,5.14,16.3,high_potential
C0751,33.5,49448.36,2.54,78.21,42.44,8.1,1.53,13.6,81.52,8.23,1.0,12.5,value_seekers
C0752,26.2,69531.42,5.64,194.66,53.46,4.1,1.14,44.7,56.99,9.41,3.18,44.8,loyal_midmarket
C0753,46.7,41292.2,3.49,80.36,77.35,6.97,2.16,9.4,86.22,10.94,5.78,9.1,value_seekers
C0754,36.6,58267.15,7.44,160.61,43.86,8.18,0.72,31.5,68.77,3.81,1.7,32.9,loyal_midmarket
C0755,57.7,115005.05,8.04,356.8,74.15,3.53,0.0,47.5,29.29,8.71,6.67,49.6,premium_repeaters
C0756,46.1,39049.8,3.93,90.67,29.88,3.91,2.01,22.3,82.63,4.8,1.58,28.3,value_seekers
C0757,49.7,74343.7,7.65,198.55,75.48,4.17,1.08,32.8,53.54,10.84,6.75,25.4,loyal_midmarket
C0758,36.4,67427.48,5.54,181.02,70.79,7.76,1.5,22.0,49.81,11.72,5.39,32.0,high_potential
C0759,31.9,29399.08,4.07,88.6,27.85,9.07,1.58,17.2,85.53,2.98,1.93,21.7,value_seekers
C0760,34.6,65612.74,7.56,170.18,81.72,8.21,0.76,4.8,63.4,10.5,6.85,3.3,loyal_midmarket
C0761,48.0,141349.48,7.74,410.6,81.95,3.1,0.7,48.7,34.56,12.06,8.27,49.7,premium_repeaters
C0762,34.4,38544.31,2.37,69.84,42.11,9.66,2.81,5.9,77.22,4.96,3.23,11.0,value_seekers
C0763,50.5,29292.07,3.98,85.97,37.15,7.35,2.7,8.0,75.27,6.65,3.94,10.3,value_seekers
C0764,30.4,41681.99,3.15,110.79,58.95,10.71,0.85,21.8,79.14,10.08,6.12,23.2,value_seekers
C0765,46.5,84169.2,5.72,215.59,68.84,3.67,1.21,17.4,32.24,13.02,4.29,17.5,high_potential
C0766,20.8,40373.62,2.8,65.61,39.16,12.43,1.91,9.2,67.37,4.33,3.25,9.1,value_seekers
C0767,25.8,21550.35,3.41,115.69,64.47,3.26,1.16,8.9,83.17,9.3,5.69,17.6,value_seekers
C0768,40.7,56334.42,3.48,100.01,35.99,4.57,1.31,27.1,87.06,6.96,1.37,25.2,value_seekers
C0769,39.6,27896.49,2.94,138.86,67.77,6.87,1.26,4.2,82.62,11.5,5.88,9.3,value_seekers
C0770,22.3,128008.5,6.45,369.54,73.94,4.1,1.09,42.8,34.36,10.02,4.7,40.6,premium_repeaters
C0771,45.3,38338.22,3.13,122.74,46.71,10.57,2.04,10.8,83.07,6.41,1.94,17.6,value_seekers
C0772,26.9,51386.37,5.81,98.17,85.95,6.07,0.82,22.9,63.25,10.75,7.97,20.8,loyal_midmarket
C0773,29.9,129174.35,9.29,397.47,78.01,4.83,0.56,20.1,22.63,9.22,6.45,19.6,premium_repeaters
C0774,45.2,97300.26,6.69,140.99,62.41,3.53,1.38,16.6,38.76,8.88,4.53,22.4,high_potential
C0775,42.6,44432.52,3.27,83.97,38.85,10.31,2.0,20.2,92.69,7.63,4.18,20.2,value_seekers
C0776,49.5,127050.52,5.14,237.91,76.61,4.64,0.87,20.1,51.21,10.02,6.51,23.3,high_potential
C0777,28.3,94187.14,9.99,310.24,85.74,3.86,1.05,40.6,21.7,12.48,9.37,49.5,premium_repeaters
C0778,34.8,54464.16,3.09,100.59,45.54,5.11,1.65,17.5,78.01,10.73,1.57,18.8,value_seekers
C0779,50.7,127029.58,7.12,304.76,75.78,4.37,1.26,44.2,36.74,9.73,7.58,49.5,premium_repeaters
C0780,39.5,95488.01,3.9,147.22,55.8,4.91,1.15,9.7,56.46,8.71,3.58,17.1,high_potential
C0781,55.2,46124.53,4.17,76.31,27.69,8.25,1.0,20.7,78.74,4.23,4.52,14.2,value_seekers
C0782,35.8,74645.44,4.62,193.88,67.85,5.19,0.35,17.2,51.16,11.75,7.19,15.2,high_potential
C0783,47.2,59505.75,4.65,146.68,73.45,5.5,1.67,30.7,45.68,10.87,4.51,30.5,loyal_midmarket
C0784,26.3,107743.41,9.01,300.6,84.52,0.47,0.62,39.9,41.94,14.19,6.67,44.6,premium_repeaters
C0785,43.8,82397.14,4.96,150.74,69.9,6.84,1.26,16.9,47.13,8.87,8.5,22.0,high_potential
C0786,50.9,87796.18,7.01,150.5,57.8,4.41,1.24,16.3,58.45,6.9,4.14,20.6,loyal_midmarket
C0787,37.0,92497.79,4.63,227.72,79.42,6.55,0.43,19.6,42.37,13.29,9.18,25.0,high_potential
C0788,25.5,77107.08,6.07,171.15,50.65,7.41,1.01,39.1,60.11,10.33,5.01,37.4,loyal_midmarket
C0789,26.1,107549.46,7.31,399.74,85.47,1.59,1.72,53.6,26.78,13.16,5.73,59.8,premium_repeaters
C0790,40.5,113822.59,12.19,340.91,72.06,2.19,1.79,52.2,39.26,8.6,6.78,59.2,premium_repeaters
C0791,34.3,44583.48,4.88,97.97,37.49,8.16,0.46,1.0,88.65,7.02,5.36,1.0,value_seekers
C0792,32.1,78413.86,8.51,197.59,71.02,5.43,0.43,43.6,31.99,8.57,5.82,45.7,loyal_midmarket
C0793,39.0,94072.51,7.52,156.0,63.3,2.7,1.62,31.5,36.3,10.97,5.65,35.3,loyal_midmarket
C0794,25.9,38645.96,5.49,90.16,53.63,6.65,2.35,5.3,78.3,10.16,4.02,4.8,value_seekers
C0795,31.6,48464.31,5.02,89.31,56.93,9.33,1.89,18.5,96.72,6.1,6.57,16.7,value_seekers
C0796,48.1,85552.41,5.56,105.24,61.25,5.99,1.16,35.8,49.29,9.92,5.79,39.2,loyal_midmarket
C0797,29.9,46719.31,3.96,66.8,49.48,9.98,2.72,16.5,74.28,7.45,4.33,16.8,value_seekers
C0798,39.5,31886.41,2.37,37.54,7.57,7.67,3.66,24.8,74.17,1.0,1.0,20.9,value_seekers
C0799,23.0,113941.02,7.23,353.9,83.31,3.06,0.92,28.9,17.24,11.23,4.95,33.5,premium_repeaters
C0800,43.5,116864.4,5.63,431.32,73.37,4.39,1.44,30.5,28.61,11.2,4.81,33.0,premium_repeaters
C0801,53.0,127972.65,6.77,359.22,85.36,4.37,1.07,49.7,33.51,12.52,9.06,51.6,premium_repeaters
C0802,48.2,66115.35,4.6,197.26,65.94,2.83,1.5,48.3,39.33,8.62,8.57,40.2,loyal_midmarket
C0803,34.2,83075.14,4.9,240.51,58.55,4.92,1.03,31.0,33.64,6.3,6.9,29.3,high_potential
C0804,30.4,118479.73,6.67,311.52,73.49,2.88,0.27,38.9,25.13,10.98,5.9,41.5,premium_repeaters
C0805,40.4,40702.79,5.66,143.01,32.35,5.71,0.95,20.3,78.81,4.6,3.93,30.3,value_seekers
C0806,28.8,46683.79,2.91,116.48,34.8,11.35,1.33,11.1,73.29,1.0,2.84,11.4,value_seekers
C0807,30.8,108856.46,8.69,363.26,72.34,2.9,0.78,59.8,21.42,7.37,7.01,57.3,premium_repeaters
C0808,39.2,43826.13,4.78,116.04,73.77,7.82,1.59,6.2,87.57,8.26,7.2,10.8,value_seekers
C0809,44.7,74462.4,6.37,156.09,79.89,8.69,0.53,41.2,28.1,10.36,5.42,35.7,loyal_midmarket
C0810,33.3,84765.83,5.72,135.71,70.76,3.98,1.79,21.0,34.23,11.54,5.15,29.2,high_potential
C0811,39.4,39596.37,3.26,76.55,24.48,6.31,2.91,11.7,81.17,3.51,3.76,22.6,value_seekers
C0812,45.1,36616.38,3.24,90.31,35.71,7.49,2.51,9.2,82.0,7.29,3.35,7.9,value_seekers
C0813,36.7,85523.16,2.59,195.06,77.34,7.59,1.28,25.9,33.91,9.27,8.38,32.8,high_potential
C0814,38.4,131199.72,7.91,321.92,70.11,5.81,1.22,46.1,24.7,10.82,7.4,48.7,premium_repeaters
C0815,20.0,34957.76,2.03,92.11,24.03,7.19,1.39,17.0,97.86,2.97,2.67,28.0,value_seekers
C0816,49.7,66777.52,5.9,211.66,73.45,1.7,1.04,23.9,43.64,9.21,8.91,30.5,high_potential
C0817,53.9,88679.42,4.85,213.96,74.62,0.59,0.91,8.5,62.26,10.18,5.37,13.9,high_potential
C0818,50.0,64109.03,8.53,155.77,44.44,6.85,2.1,50.6,63.35,2.2,4.08,52.8,loyal_midmarket
C0819,40.8,129188.31,7.3,330.05,70.29,2.2,1.82,64.5,27.98,11.33,8.85,62.6,premium_repeaters
C0820,38.8,28236.92,3.96,103.48,51.33,12.11,3.43,12.6,87.39,7.87,5.61,12.1,value_seekers
C0821,29.4,43952.36,2.62,78.41,39.53,5.89,2.05,16.5,89.84,8.76,3.36,16.2,value_seekers
C0822,46.6,118542.36,7.24,402.32,87.37,4.95,0.91,31.5,43.4,15.33,7.19,31.7,premium_repeaters
C0823,38.2,88928.44,7.97,147.75,73.82,6.41,2.77,26.6,66.89,10.31,6.71,23.6,loyal_midmarket
C0824,49.1,98939.98,7.97,392.68,79.91,2.8,0.83,41.9,29.74,8.61,6.48,45.0,premium_repeaters
C0825,27.2,90490.32,6.04,261.91,89.97,5.01,1.38,7.8,50.3,18.91,8.6,9.6,high_potential
C0826,34.9,34225.68,3.91,77.07,33.47,13.26,2.65,16.1,78.87,5.39,1.0,24.2,value_seekers
C0827,40.8,161576.89,7.77,358.89,86.69,4.11,1.27,36.9,18.16,11.09,6.86,44.6,premium_repeaters
C0828,40.2,52989.17,3.04,79.74,40.52,7.84,0.54,10.8,83.84,9.47,5.8,17.4,value_seekers
C0829,45.9,101719.79,4.64,185.08,74.16,5.74,1.41,22.4,44.79,12.35,6.7,29.4,high_potential
C0830,29.0,34495.36,2.64,72.97,48.08,9.3,0.67,11.0,83.95,6.25,3.36,14.7,value_seekers
C0831,33.8,118957.7,8.09,293.33,76.06,4.11,0.52,22.1,15.71,10.17,9.25,18.8,premium_repeaters
C0832,32.7,55456.82,5.86,254.63,72.08,4.34,1.11,38.3,69.26,7.54,6.7,37.3,loyal_midmarket
C0833,26.0,55131.75,5.64,148.2,78.74,4.08,1.44,18.0,55.18,15.67,8.46,18.3,loyal_midmarket
C0834,38.6,115688.57,12.3,289.67,87.32,1.51,0.78,25.8,30.06,14.66,7.14,26.6,premium_repeaters
C0835,34.8,123883.33,8.73,258.42,72.01,3.57,1.22,59.1,26.27,10.95,6.13,57.6,premium_repeaters
C0836,26.5,68711.61,6.09,199.31,62.36,3.61,1.46,3.7,48.57,8.03,4.88,10.6,loyal_midmarket
C0837,38.6,117124.8,6.61,317.85,78.78,2.95,0.69,29.9,18.77,8.4,8.23,33.1,premium_repeaters
C0838,55.6,99460.71,5.87,222.0,79.73,8.3,0.85,10.7,30.66,9.54,6.23,19.8,high_potential
C0839,42.7,68112.11,7.67,134.94,48.33,8.9,1.39,38.5,52.15,5.22,4.54,34.5,loyal_midmarket
C0840,35.0,44749.31,5.84,167.25,64.97,4.01,0.6,15.8,55.3,9.41,5.49,12.3,loyal_midmarket
C0841,43.3,37850.78,1.34,107.07,30.2,8.16,1.15,11.7,91.22,4.98,3.3,18.2,value_seekers
C0842,36.7,85939.5,7.02,327.63,87.79,2.84,1.03,44.7,37.26,9.13,5.72,50.0,premium_repeaters
C0843,54.9,44599.87,7.14,203.58,76.97,3.78,0.86,32.8,66.99,11.66,8.87,38.0,loyal_midmarket
C0844,52.3,68929.89,5.73,175.48,58.21,4.68,0.53,44.3,58.89,12.12,3.09,39.7,loyal_midmarket
C0845,46.0,31215.23,2.88,122.69,47.71,7.39,1.17,5.7,91.06,7.61,1.0,13.2,value_seekers
C0846,31.7,69331.26,5.31,195.21,68.97,3.03,1.47,21.2,51.01,7.18,6.09,23.9,high_potential
C0847,40.0,41664.85,4.32,168.72,91.75,1.76,0.45,36.2,69.92,12.43,7.63,41.0,loyal_midmarket
C0848,28.2,119479.32,6.51,379.83,65.15,4.66,0.92,39.4,14.86,8.89,6.31,46.2,premium_repeaters
C0849,43.4,34084.21,3.47,55.7,46.2,8.93,2.06,8.6,79.26,6.03,6.86,9.7,value_seekers
C0850,31.8,73735.16,5.99,163.81,79.89,5.93,0.74,9.5,26.3,9.26,7.4,13.6,high_potential
C0851,24.9,28712.13,3.27,61.32,44.06,6.75,0.85,10.0,74.53,5.57,1.0,16.4,value_seekers
C0852,24.3,36390.47,4.41,70.97,62.97,5.86,2.2,20.2,85.6,11.34,4.6,18.4,value_seekers
C0853,42.6,102635.15,4.33,215.66,61.53,3.83,0.56,19.6,46.93,6.93,5.85,19.6,high_potential
C0854,48.6,72556.17,5.99,205.42,71.06,5.54,0.96,6.4,35.39,6.79,6.95,8.7,high_potential
C0855,43.5,36966.67,2.63,61.38,57.0,3.09,1.13,14.7,94.63,11.2,3.28,13.3,value_seekers
C0856,33.9,75184.03,6.79,149.16,74.98,4.07,1.62,15.6,57.01,10.62,8.56,22.2,loyal_midmarket
C0857,25.4,127137.03,7.31,383.32,84.35,4.11,0.0,30.2,39.07,13.46,6.65,35.7,premium_repeaters
C0858,31.7,58071.53,4.17,293.12,66.23,3.53,0.5,26.5,43.57,10.62,4.73,34.2,high_potential
C0859,27.0,57316.99,7.59,180.59,52.51,1.79,0.53,21.6,35.59,6.58,7.14,19.9,loyal_midmarket
C0860,47.1,68797.88,6.0,197.82,65.63,5.72,1.37,35.2,78.9,10.12,4.86,32.9,loyal_midmarket
C0861,39.7,126032.51,5.44,279.07,80.75,4.8,1.15,52.2,30.99,13.16,8.78,52.2,premium_repeaters
C0862,41.8,116863.92,7.32,427.53,77.84,3.6,1.14,40.8,21.44,14.8,8.18,42.7,premium_repeaters
C0863,29.1,107281.32,8.59,356.93,88.48,2.82,0.99,40.8,28.47,13.48,9.84,45.1,premium_repeaters
C0864,33.1,71879.69,5.71,207.63,60.06,6.95,1.85,46.6,57.39,9.34,4.68,49.0,loyal_midmarket
C0865,56.2,53998.05,4.08,67.69,67.59,8.24,0.92,9.0,93.9,12.29,7.85,15.1,value_seekers
C0866,34.9,96353.74,5.16,231.59,80.62,3.61,1.37,28.2,43.94,10.22,5.49,32.1,high_potential
C0867,34.5,105215.79,4.3,210.74,68.51,6.84,1.43,16.3,34.2,10.16,6.38,20.6,high_potential
C0868,43.7,121810.58,8.64,337.7,81.6,2.22,2.18,38.6,29.63,11.67,7.41,39.0,premium_repeaters
C0869,51.9,33773.66,3.94,48.77,66.03,9.98,2.31,3.6,75.66,11.82,7.45,22.2,value_seekers
C0870,39.0,46724.77,2.65,114.88,31.79,4.97,0.78,19.9,81.54,2.29,1.95,21.8,value_seekers
C0871,56.6,106832.33,5.39,312.27,69.35,4.25,1.23,26.5,25.63,10.76,6.45,24.6,premium_repeaters
C0872,48.7,51835.99,3.8,79.22,45.8,8.2,1.73,6.1,91.94,5.94,3.85,3.9,value_seekers
C0873,36.7,70652.22,2.75,183.18,70.79,2.49,1.09,26.1,54.42,11.54,6.64,20.8,high_potential
C0874,23.8,77092.21,8.52,151.13,39.25,3.1,1.49,34.3,43.06,3.12,4.3,34.9,loyal_midmarket
C0875,27.7,110594.32,6.56,298.29,80.1,3.56,1.0,44.2,27.42,10.65,10.17,43.2,premium_repeaters
C0876,56.1,67767.46,4.34,213.93,71.27,6.52,0.85,16.4,54.15,9.91,6.41,24.0,high_potential
C0877,20.0,72560.63,6.38,150.34,77.37,5.37,1.17,21.3,54.56,9.93,7.44,21.0,loyal_midmarket
C0878,44.7,94558.2,6.89,230.69,74.45,7.03,2.31,26.7,46.83,11.08,6.42,28.7,loyal_midmarket
C0879,43.6,107267.34,9.93,279.51,83.49,4.18,0.11,32.0,22.7,11.76,5.55,32.6,premium_repeaters
C0880,25.9,159866.41,7.61,367.45,73.67,2.65,1.86,19.0,30.23,9.25,5.32,19.4,premium_repeaters
C0881,32.1,72425.3,3.12,168.96,67.1,2.55,2.11,28.1,51.86,12.2,9.56,29.7,loyal_midmarket
C0882,20.0,131421.51,9.13,434.4,79.99,5.54,1.3,43.7,30.8,8.34,5.0,46.9,premium_repeaters
C0883,42.4,90893.18,3.57,209.72,75.25,5.09,0.55,24.3,45.11,10.39,8.38,21.5,high_potential
C0884,30.1,83642.13,5.24,160.91,58.11,3.82,0.36,32.6,59.7,7.86,6.76,34.3,loyal_midmarket
C0885,51.3,36495.67,2.92,68.85,31.35,9.32,1.69,14.3,92.2,5.77,3.17,9.7,value_seekers
C0886,34.9,66460.91,6.59,119.58,82.63,5.93,0.68,28.1,38.67,9.15,8.6,28.2,loyal_midmarket
C0887,40.5,87321.57,6.17,169.3,72.35,4.96,0.55,27.5,51.33,10.76,4.44,29.5,loyal_midmarket
C0888,28.1,47986.96,3.5,153.82,40.35,8.81,4.06,15.2,81.46,3.45,4.27,23.3,value_seekers
C0889,41.3,37738.0,3.31,54.4,61.12,7.31,0.83,21.5,77.97,9.68,2.48,26.9,value_seekers
C0890,39.6,130516.42,7.35,321.9,77.13,1.41,1.0,25.6,25.71,9.38,9.04,31.9,premium_repeaters
C0891,29.0,83362.24,5.68,141.19,53.56,5.49,0.76,46.0,47.88,6.28,4.88,48.9,loyal_midmarket
C0892,44.1,102789.84,4.93,214.84,75.85,2.09,1.2,19.1,54.93,12.9,6.49,20.3,high_potential
C0893,22.6,44224.41,3.19,101.54,40.48,12.12,3.41,19.2,94.33,5.14,3.74,15.6,value_seekers
C0894,38.7,40216.13,1.86,118.79,70.85,11.2,2.67,15.4,75.26,9.42,5.8,25.8,value_seekers
C0895,48.9,137931.47,9.26,293.37,75.91,2.85,0.93,55.2,21.57,15.5,7.35,57.7,premium_repeaters
C0896,20.0,86546.22,5.43,196.51,57.84,4.42,0.87,6.9,45.27,8.75,5.39,7.5,high_potential
C0897,36.3,38300.37,3.41,70.4,45.13,8.15,1.08,15.6,84.09,6.17,3.71,27.3,value_seekers
C0898,33.4,38198.46,2.53,107.15,36.77,6.58,1.37,8.1,67.99,5.65,5.53,13.6,value_seekers
C0899,31.5,48758.61,4.02,137.07,43.83,8.16,1.79,23.3,82.02,4.63,4.73,27.6,value_seekers
C0900,32.0,76966.09,5.97,199.8,53.12,5.29,0.92,62.6,55.4,10.2,4.34,59.1,loyal_midmarket
C0901,42.2,62503.78,6.6,202.74,74.34,5.04,1.3,36.3,57.03,10.73,5.61,42.7,loyal_midmarket
C0902,34.0,40701.37,4.25,45.34,23.63,10.3,3.02,6.4,82.8,3.99,1.0,7.4,value_seekers
C0903,36.7,32035.04,3.2,86.37,31.49,9.97,1.47,11.5,84.26,2.63,1.0,16.8,value_seekers
C0904,31.7,68282.55,6.27,136.57,54.12,5.33,0.75,19.5,62.69,7.79,5.33,26.1,loyal_midmarket
C0905,40.3,84827.5,1.88,164.53,72.87,5.38,0.11,17.6,34.78,11.9,8.12,19.5,high_potential
C0906,42.9,126261.82,8.79,320.73,100.0,1.92,0.64,52.8,34.02,10.2,11.37,57.5,premium_repeaters
C0907,27.4,69553.31,7.7,108.83,70.57,3.99,1.54,37.2,57.29,9.72,7.11,38.9,loyal_midmarket
C0908,47.3,50903.67,3.65,58.1,46.29,14.53,3.12,1.0,82.51,5.69,3.83,1.0,value_seekers
C0909,32.3,46969.71,2.35,119.72,44.33,5.66,2.7,4.7,77.56,4.96,1.01,15.3,value_seekers
C0910,34.3,65018.22,6.75,207.44,90.77,7.53,1.31,25.1,68.62,12.13,6.5,24.5,loyal_midmarket
C0911,32.5,109629.64,7.15,380.19,74.9,1.85,0.1,44.5,28.58,11.48,8.76,44.6,premium_repeaters
C0912,38.3,76297.83,4.9,248.33,67.01,4.77,0.98,8.8,47.68,7.2,6.11,13.0,high_potential
C0913,20.9,108726.01,7.09,261.21,63.41,5.52,0.76,20.0,38.28,10.5,6.17,20.6,high_potential
C0914,38.4,94044.22,5.04,226.18,78.77,4.36,1.04,30.2,47.42,10.82,6.55,32.6,high_potential
C0915,43.9,91130.18,4.24,204.18,66.89,4.97,1.29,16.5,25.92,7.57,7.16,19.0,high_potential
C0916,36.7,67023.62,5.95,207.71,53.58,5.09,0.8,14.1,38.62,3.94,6.65,14.2,high_potential
C0917,27.0,39800.78,2.77,61.79,54.25,4.75,1.91,10.5,77.8,7.77,5.26,10.0,value_seekers
C0918,32.5,34929.67,3.41,112.21,25.05,7.98,1.04,7.7,84.09,6.23,3.57,4.8,value_seekers
C0919,42.9,48812.33,4.43,200.77,65.15,7.7,1.57,37.0,44.8,11.92,6.51,33.9,loyal_midmarket
C0920,38.0,62102.03,7.17,258.45,65.82,5.99,0.94,34.9,40.43,13.0,3.47,37.0,loyal_midmarket
C0921,28.1,39472.05,4.79,83.96,42.94,5.92,1.05,3.0,76.97,4.56,3.23,5.5,value_seekers
C0922,36.8,81216.92,4.75,188.86,64.44,4.94,1.53,18.9,39.9,8.93,5.3,12.7,high_potential
C0923,46.1,101197.71,6.37,317.44,85.94,4.92,0.44,35.8,24.06,12.46,8.56,38.4,premium_repeaters
C0924,31.7,64843.04,7.84,179.94,59.44,4.59,1.94,29.7,62.55,9.81,4.18,28.7,loyal_midmarket
C0925,43.3,49402.86,3.85,68.16,44.14,6.63,2.08,25.3,79.03,6.35,3.78,27.4,value_seekers
C0926,20.0,34283.24,3.84,82.78,34.14,10.54,1.88,12.6,92.72,3.12,3.4,19.7,value_seekers
C0927,20.0,36707.43,2.58,122.85,67.27,7.45,2.07,14.3,95.84,8.16,2.82,17.9,value_seekers
C0928,30.8,82592.05,6.83,183.76,81.12,6.72,0.99,18.8,28.84,11.71,7.89,24.5,high_potential
C0929,34.1,120396.84,10.79,316.32,90.84,3.67,1.75,27.3,29.48,15.42,8.79,29.9,premium_repeaters
C0930,34.4,139966.89,6.49,294.74,78.13,3.45,0.81,30.5,37.59,11.19,8.01,38.2,premium_repeaters
C0931,39.9,78692.52,5.21,192.85,87.28,5.45,1.74,40.9,56.76,14.0,6.04,45.1,loyal_midmarket
C0932,20.0,74967.63,5.98,166.3,80.96,3.68,0.36,42.0,41.22,11.88,8.02,47.6,loyal_midmarket
C0933,39.6,66690.87,4.54,138.5,65.28,2.71,1.38,29.4,55.67,10.32,5.45,32.9,loyal_midmarket
C0934,27.1,121311.45,7.85,206.41,83.17,3.69,1.18,26.6,25.47,9.07,6.26,31.5,premium_repeaters
C0935,36.0,127617.65,6.56,288.94,85.25,4.73,1.26,52.2,26.15,12.51,7.01,51.6,premium_repeaters
C0936,30.3,38102.4,4.1,119.61,49.78,12.49,1.24,3.0,87.72,3.57,3.27,3.9,value_seekers
C0937,39.1,65466.59,4.32,194.22,74.81,6.78,1.34,6.6,52.08,10.64,7.09,8.3,high_potential
C0938,34.6,35773.02,3.32,119.6,36.55,5.43,1.75,7.2,68.22,5.14,3.57,15.0,value_seekers
C0939,50.0,56047.77,5.28,213.73,68.02,5.09,1.09,10.6,49.32,7.98,5.93,11.7,high_potential
C0940,23.9,49691.52,2.27,104.46,36.86,8.61,1.35,10.6,94.18,8.73,4.31,14.5,value_seekers
C0941,36.2,30020.13,2.22,71.21,46.89,8.56,0.78,8.8,75.51,4.83,2.9,18.7,value_seekers
C0942,43.5,71002.9,5.5,208.35,65.93,4.22,0.6,20.1,72.84,8.09,4.11,21.7,high_potential
C0943,28.5,48603.21,4.18,78.35,59.56,8.05,2.42,15.8,80.58,10.19,4.7,17.2,value_seekers
C0944,27.3,77276.9,4.9,207.3,71.13,2.84,1.07,43.3,42.67,14.43,5.52,45.0,loyal_midmarket
C0945,47.0,77943.29,6.51,159.37,69.61,4.19,0.99,17.4,53.78,12.13,7.14,19.6,loyal_midmarket
C0946,29.4,41464.13,2.87,77.84,27.35,7.33,1.92,24.3,86.23,3.49,3.62,20.5,value_seekers
C0947,35.3,114028.91,8.31,330.04,83.74,1.42,1.7,28.7,34.35,11.48,7.97,30.2,premium_repeaters
C0948,32.5,94862.87,5.96,266.32,76.99,7.54,1.05,25.5,50.29,12.0,6.95,28.3,high_potential
C0949,34.6,94192.85,5.75,209.07,47.51,7.49,0.85,12.2,34.76,5.31,3.36,12.0,high_potential
C0950,33.7,78356.91,8.64,208.72,79.23,4.32,1.26,38.3,48.06,13.5,7.3,43.7,loyal_midmarket
C0951,40.6,57658.11,5.85,129.55,68.75,5.46,1.04,36.4,57.75,9.32,6.82,33.6,loyal_midmarket
C0952,42.6,56208.41,3.23,103.77,55.54,7.51,2.72,21.2,93.04,6.7,8.02,32.7,value_seekers
C0953,36.2,48914.7,4.84,82.0,55.13,11.57,0.93,13.0,64.87,7.44,9.11,11.8,value_seekers
C0954,27.7,57460.23,2.06,103.89,54.59,7.16,1.94,15.7,71.23,8.0,3.97,18.3,value_seekers
C0955,43.9,76084.36,4.7,245.45,73.31,7.4,0.65,19.4,42.46,14.33,4.3,18.2,high_potential
C0956,29.1,113732.2,4.9,232.1,86.01,6.17,0.63,22.2,64.67,13.06,7.21,32.7,high_potential
C0957,31.6,101920.79,7.17,232.46,74.68,3.16,0.36,51.0,26.25,11.38,6.89,51.7,premium_repeaters
C0958,44.8,63588.3,6.35,178.23,56.61,4.48,1.55,39.7,51.93,6.19,4.79,37.8,loyal_midmarket
C0959,36.3,89970.79,6.4,170.36,83.44,4.48,2.54,28.9,44.89,10.3,11.23,29.9,loyal_midmarket
C0960,51.5,75823.52,6.76,163.83,62.22,6.85,0.19,22.6,51.77,9.72,5.7,23.1,loyal_midmarket
C0961,28.0,87555.1,4.3,205.76,66.01,6.66,0.71,34.2,53.08,8.27,6.18,31.1,loyal_midmarket
C0962,29.7,62917.05,5.8,114.0,64.29,6.84,1.62,33.1,56.19,13.32,6.08,41.6,loyal_midmarket
C0963,29.0,65316.17,2.82,58.72,36.48,7.45,3.65,12.3,75.12,7.21,2.64,18.9,value_seekers
C0964,37.8,25117.94,2.37,133.03,53.27,8.16,3.3,25.7,81.71,7.04,2.76,25.4,value_seekers
C0965,22.3,65644.2,2.91,253.37,59.95,7.92,0.63,30.2,42.35,11.37,4.18,37.3,high_potential
C0966,35.9,68020.17,5.11,175.78,69.08,4.37,0.11,28.2,60.33,8.01,5.43,28.9,loyal_midmarket
C0967,32.8,109134.22,3.55,238.83,74.42,5.19,0.63,15.5,45.94,11.55,9.81,18.9,high_potential
C0968,32.1,44503.71,1.59,119.08,42.55,13.03,2.98,11.0,87.78,7.43,5.43,13.0,value_seekers
C0969,39.6,82742.47,6.29,266.92,64.35,2.11,0.35,48.7,53.31,8.29,4.75,48.6,loyal_midmarket
C0970,52.8,46240.36,3.4,100.88,49.07,6.94,0.63,4.7,100.0,5.66,4.47,12.1,value_seekers
C0971,32.3,34661.73,2.19,75.28,60.91,10.1,1.02,12.1,87.99,9.51,6.08,14.4,value_seekers
C0972,40.7,44287.31,2.85,76.23,31.4,4.1,1.71,18.9,70.96,1.0,2.48,24.0,value_seekers
C0973,32.6,56815.89,4.05,43.24,52.9,6.13,2.35,9.9,81.58,6.42,4.5,11.9,value_seekers
C0974,41.3,70365.92,5.34,217.01,59.45,6.39,0.91,19.1,53.65,7.91,6.85,25.8,high_potential
C0975,30.4,73475.1,6.81,194.13,80.41,6.3,0.93,27.6,53.55,7.23,5.14,25.4,loyal_midmarket
C0976,53.6,153737.31,6.52,444.69,81.23,3.44,0.15,42.1,43.14,9.31,6.04,45.2,premium_repeaters
C0977,42.6,61768.9,7.73,237.11,69.96,4.45,2.13,24.2,54.47,8.72,5.36,22.8,loyal_midmarket
C0978,42.1,89000.72,8.5,184.02,65.32,3.92,1.2,28.5,53.13,8.95,5.68,28.9,loyal_midmarket
C0979,30.9,68189.24,5.67,206.68,50.29,7.83,1.28,40.1,60.53,5.12,4.23,38.4,loyal_midmarket
C0980,31.4,48292.84,2.92,105.2,16.58,7.04,2.73,13.0,75.37,1.0,2.99,2.9,value_seekers
C0981,37.7,79260.96,4.29,116.73,59.32,6.7,1.31,8.9,39.69,4.47,5.17,6.1,high_potential
C0982,31.4,96589.13,5.45,245.01,60.02,4.89,0.87,17.4,43.88,10.9,5.92,7.3,high_potential
C0983,49.3,91282.78,8.21,315.4,74.65,2.5,1.17,32.4,19.23,10.37,7.76,33.7,premium_repeaters
C0984,42.1,63988.96,5.64,190.7,52.59,5.4,0.75,42.6,58.92,7.31,3.13,38.1,loyal_midmarket
C0985,40.0,41668.22,1.18,51.48,59.27,8.92,1.52,8.5,73.33,11.56,5.13,9.2,value_seekers
C0986,39.4,88880.81,3.27,195.57,75.59,4.2,0.76,20.3,61.15,12.04,8.39,26.9,high_potential
C0987,46.9,64683.36,5.95,172.9,73.46,6.43,1.28,42.8,48.93,11.85,6.87,48.8,loyal_midmarket
C0988,38.4,48419.91,2.61,94.96,48.61,4.68,2.18,6.5,78.58,7.11,4.51,5.6,value_seekers
C0989,33.9,62157.82,6.88,153.25,90.88,4.8,0.5,24.2,64.33,14.69,7.68,20.7,loyal_midmarket
C0990,56.0,129761.55,8.9,355.1,97.17,1.26,0.49,38.9,46.09,12.29,7.88,46.1,premium_repeaters
C0991,27.0,103085.92,6.32,422.1,76.05,3.36,1.29,22.0,28.42,9.69,6.02,22.9,premium_repeaters
C0992,30.1,122060.47,7.83,327.91,80.97,2.37,1.24,39.5,24.13,15.31,7.27,40.6,premium_repeaters
C0993,27.5,97400.74,8.88,314.04,80.27,2.71,1.54,34.9,39.18,14.27,7.53,35.7,premium_repeaters
C0994,21.9,62443.19,3.23,96.43,67.86,4.22,0.49,9.2,88.51,10.75,8.99,13.6,value_seekers
C0995,39.8,103682.27,5.2,264.37,78.85,4.06,0.43,14.0,45.6,10.83,7.21,7.5,high_potential
C0996,52.0,78570.45,8.15,186.5,58.9,1.73,1.61,25.3,61.8,9.52,7.16,21.1,loyal_midmarket
C0997,46.0,136342.71,4.36,293.05,67.76,4.18,1.11,9.6,25.59,9.97,5.65,12.2,premium_repeaters
C0998,23.6,32469.53,3.48,91.3,52.38,9.74,1.87,20.6,79.0,7.74,5.46,24.5,value_seekers
C0999,31.9,69033.23,6.77,238.42,71.41,3.3,1.54,10.3,68.61,9.83,8.7,19.2,high_potential
C1000,30.9,63181.58,6.22,208.17,74.62,6.98,0.91,34.8,65.24,10.22,7.07,39.1,loyal_midmarket
C1001,30.4,42760.95,2.71,83.48,46.74,7.74,3.06,20.1,84.32,10.62,2.84,18.8,value_seekers
C1002,37.9,73366.32,6.63,169.1,57.98,3.59,0.87,26.9,65.95,8.5,6.21,26.8,loyal_midmarket
C1003,21.3,38898.42,4.4,58.22,59.06,7.98,1.76,9.8,72.18,9.61,4.02,8.8,value_seekers
C1004,21.8,28063.97,2.59,80.38,40.85,7.68,2.63,21.5,98.04,7.23,3.08,20.1,value_seekers
C1005,22.9,133494.16,7.81,426.86,86.34,4.88,0.69,40.8,25.56,13.83,7.37,48.7,premium_repeaters
C1006,46.5,87655.11,5.44,115.67,78.07,2.7,1.08,36.1,57.47,12.25,5.99,40.4,loyal_midmarket
C1007,32.7,92413.65,3.14,272.49,61.38,4.25,0.34,12.9,46.13,9.22,4.93,19.5,high_potential
C1008,45.5,70397.02,7.66,211.81,56.61,3.77,1.48,37.5,44.55,10.7,5.89,36.0,loyal_midmarket
C1009,40.9,97625.36,6.71,309.94,79.28,3.23,0.33,25.3,32.39,11.87,6.34,27.7,premium_repeaters
C1010,32.6,74207.91,9.25,221.11,65.12,4.06,0.0,44.7,61.08,6.99,6.54,41.0,loyal_midmarket
C1011,34.4,116391.87,8.54,344.75,85.73,3.98,1.31,16.9,18.13,16.01,7.56,23.2,premium_repeaters
C1012,27.7,106991.56,4.57,387.5,73.6,7.35,0.53,67.3,33.99,12.06,6.38,70.2,premium_repeaters
C1013,39.7,82055.79,7.18,200.87,67.84,2.89,1.15,35.8,37.12,7.1,5.7,37.4,loyal_midmarket
C1014,34.6,83322.3,6.92,218.8,83.32,4.61,0.06,22.7,39.42,12.05,9.07,20.5,high_potential
C1015,33.1,83192.86,8.1,240.48,47.54,2.85,0.12,40.3,47.76,7.56,2.24,41.5,loyal_midmarket
C1016,26.5,30670.23,3.5,119.97,44.7,6.02,0.08,19.7,76.11,3.51,2.72,14.9,value_seekers
C1017,27.7,113700.72,5.69,350.21,76.03,6.39,0.05,43.9,29.39,12.4,7.05,46.3,premium_repeaters
C1018,46.0,108766.94,2.4,176.31,87.28,6.26,1.27,26.6,26.83,11.15,11.62,32.9,high_potential
C1019,47.4,43767.14,1.31,99.53,36.36,10.91,2.24,10.4,94.02,4.89,4.03,9.1,value_seekers
C1020,20.3,67628.84,5.8,181.29,57.34,0.98,1.34,14.1,45.06,9.04,4.9,9.5,loyal_midmarket
C1021,20.0,84123.99,3.35,183.77,77.39,4.72,1.41,24.8,43.48,10.86,5.95,23.7,high_potential
C1022,46.1,99016.76,7.6,473.67,74.09,3.5,0.24,56.9,35.0,9.73,6.31,64.4,premium_repeaters
C1023,40.7,113648.18,5.5,121.23,78.09,3.87,1.45,20.9,28.59,11.88,7.91,23.7,high_potential
C1024,40.6,89951.59,6.7,180.8,79.48,9.04,1.75,36.1,57.89,15.68,6.18,38.1,loyal_midmarket
C1025,52.7,138788.3,7.31,258.58,76.49,2.79,1.19,43.1,19.82,14.1,7.29,49.5,premium_repeaters
C1026,35.6,71571.2,7.04,159.79,69.3,4.68,0.32,35.3,50.03,12.45,5.11,38.7,loyal_midmarket
C1027,50.9,82951.63,3.96,176.79,68.65,4.49,1.29,20.2,35.43,8.0,7.95,26.0,high_potential
C1028,43.3,75923.26,6.01,192.53,67.74,5.98,1.31,30.6,35.77,11.23,6.83,31.1,loyal_midmarket
C1029,25.6,111742.04,9.03,351.27,79.31,3.32,1.74,33.4,25.42,10.17,6.55,38.3,premium_repeaters
C1030,36.4,65796.76,6.28,136.22,45.57,5.82,0.0,42.5,68.03,6.46,6.38,49.7,loyal_midmarket
C1031,37.1,66525.39,3.36,177.2,85.08,5.96,0.89,37.3,62.74,11.12,9.14,49.8,loyal_midmarket
C1032,40.9,131714.87,6.45,316.66,86.14,3.69,1.07,22.4,33.25,13.03,7.26,24.1,premium_repeaters
C1033,38.3,64897.17,5.91,163.75,89.81,6.64,0.62,54.4,50.1,8.89,7.83,60.0,loyal_midmarket
C1034,39.5,79399.99,5.03,224.8,73.3,4.6,1.53,20.1,46.41,10.82,5.94,29.5,high_potential
C1035,44.1,49092.01,4.48,163.65,66.92,4.0,1.41,28.3,45.77,7.35,6.42,35.8,loyal_midmarket
C1036,30.1,83709.92,5.29,307.62,87.08,2.49,0.49,42.4,28.3,11.91,8.08,52.4,premium_repeaters
C1037,37.1,67178.65,6.73,223.22,84.64,3.63,1.86,39.5,62.77,13.96,9.03,40.7,loyal_midmarket
C1038,24.9,90788.65,6.44,176.26,43.4,2.1,0.96,23.0,61.33,5.28,5.63,23.0,loyal_midmarket
C1039,37.8,64701.14,6.74,186.85,77.03,6.53,1.18,17.0,51.91,9.53,8.6,20.2,loyal_midmarket
C1040,31.2,42122.57,2.58,78.54,68.14,9.66,2.64,7.8,76.49,9.39,5.51,10.5,value_seekers
C1041,32.7,38723.37,2.71,85.5,58.36,4.22,2.08,22.3,80.53,6.37,5.27,28.0,value_seekers
C1042,48.2,99282.81,4.69,331.64,67.89,3.48,1.46,64.3,28.75,8.93,3.48,67.8,premium_repeaters
C1043,32.9,147276.86,5.93,416.05,82.29,2.23,1.06,67.6,40.29,11.96,7.25,66.7,premium_repeaters
C1044,47.8,139595.27,8.61,246.93,81.67,3.27,0.92,45.0,37.59,11.55,6.8,44.0,premium_repeaters
C1045,23.7,26863.39,3.39,136.12,24.46,7.94,1.76,15.7,74.3,6.16,1.0,12.2,value_seekers
C1046,41.0,66005.25,8.73,154.3,71.42,6.91,1.81,20.7,47.58,8.68,5.8,30.4,loyal_midmarket
C1047,37.8,45776.17,4.12,107.01,34.84,6.67,1.97,21.6,80.09,8.7,3.38,19.5,value_seekers
C1048,25.5,137399.59,7.54,344.69,66.0,0.7,1.53,42.9,29.65,11.55,8.44,41.3,premium_repeaters
C1049,37.8,78680.89,5.54,217.6,72.92,7.76,0.77,26.7,49.81,11.0,6.49,34.2,high_potential
C1050,40.6,54414.98,4.75,120.05,5.0,9.1,1.97,13.8,86.88,1.0,1.95,18.5,value_seekers
C1051,57.2,132021.0,8.31,367.15,87.26,4.83,0.84,53.9,29.39,11.21,11.2,60.3,premium_repeaters
C1052,34.9,23081.64,4.14,72.59,67.59,8.63,1.16,12.4,76.29,8.15,6.52,13.1,value_seekers
C1053,48.0,45521.02,2.5,48.54,48.73,9.33,2.38,17.3,94.58,13.16,1.97,30.0,value_seekers
C1054,36.0,22225.75,3.49,102.61,44.09,9.76,1.58,9.8,77.66,5.33,3.6,15.2,value_seekers
C1055,51.4,78842.6,5.96,219.08,58.8,2.95,1.38,38.0,46.22,7.14,7.43,47.7,loyal_midmarket
C1056,56.3,75121.62,9.11,292.82,85.81,2.25,0.87,32.3,26.29,16.48,7.26,33.8,premium_repeaters
C1057,27.9,110376.47,3.01,198.54,69.18,7.26,1.09,3.4,32.9,11.49,5.87,9.1,high_potential
C1058,43.0,37063.41,4.22,61.76,50.49,8.93,1.58,16.4,82.82,8.44,6.03,13.0,value_seekers
C1059,40.8,75851.42,6.92,176.15,76.91,5.12,0.51,42.2,39.29,10.09,7.23,42.7,loyal_midmarket
C1060,52.0,105232.81,8.27,343.12,73.06,5.24,1.0,49.6,39.33,9.83,4.64,53.9,premium_repeaters
C1061,44.3,91100.36,6.0,224.17,43.0,6.19,1.47,15.9,55.88,8.69,2.13,15.1,high_potential
C1062,24.6,116969.6,7.26,294.6,80.43,5.2,1.52,50.7,14.43,11.42,6.61,53.3,premium_repeaters
C1063,28.6,59147.91,3.61,103.56,56.85,8.14,3.87,8.4,77.15,9.73,4.41,16.6,value_seekers
C1064,36.6,102450.23,9.58,359.89,89.28,3.42,1.16,45.6,23.01,13.74,9.18,42.9,premium_repeaters
C1065,41.9,83881.93,7.0,175.51,83.52,6.61,2.03,48.5,52.87,9.63,6.01,53.6,loyal_midmarket
C1066,42.6,68510.33,4.68,196.67,61.08,5.04,0.95,26.3,66.13,10.02,5.57,25.5,high_potential
C1067,42.2,69118.5,5.17,163.75,66.22,6.45,1.51,52.3,60.07,7.39,5.22,53.0,loyal_midmarket
C1068,40.8,105402.9,3.66,284.53,90.82,3.98,0.71,46.8,12.37,12.73,5.78,53.9,premium_repeaters
C1069,27.6,38274.54,4.78,96.47,27.98,13.92,0.8,12.5,73.7,5.27,4.35,12.7,value_seekers
C1070,36.2,67365.98,4.99,196.75,73.08,5.43,1.37,32.9,54.88,14.9,6.9,39.2,loyal_midmarket
C1071,28.3,87901.42,5.08,183.68,80.88,5.51,0.79,24.3,46.19,12.03,8.7,27.7,high_potential
C1072,48.0,132967.85,7.34,314.04,78.01,3.97,1.14,45.6,27.27,16.1,8.16,44.9,premium_repeaters
C1073,23.5,58470.18,6.42,207.04,64.51,2.31,0.58,39.4,38.21,8.77,4.89,43.6,loyal_midmarket
C1074,20.0,80579.02,3.18,229.38,66.74,3.94,1.17,16.2,38.95,9.69,5.34,19.7,high_potential
C1075,38.5,72439.01,4.81,229.22,74.88,7.42,1.35,17.2,53.38,13.29,5.55,19.4,high_potential
C1076,32.2,72279.72,7.63,190.81,64.31,1.93,0.0,54.8,56.78,7.29,5.38,58.2,loyal_midmarket
C1077,38.2,60708.72,4.5,106.33,52.02,6.84,0.61,39.3,62.61,7.7,4.15,40.2,loyal_midmarket
C1078,20.6,86446.91,8.45,230.74,46.48,4.21,1.2,38.6,38.45,5.52,2.14,45.9,loyal_midmarket
C1079,34.7,98134.47,8.09,294.76,79.93,2.23,0.03,59.1,31.19,14.35,8.09,59.0,premium_repeaters
C1080,24.8,85761.76,5.5,181.77,72.02,4.01,1.14,28.2,57.59,10.91,6.26,32.5,loyal_midmarket
C1081,32.5,46045.65,3.14,73.25,51.52,9.47,1.39,10.4,80.54,7.99,4.7,18.5,value_seekers
C1082,39.3,74009.13,5.61,185.54,68.13,6.04,1.19,1.0,44.42,10.05,3.66,1.1,high_potential
C1083,35.8,45534.69,3.73,221.29,44.98,3.45,0.04,16.3,65.58,8.1,4.12,17.9,high_potential
C1084,50.3,84775.12,5.82,228.88,76.6,4.58,0.83,24.4,42.64,13.81,7.62,22.2,high_potential
C1085,26.7,73471.98,5.36,183.99,74.3,4.02,0.93,24.6,51.19,11.16,7.24,22.3,high_potential
C1086,47.8,105859.99,9.89,384.74,73.0,2.56,0.79,38.0,38.05,11.78,7.79,40.2,premium_repeaters
C1087,23.3,119048.69,8.1,372.68,81.9,2.49,0.56,38.5,22.35,12.39,5.57,43.2,premium_repeaters
C1088,34.7,113663.5,7.22,350.01,69.34,1.74,1.16,23.6,26.14,10.41,8.54,25.1,premium_repeaters
C1089,48.8,52806.09,7.25,92.07,81.94,1.32,2.66,30.1,65.61,10.99,6.28,30.4,loyal_midmarket
C1090,33.1,81448.44,5.69,151.34,73.37,3.39,1.0,35.1,48.22,10.07,6.17,43.2,loyal_midmarket
C1091,30.0,40423.87,3.95,64.15,50.13,8.64,0.37,24.8,93.69,7.62,2.56,22.3,value_seekers
C1092,48.9,142557.09,6.8,429.2,71.4,3.35,1.53,38.1,30.18,7.68,4.45,37.9,premium_repeaters
C1093,39.4,79001.19,6.67,217.16,65.26,2.42,0.0,62.7,58.74,6.46,4.82,65.8,loyal_midmarket
C1094,26.1,57689.97,4.16,70.91,30.28,6.71,1.55,26.3,80.49,4.85,1.0,28.1,value_seekers
C1095,29.0,125238.98,9.31,347.63,71.62,2.81,0.07,40.4,30.49,11.82,4.0,50.2,premium_repeaters
C1096,41.5,50732.85,5.02,235.06,76.91,7.92,1.21,31.9,42.77,10.52,9.26,33.1,loyal_midmarket
C1097,46.2,40862.89,4.83,50.3,77.26,7.07,2.37,19.2,78.02,9.61,6.04,24.7,value_seekers
C1098,40.9,88679.6,4.67,265.73,80.32,4.69,1.3,3.7,39.85,11.87,9.34,10.1,high_potential
C1099,45.4,101019.1,4.26,204.4,77.68,4.08,1.77,10.2,49.16,10.02,6.95,11.0,high_potential
C1100,49.1,49307.99,3.0,63.28,58.81,9.0,2.61,18.6,99.44,9.34,4.57,17.7,value_seekers
C1101,41.3,37912.86,2.09,82.85,51.54,7.83,0.92,4.9,98.89,8.29,7.75,3.6,value_seekers
C1102,20.0,79445.55,2.86,272.83,49.51,4.63,0.52,26.6,56.56,9.37,3.32,28.2,loyal_midmarket
C1103,28.7,92974.87,7.29,321.39,73.24,1.96,1.16,49.1,19.47,8.53,6.91,51.7,premium_repeaters
C1104,38.4,110020.7,4.73,161.46,77.53,4.52,0.92,21.3,52.91,15.2,8.73,23.1,high_potential
C1105,48.6,49501.92,3.63,64.86,58.53,8.36,1.34,12.5,74.27,8.72,5.26,17.3,value_seekers
C1106,52.1,105747.96,4.3,262.29,72.06,2.34,1.04,51.7,26.97,10.02,6.48,50.6,premium_repeaters
C1107,43.0,51829.68,3.61,93.34,25.14,5.75,2.68,1.5,92.74,1.93,4.94,1.0,value_seekers
C1108,37.0,88936.87,6.06,184.71,61.54,5.24,0.8,33.2,70.29,6.06,5.77,31.0,loyal_midmarket
C1109,39.7,76586.57,5.07,145.22,80.21,3.1,1.02,15.6,63.18,12.58,9.29,25.4,high_potential
C1110,51.5,40120.82,3.85,120.47,55.86,9.33,1.54,13.0,91.1,6.49,3.81,12.7,value_seekers
C1111,41.2,49467.31,2.57,110.44,51.55,6.64,3.05,5.2,95.28,10.55,6.05,1.0,value_seekers
C1112,28.2,66861.46,5.04,125.08,92.15,3.34,0.44,36.7,39.26,14.09,7.84,42.7,loyal_midmarket
C1113,45.7,118329.52,6.84,336.59,71.91,2.75,0.59,33.3,36.35,7.88,6.32,31.6,premium_repeaters
C1114,46.5,120329.31,3.67,203.55,74.8,4.63,0.77,26.1,50.54,12.47,9.02,30.4,high_potential
C1115,43.6,107965.66,7.36,258.69,67.97,6.16,1.36,31.4,36.33,10.74,5.88,30.7,high_potential
C1116,39.0,46315.22,2.09,109.83,47.47,8.38,3.36,11.7,84.74,11.23,4.41,14.5,value_seekers
C1117,37.3,36894.48,5.37,82.31,25.74,6.15,0.8,3.2,79.1,4.94,3.16,9.9,value_seekers
C1118,41.2,101922.22,8.83,416.52,81.16,4.05,0.27,54.7,42.25,11.27,6.79,54.3,premium_repeaters
C1119,36.1,38755.95,4.15,96.99,57.05,8.93,1.11,11.0,77.5,12.06,6.36,20.2,value_seekers
C1120,37.9,89781.46,3.3,218.8,66.89,7.41,0.2,20.7,37.26,11.6,6.0,25.4,high_potential
C1121,27.1,131701.9,6.51,353.5,86.02,3.93,0.64,38.7,36.13,13.49,7.2,36.9,premium_repeaters
C1122,39.1,28922.48,4.85,62.51,42.61,6.45,1.56,8.7,87.71,4.87,6.86,14.6,value_seekers
C1123,28.3,59430.27,3.06,280.12,78.27,5.35,1.22,22.0,49.0,12.5,9.11,27.3,high_potential
C1124,45.6,57878.17,3.83,59.31,66.27,5.45,2.07,12.5,78.55,10.49,4.88,15.4,value_seekers
C1125,42.5,69911.1,5.28,173.03,66.81,8.32,1.04,12.7,66.56,8.67,4.75,14.2,loyal_midmarket
C1126,28.8,95256.58,6.26,119.18,71.28,7.17,1.29,25.0,45.08,10.04,4.13,33.1,loyal_midmarket
C1127,40.4,76609.61,6.37,164.29,57.8,3.08,1.85,36.5,58.31,7.32,4.97,39.8,loyal_midmarket
C1128,50.8,138968.41,9.62,272.78,76.33,4.59,1.84,63.4,21.63,12.99,8.04,65.6,premium_repeaters
C1129,28.8,95248.65,8.32,395.31,77.84,3.18,0.11,50.2,29.67,11.43,6.29,50.9,premium_repeaters
C1130,40.1,88040.16,2.88,263.98,74.14,3.04,0.0,25.2,51.58,12.31,7.01,30.7,high_potential
C1131,62.1,84186.79,4.34,226.84,86.57,4.64,1.74,20.6,49.81,15.72,6.75,29.2,high_potential
C1132,56.0,98306.19,6.1,172.04,46.41,5.59,0.55,38.1,43.55,11.19,2.79,42.3,loyal_midmarket
C1133,33.6,55942.61,1.7,95.2,37.42,6.88,1.39,8.5,71.92,7.67,3.82,11.0,value_seekers
C1134,30.2,138997.72,5.28,316.19,83.69,3.95,0.47,53.2,23.75,11.97,6.88,57.2,premium_repeaters
C1135,21.5,79646.97,3.62,194.17,83.9,5.19,1.48,21.6,39.88,10.64,6.58,19.9,high_potential
C1136,50.4,83772.24,7.36,257.42,60.36,7.88,2.15,31.7,58.26,8.35,4.61,33.4,loyal_midmarket
C1137,34.0,43679.54,6.28,155.15,57.25,5.76,0.33,42.1,58.35,5.8,6.25,43.8,loyal_midmarket
C1138,42.1,74248.37,6.51,197.57,61.58,2.27,1.77,40.9,49.18,11.07,4.81,47.9,loyal_midmarket
C1139,37.9,28601.15,2.18,82.21,62.55,6.18,1.32,10.3,77.75,11.1,5.48,7.2,value_seekers
C1140,38.0,162624.42,5.74,427.44,89.13,2.96,0.7,30.9,20.72,9.53,11.31,33.0,premium_repeaters
C1141,40.3,68885.8,6.28,158.08,65.33,4.36,1.2,33.9,61.24,9.31,6.26,38.7,loyal_midmarket
C1142,32.4,113656.5,9.0,357.74,76.74,3.26,0.85,42.4,27.55,12.62,9.47,47.4,premium_repeaters
C1143,30.4,78945.55,5.53,133.63,81.46,2.47,0.51,20.3,39.79,13.1,6.1,20.4,high_potential
C1144,28.6,87187.68,4.38,242.8,81.63,1.86,1.52,13.7,48.36,16.76,7.6,17.2,high_potential
C1145,47.3,66481.83,5.92,128.58,82.49,5.56,0.57,23.8,54.14,14.01,7.37,21.2,loyal_midmarket
C1146,47.6,60837.08,5.64,241.2,54.12,3.68,1.77,36.2,46.88,8.39,4.06,42.2,loyal_midmarket
C1147,57.6,109750.52,7.93,267.84,88.62,5.71,0.78,46.3,37.49,9.19,7.61,54.5,premium_repeaters
C1148,35.7,95510.32,4.26,281.31,88.66,3.49,0.92,12.8,44.05,10.89,4.4,18.6,high_potential
C1149,32.5,52745.48,4.97,157.05,69.87,3.06,0.47,24.7,43.96,11.36,4.97,24.3,loyal_midmarket
C1150,25.7,82636.05,4.2,242.36,72.61,6.48,0.42,17.7,40.24,13.84,5.41,19.4,high_potential
C1151,31.7,40852.91,2.19,53.52,35.55,6.88,1.48,12.6,68.81,2.36,2.73,16.7,value_seekers
C1152,34.7,92392.66,3.94,223.66,60.31,6.22,1.18,18.4,57.25,11.36,8.06,17.9,high_potential
C1153,37.9,35759.06,3.39,116.13,44.06,9.49,2.42,10.6,85.35,4.32,3.09,7.8,value_seekers
C1154,24.0,50356.68,4.46,108.75,50.28,9.03,2.02,16.4,85.8,5.13,6.12,15.3,value_seekers
C1155,24.4,91849.2,3.6,234.77,68.87,6.82,1.5,48.4,55.89,10.87,5.96,50.0,loyal_midmarket
C1156,20.0,47919.59,3.43,75.11,31.97,7.02,1.96,2.2,75.76,6.96,1.25,1.8,value_seekers
C1157,42.0,48328.44,6.35,126.34,46.6,10.15,0.7,4.6,82.23,5.52,4.51,10.9,value_seekers
C1158,48.3,43432.0,3.37,88.19,34.74,8.7,1.96,11.4,87.33,2.88,3.3,16.1,value_seekers
C1159,33.7,61062.82,6.32,148.24,80.77,6.41,1.89,44.5,51.56,11.21,5.45,53.5,loyal_midmarket
C1160,29.1,136134.4,7.72,422.83,79.94,3.47,1.66,23.5,23.32,13.17,6.49,16.8,premium_repeaters
C1161,31.0,50148.31,3.89,105.18,39.54,6.09,1.87,19.5,81.6,6.06,2.82,16.7,value_seekers
C1162,29.8,116708.67,7.14,315.56,80.35,4.22,1.88,51.1,40.75,11.45,8.51,46.7,premium_repeaters
C1163,41.8,98517.43,6.13,108.54,85.28,5.34,0.23,23.1,47.69,13.04,5.69,29.1,high_potential
C1164,42.1,40712.76,1.88,106.23,61.78,4.9,1.26,8.7,78.37,10.13,7.11,8.9,value_seekers
C1165,27.0,51915.83,2.38,124.65,62.59,11.88,1.67,9.5,74.13,10.64,7.52,11.5,value_seekers
C1166,44.2,80716.64,4.76,205.83,68.28,5.98,1.18,19.0,49.58,8.08,7.46,23.4,high_potential
C1167,32.9,91830.49,4.32,219.37,77.1,6.53,0.48,27.3,46.23,9.01,4.57,27.1,high_potential
C1168,32.2,80128.8,8.58,123.38,58.5,6.35,1.17,42.3,53.08,3.59,3.72,43.4,loyal_midmarket
C1169,51.6,102224.19,6.11,266.25,77.97,1.19,0.68,27.3,62.23,8.53,7.03,28.3,high_potential
C1170,27.4,42133.26,5.07,95.69,45.2,8.18,2.12,17.8,76.2,3.18,6.4,25.2,value_seekers
C1171,31.8,49071.86,5.5,214.01,68.0,2.63,1.46,34.7,52.06,8.55,9.59,36.5,loyal_midmarket
C1172,29.8,113679.69,6.94,310.21,92.22,1.37,1.08,39.1,16.61,11.44,8.75,42.4,premium_repeaters
C1173,55.3,57562.38,3.67,53.66,34.84,7.29,1.52,14.9,84.5,2.67,4.78,16.9,value_seekers
C1174,52.4,140734.44,7.85,326.45,82.98,3.23,0.0,48.8,35.14,12.31,7.89,47.8,premium_repeaters
C1175,33.8,73024.59,6.34,181.3,70.12,6.33,1.93,26.4,52.45,6.78,6.41,26.2,loyal_midmarket
C1176,56.8,126627.77,7.27,339.51,81.35,5.33,0.69,27.9,27.28,12.92,9.02,25.3,premium_repeaters
C1177,33.1,43613.59,6.69,201.12,65.33,3.84,0.85,30.7,51.28,11.71,4.24,31.3,loyal_midmarket
C1178,28.4,51011.3,7.65,173.28,64.12,4.8,1.33,28.8,58.55,4.73,7.47,29.6,loyal_midmarket
C1179,37.0,40415.21,4.17,101.91,51.6,7.98,2.11,8.2,72.63,10.22,5.22,7.5,value_seekers
C1180,34.3,35551.67,3.23,93.33,44.18,8.68,1.85,5.7,64.79,5.59,5.75,9.9,value_seekers
C1181,43.5,117156.04,9.54,403.35,86.41,1.94,0.91,56.7,30.18,16.18,6.75,53.1,premium_repeaters
C1182,29.0,24050.17,3.15,28.81,31.98,14.4,1.5,5.4,82.2,2.79,3.29,10.9,value_seekers
C1183,54.8,31676.47,6.1,102.59,43.25,7.27,1.36,9.4,75.69,1.92,2.3,9.2,value_seekers
C1184,34.1,50349.52,3.25,86.65,59.04,6.06,2.31,10.0,86.61,10.07,6.41,11.0,value_seekers
C1185,36.4,40511.15,3.03,129.98,52.07,7.02,1.28,20.1,82.92,8.11,4.65,22.6,value_seekers
C1186,47.2,106055.3,6.19,231.28,86.37,4.81,1.35,25.0,56.19,16.25,7.1,29.6,high_potential
C1187,44.2,70137.35,5.94,167.12,48.11,7.47,0.58,35.7,41.2,4.6,4.65,34.6,loyal_midmarket
C1188,52.6,77488.98,4.17,216.87,81.2,3.49,0.5,18.2,51.39,10.96,9.03,15.9,high_potential
C1189,24.9,59757.85,2.51,71.53,49.57,6.56,1.19,15.5,94.4,5.93,4.99,23.5,value_seekers
C1190,24.1,146635.31,7.99,323.64,83.75,3.27,1.16,39.5,34.89,9.15,7.53,37.5,premium_repeaters
C1191,36.8,53645.54,5.37,141.24,82.8,3.22,0.43,36.5,69.18,14.41,8.76,38.3,loyal_midmarket
C1192,20.0,77104.98,5.5,195.96,54.39,3.88,2.06,47.0,57.94,6.41,4.7,44.2,loyal_midmarket
C1193,21.2,69243.83,4.53,280.69,77.61,5.15,0.49,6.5,33.72,11.85,5.7,8.8,high_potential
C1194,52.8,90218.79,6.42,288.31,80.93,4.52,1.37,27.5,25.93,10.49,6.86,27.3,high_potential
C1195,48.6,92801.26,3.58,198.61,78.73,5.15,1.19,15.7,52.94,12.1,8.47,21.7,high_potential
C1196,31.0,49839.55,6.18,120.45,43.94,5.72,1.59,12.0,86.09,3.5,1.71,18.8,value_seekers
C1197,38.0,40783.96,2.66,58.54,37.36,6.1,1.81,10.3,77.69,8.28,3.6,16.3,value_seekers
C1198,37.7,122059.78,7.23,366.47,81.12,5.22,0.0,39.2,30.71,8.99,8.5,37.4,premium_repeaters
C1199,21.9,62916.89,4.09,209.98,72.59,4.79,0.65,32.9,64.94,9.11,6.56,28.6,loyal_midmarket
C1200,27.7,109066.75,8.46,399.89,80.23,4.23,1.04,42.1,17.65,11.16,7.62,38.7,premium_repeaters
